{"timestamp":"2026-07-30T10:16:59.779814Z","level":"INFO","fields":{"message":"python/3.11.15; huggingface_hub/1.25.1; hf_xet/1.5.2; , xet-core revision cb96dfe"},"filename":"/home/runner/work/xet-core/xet-core/xet_runtime/src/logging/init.rs","line_number":71}
{"timestamp":"2026-07-30T10:16:59.779882Z","level":"INFO","fields":{"message":"hf_xet logging configured."},"filename":"src/logging.rs","line_number":36}
{"timestamp":"2026-07-30T10:16:59.779967Z","level":"INFO","fields":{"message":"Config: min_spacing_between_global_dedup_queries = 256 (default)"},"filename":"/home/runner/work/xet-core/xet-core/xet_runtime/src/utils/configuration_utils.rs","line_number":53}
{"timestamp":"2026-07-30T10:16:59.779944Z","level":"INFO","fields":{"message":"starting log cleanup in \"/mnt/hdd1/TSFM/models/cache/huggingface/xet/logs\" (min_age=86400s, max_retention=1209600s, max_size=250MB bytes)"},"filename":"/home/runner/work/xet-core/xet-core/xet_runtime/src/logging/init.rs","line_number":253}
{"timestamp":"2026-07-30T10:16:59.779975Z","level":"INFO","fields":{"message":"Config: local_cas_scheme = \"local://\" (default)"},"filename":"/home/runner/work/xet-core/xet-core/xet_runtime/src/utils/configuration_utils.rs","line_number":53}
{"timestamp":"2026-07-30T10:16:59.779978Z","level":"INFO","fields":{"message":"Config: max_concurrent_file_ingestion = 8 (default)"},"filename":"/home/runner/work/xet-core/xet-core/xet_runtime/src/utils/configuration_utils.rs","line_number":53}
{"timestamp":"2026-07-30T10:16:59.779980Z","level":"INFO","fields":{"message":"Config: max_concurrent_file_downloads = 8 (default)"},"filename":"/home/runner/work/xet-core/xet-core/xet_runtime/src/utils/configuration_utils.rs","line_number":53}
{"timestamp":"2026-07-30T10:16:59.779983Z","level":"INFO","fields":{"message":"Config: ingestion_block_size = 8MB (default)"},"filename":"/home/runner/work/xet-core/xet-core/xet_runtime/src/utils/configuration_utils.rs","line_number":53}
{"timestamp":"2026-07-30T10:16:59.779986Z","level":"INFO","fields":{"message":"Config: progress_update_interval = 200ms (default)"},"filename":"/home/runner/work/xet-core/xet-core/xet_runtime/src/utils/configuration_utils.rs","line_number":53}
{"timestamp":"2026-07-30T10:16:59.779991Z","level":"INFO","fields":{"message":"Config: progress_update_speed_sampling_window = 10s (default)"},"filename":"/home/runner/work/xet-core/xet-core/xet_runtime/src/utils/configuration_utils.rs","line_number":53}
{"timestamp":"2026-07-30T10:16:59.779993Z","level":"INFO","fields":{"message":"Config: progress_update_speed_min_observations = 4 (default)"},"filename":"/home/runner/work/xet-core/xet-core/xet_runtime/src/utils/configuration_utils.rs","line_number":53}
{"timestamp":"2026-07-30T10:16:59.779995Z","level":"INFO","fields":{"message":"Config: session_xorb_metadata_flush_interval = 20s (default)"},"filename":"/home/runner/work/xet-core/xet-core/xet_runtime/src/utils/configuration_utils.rs","line_number":53}
{"timestamp":"2026-07-30T10:16:59.779998Z","level":"INFO","fields":{"message":"Config: session_xorb_metadata_flush_max_count = 64 (default)"},"filename":"/home/runner/work/xet-core/xet-core/xet_runtime/src/utils/configuration_utils.rs","line_number":53}
{"timestamp":"2026-07-30T10:16:59.780000Z","level":"INFO","fields":{"message":"Config: default_cas_endpoint = \"http://localhost:8080\" (default)"},"filename":"/home/runner/work/xet-core/xet-core/xet_runtime/src/utils/configuration_utils.rs","line_number":53}
{"timestamp":"2026-07-30T10:16:59.780004Z","level":"INFO","fields":{"message":"Config: aggregate_progress = true (default)"},"filename":"/home/runner/work/xet-core/xet-core/xet_runtime/src/utils/configuration_utils.rs","line_number":53}
{"timestamp":"2026-07-30T10:16:59.780006Z","level":"INFO","fields":{"message":"Config: default_prefix = \"default\" (default)"},"filename":"/home/runner/work/xet-core/xet-core/xet_runtime/src/utils/configuration_utils.rs","line_number":53}
{"timestamp":"2026-07-30T10:16:59.780009Z","level":"INFO","fields":{"message":"Config: staging_subdir = \"staging\" (default)"},"filename":"/home/runner/work/xet-core/xet-core/xet_runtime/src/utils/configuration_utils.rs","line_number":53}
{"timestamp":"2026-07-30T10:16:59.780012Z","level":"INFO","fields":{"message":"Config: target_size = 67108864 (default)"},"filename":"/home/runner/work/xet-core/xet-core/xet_runtime/src/utils/configuration_utils.rs","line_number":53}
{"timestamp":"2026-07-30T10:16:59.780015Z","level":"INFO","fields":{"message":"Config: max_target_size = 67108864 (default)"},"filename":"/home/runner/work/xet-core/xet-core/xet_runtime/src/utils/configuration_utils.rs","line_number":53}
{"timestamp":"2026-07-30T10:16:59.780017Z","level":"INFO","fields":{"message":"Config: cache_size_limit = 16GB (default)"},"filename":"/home/runner/work/xet-core/xet-core/xet_runtime/src/utils/configuration_utils.rs","line_number":53}
{"timestamp":"2026-07-30T10:16:59.780019Z","level":"INFO","fields":{"message":"Config: chunk_index_table_max_size = 67108864 (default)"},"filename":"/home/runner/work/xet-core/xet-core/xet_runtime/src/utils/configuration_utils.rs","line_number":53}
{"timestamp":"2026-07-30T10:16:59.780020Z","level":"INFO","fields":{"message":"Config: cache_subdir = \"shard-cache\" (default)"},"filename":"/home/runner/work/xet-core/xet-core/xet_runtime/src/utils/configuration_utils.rs","line_number":53}
{"timestamp":"2026-07-30T10:16:59.780026Z","level":"INFO","fields":{"message":"Config: nranges_in_streaming_fragmentation_estimator = 128 (default)"},"filename":"/home/runner/work/xet-core/xet-core/xet_runtime/src/utils/configuration_utils.rs","line_number":53}
{"timestamp":"2026-07-30T10:16:59.780030Z","level":"INFO","fields":{"message":"Config: min_n_chunks_per_range_hysteresis_factor = 0.5 (default)"},"filename":"/home/runner/work/xet-core/xet-core/xet_runtime/src/utils/configuration_utils.rs","line_number":53}
{"timestamp":"2026-07-30T10:16:59.780037Z","level":"INFO","fields":{"message":"Config: min_n_chunks_per_range = 8.0 (default)"},"filename":"/home/runner/work/xet-core/xet-core/xet_runtime/src/utils/configuration_utils.rs","line_number":53}
{"timestamp":"2026-07-30T10:16:59.780041Z","level":"INFO","fields":{"message":"Config: global_dedup_query_enabled = true (default)"},"filename":"/home/runner/work/xet-core/xet-core/xet_runtime/src/utils/configuration_utils.rs","line_number":53}
{"timestamp":"2026-07-30T10:16:59.780043Z","level":"INFO","fields":{"message":"Config: size_bytes = 0 (default)"},"filename":"/home/runner/work/xet-core/xet-core/xet_runtime/src/utils/configuration_utils.rs","line_number":53}
{"timestamp":"2026-07-30T10:16:59.780048Z","level":"INFO","fields":{"message":"Config: retry_max_attempts = 5 (default)"},"filename":"/home/runner/work/xet-core/xet-core/xet_runtime/src/utils/configuration_utils.rs","line_number":53}
{"timestamp":"2026-07-30T10:16:59.780050Z","level":"INFO","fields":{"message":"Config: retry_base_delay = 3s (default)"},"filename":"/home/runner/work/xet-core/xet-core/xet_runtime/src/utils/configuration_utils.rs","line_number":53}
{"timestamp":"2026-07-30T10:16:59.780054Z","level":"INFO","fields":{"message":"Config: retry_max_duration = 360s (default)"},"filename":"/home/runner/work/xet-core/xet-core/xet_runtime/src/utils/configuration_utils.rs","line_number":53}
{"timestamp":"2026-07-30T10:16:59.780056Z","level":"INFO","fields":{"message":"Config: idle_connection_timeout = 60s (default)"},"filename":"/home/runner/work/xet-core/xet-core/xet_runtime/src/utils/configuration_utils.rs","line_number":53}
{"timestamp":"2026-07-30T10:16:59.780060Z","level":"INFO","fields":{"message":"Config: max_idle_connections = 16 (default)"},"filename":"/home/runner/work/xet-core/xet-core/xet_runtime/src/utils/configuration_utils.rs","line_number":53}
{"timestamp":"2026-07-30T10:16:59.780062Z","level":"INFO","fields":{"message":"Config: connect_timeout = 60s (default)"},"filename":"/home/runner/work/xet-core/xet-core/xet_runtime/src/utils/configuration_utils.rs","line_number":53}
{"timestamp":"2026-07-30T10:16:59.780066Z","level":"INFO","fields":{"message":"Config: read_timeout = 300s (default)"},"filename":"/home/runner/work/xet-core/xet-core/xet_runtime/src/utils/configuration_utils.rs","line_number":53}
{"timestamp":"2026-07-30T10:16:59.780070Z","level":"INFO","fields":{"message":"Config: upload_reporting_block_size = 524288 (default)"},"filename":"/home/runner/work/xet-core/xet-core/xet_runtime/src/utils/configuration_utils.rs","line_number":53}
{"timestamp":"2026-07-30T10:16:59.780073Z","level":"INFO","fields":{"message":"Config: enable_adaptive_concurrency = true (default)"},"filename":"/home/runner/work/xet-core/xet-core/xet_runtime/src/utils/configuration_utils.rs","line_number":53}
{"timestamp":"2026-07-30T10:16:59.780075Z","level":"INFO","fields":{"message":"Config: ac_min_adjustment_window_ms = 500 (default)"},"filename":"/home/runner/work/xet-core/xet-core/xet_runtime/src/utils/configuration_utils.rs","line_number":53}
{"timestamp":"2026-07-30T10:16:59.780078Z","level":"INFO","fields":{"message":"Config: ac_min_bytes_required_for_adjustment = 20MB (default)"},"filename":"/home/runner/work/xet-core/xet-core/xet_runtime/src/utils/configuration_utils.rs","line_number":53}
{"timestamp":"2026-07-30T10:16:59.780082Z","level":"INFO","fields":{"message":"Config: ac_num_transmissions_required_for_adjustment = 1 (default)"},"filename":"/home/runner/work/xet-core/xet-core/xet_runtime/src/utils/configuration_utils.rs","line_number":53}
{"timestamp":"2026-07-30T10:16:59.780084Z","level":"INFO","fields":{"message":"Config: ac_latency_rtt_half_life = 64.0 (default)"},"filename":"/home/runner/work/xet-core/xet-core/xet_runtime/src/utils/configuration_utils.rs","line_number":53}
{"timestamp":"2026-07-30T10:16:59.780088Z","level":"INFO","fields":{"message":"Config: ac_success_tracking_half_life = 8.0 (default)"},"filename":"/home/runner/work/xet-core/xet-core/xet_runtime/src/utils/configuration_utils.rs","line_number":53}
{"timestamp":"2026-07-30T10:16:59.780090Z","level":"INFO","fields":{"message":"Config: ac_target_rtt = 60s (default)"},"filename":"/home/runner/work/xet-core/xet-core/xet_runtime/src/utils/configuration_utils.rs","line_number":53}
{"timestamp":"2026-07-30T10:16:59.780093Z","level":"INFO","fields":{"message":"Config: ac_max_healthy_rtt = 90s (default)"},"filename":"/home/runner/work/xet-core/xet-core/xet_runtime/src/utils/configuration_utils.rs","line_number":53}
{"timestamp":"2026-07-30T10:16:59.780095Z","level":"INFO","fields":{"message":"Config: ac_rtt_success_max_quantile = 0.95 (default)"},"filename":"/home/runner/work/xet-core/xet-core/xet_runtime/src/utils/configuration_utils.rs","line_number":53}
{"timestamp":"2026-07-30T10:16:59.780097Z","level":"INFO","fields":{"message":"Config: ac_healthy_success_ratio_threshold = 0.8 (default)"},"filename":"/home/runner/work/xet-core/xet-core/xet_runtime/src/utils/configuration_utils.rs","line_number":53}
{"timestamp":"2026-07-30T10:16:59.780102Z","level":"INFO","fields":{"message":"Config: ac_unhealthy_success_ratio_threshold = 0.5 (default)"},"filename":"/home/runner/work/xet-core/xet-core/xet_runtime/src/utils/configuration_utils.rs","line_number":53}
{"timestamp":"2026-07-30T10:16:59.780104Z","level":"INFO","fields":{"message":"Config: ac_max_reference_transmission_size = 64MB (default)"},"filename":"/home/runner/work/xet-core/xet-core/xet_runtime/src/utils/configuration_utils.rs","line_number":53}
{"timestamp":"2026-07-30T10:16:59.780107Z","level":"INFO","fields":{"message":"Config: ac_min_reference_transmission_size = 1MB (default)"},"filename":"/home/runner/work/xet-core/xet-core/xet_runtime/src/utils/configuration_utils.rs","line_number":53}
{"timestamp":"2026-07-30T10:16:59.780109Z","level":"INFO","fields":{"message":"Config: ac_logging_interval_ms = 10000 (default)"},"filename":"/home/runner/work/xet-core/xet-core/xet_runtime/src/utils/configuration_utils.rs","line_number":53}
{"timestamp":"2026-07-30T10:16:59.780112Z","level":"INFO","fields":{"message":"Config: ac_max_upload_concurrency = 64 (default)"},"filename":"/home/runner/work/xet-core/xet-core/xet_runtime/src/utils/configuration_utils.rs","line_number":53}
{"timestamp":"2026-07-30T10:16:59.780114Z","level":"INFO","fields":{"message":"Config: ac_min_upload_concurrency = 1 (default)"},"filename":"/home/runner/work/xet-core/xet-core/xet_runtime/src/utils/configuration_utils.rs","line_number":53}
{"timestamp":"2026-07-30T10:16:59.780119Z","level":"INFO","fields":{"message":"Config: ac_initial_upload_concurrency = 2 (default)"},"filename":"/home/runner/work/xet-core/xet-core/xet_runtime/src/utils/configuration_utils.rs","line_number":53}
{"timestamp":"2026-07-30T10:16:59.780121Z","level":"INFO","fields":{"message":"Config: ac_max_download_concurrency = 64 (default)"},"filename":"/home/runner/work/xet-core/xet-core/xet_runtime/src/utils/configuration_utils.rs","line_number":53}
{"timestamp":"2026-07-30T10:16:59.780123Z","level":"INFO","fields":{"message":"Config: ac_min_download_concurrency = 1 (default)"},"filename":"/home/runner/work/xet-core/xet-core/xet_runtime/src/utils/configuration_utils.rs","line_number":53}
{"timestamp":"2026-07-30T10:16:59.780125Z","level":"INFO","fields":{"message":"Config: ac_initial_download_concurrency = 4 (default)"},"filename":"/home/runner/work/xet-core/xet-core/xet_runtime/src/utils/configuration_utils.rs","line_number":53}
{"timestamp":"2026-07-30T10:16:59.780127Z","level":"INFO","fields":{"message":"Config: unix_socket_path = None (default)"},"filename":"/home/runner/work/xet-core/xet-core/xet_runtime/src/utils/configuration_utils.rs","line_number":53}
{"timestamp":"2026-07-30T10:16:59.780130Z","level":"INFO","fields":{"message":"Config: reconstruction_api_version = None (default)"},"filename":"/home/runner/work/xet-core/xet-core/xet_runtime/src/utils/configuration_utils.rs","line_number":53}
{"timestamp":"2026-07-30T10:16:59.780133Z","level":"INFO","fields":{"message":"Config: enable_multirange_fetching = false (default)"},"filename":"/home/runner/work/xet-core/xet-core/xet_runtime/src/utils/configuration_utils.rs","line_number":53}
{"timestamp":"2026-07-30T10:16:59.780136Z","level":"INFO","fields":{"message":"Config: dest = None (default)"},"filename":"/home/runner/work/xet-core/xet-core/xet_runtime/src/utils/configuration_utils.rs","line_number":53}
{"timestamp":"2026-07-30T10:16:59.780138Z","level":"INFO","fields":{"message":"Config: format = None (default)"},"filename":"/home/runner/work/xet-core/xet-core/xet_runtime/src/utils/configuration_utils.rs","line_number":53}
{"timestamp":"2026-07-30T10:16:59.780143Z","level":"INFO","fields":{"message":"Config: prefix = \"xet\" (default)"},"filename":"/home/runner/work/xet-core/xet-core/xet_runtime/src/utils/configuration_utils.rs","line_number":53}
{"timestamp":"2026-07-30T10:16:59.780147Z","level":"INFO","fields":{"message":"Config: dir_disable_cleanup = false (default)"},"filename":"/home/runner/work/xet-core/xet-core/xet_runtime/src/utils/configuration_utils.rs","line_number":53}
{"timestamp":"2026-07-30T10:16:59.780149Z","level":"INFO","fields":{"message":"Config: dir_max_size = 250MB (default)"},"filename":"/home/runner/work/xet-core/xet-core/xet_runtime/src/utils/configuration_utils.rs","line_number":53}
{"timestamp":"2026-07-30T10:16:59.780151Z","level":"INFO","fields":{"message":"Config: dir_min_deletion_age = 86400s (default)"},"filename":"/home/runner/work/xet-core/xet-core/xet_runtime/src/utils/configuration_utils.rs","line_number":53}
{"timestamp":"2026-07-30T10:16:59.780154Z","level":"INFO","fields":{"message":"Config: dir_max_retention_age = 1209600s (default)"},"filename":"/home/runner/work/xet-core/xet-core/xet_runtime/src/utils/configuration_utils.rs","line_number":53}
{"timestamp":"2026-07-30T10:16:59.780156Z","level":"INFO","fields":{"message":"Config: min_reconstruction_fetch_size = 256MB (default)"},"filename":"/home/runner/work/xet-core/xet-core/xet_runtime/src/utils/configuration_utils.rs","line_number":53}
{"timestamp":"2026-07-30T10:16:59.780159Z","level":"INFO","fields":{"message":"Config: max_reconstruction_fetch_size = 8GB (default)"},"filename":"/home/runner/work/xet-core/xet-core/xet_runtime/src/utils/configuration_utils.rs","line_number":53}
{"timestamp":"2026-07-30T10:16:59.780162Z","level":"INFO","fields":{"message":"Config: download_buffer_size = 2GB (default)"},"filename":"/home/runner/work/xet-core/xet-core/xet_runtime/src/utils/configuration_utils.rs","line_number":53}
{"timestamp":"2026-07-30T10:16:59.780165Z","level":"INFO","fields":{"message":"Config: download_buffer_perfile_size = 512MB (default)"},"filename":"/home/runner/work/xet-core/xet-core/xet_runtime/src/utils/configuration_utils.rs","line_number":53}
{"timestamp":"2026-07-30T10:16:59.780169Z","level":"INFO","fields":{"message":"Config: download_buffer_limit = 8GB (default)"},"filename":"/home/runner/work/xet-core/xet-core/xet_runtime/src/utils/configuration_utils.rs","line_number":53}
{"timestamp":"2026-07-30T10:16:59.780172Z","level":"INFO","fields":{"message":"Config: completion_rate_estimator_half_life = 4.0 (default)"},"filename":"/home/runner/work/xet-core/xet-core/xet_runtime/src/utils/configuration_utils.rs","line_number":53}
{"timestamp":"2026-07-30T10:16:59.780173Z","level":"INFO","fields":{"message":"Config: target_block_completion_time = 900s (default)"},"filename":"/home/runner/work/xet-core/xet-core/xet_runtime/src/utils/configuration_utils.rs","line_number":53}
{"timestamp":"2026-07-30T10:16:59.780176Z","level":"INFO","fields":{"message":"Config: min_prefetch_buffer = 1GB (default)"},"filename":"/home/runner/work/xet-core/xet-core/xet_runtime/src/utils/configuration_utils.rs","line_number":53}
{"timestamp":"2026-07-30T10:16:59.780178Z","level":"INFO","fields":{"message":"Config: use_vectored_write = true (default)"},"filename":"/home/runner/work/xet-core/xet-core/xet_runtime/src/utils/configuration_utils.rs","line_number":53}
{"timestamp":"2026-07-30T10:16:59.780190Z","level":"INFO","fields":{"message":"Config: compression_scheme_retest_interval = 32 (default)"},"filename":"/home/runner/work/xet-core/xet-core/xet_runtime/src/utils/configuration_utils.rs","line_number":53}
{"timestamp":"2026-07-30T10:16:59.780194Z","level":"INFO","fields":{"message":"Config: compression_policy = \"auto\" (default)"},"filename":"/home/runner/work/xet-core/xet-core/xet_runtime/src/utils/config_enum.rs","line_number":174}
{"timestamp":"2026-07-30T10:16:59.780198Z","level":"INFO","fields":{"message":"Config: simulation_max_bytes = None (default)"},"filename":"/home/runner/work/xet-core/xet-core/xet_runtime/src/utils/configuration_utils.rs","line_number":53}
{"timestamp":"2026-07-30T10:16:59.780201Z","level":"INFO","fields":{"message":"Config: simulation_max_chunks = None (default)"},"filename":"/home/runner/work/xet-core/xet-core/xet_runtime/src/utils/configuration_utils.rs","line_number":53}
{"timestamp":"2026-07-30T10:16:59.780211Z","level":"INFO","fields":{"message":"Config: dir_name = \"shard-session\" (default)"},"filename":"/home/runner/work/xet-core/xet-core/xet_runtime/src/utils/configuration_utils.rs","line_number":53}
{"timestamp":"2026-07-30T10:16:59.780214Z","level":"INFO","fields":{"message":"Config: enabled = false (default)"},"filename":"/home/runner/work/xet-core/xet-core/xet_runtime/src/utils/configuration_utils.rs","line_number":53}
{"timestamp":"2026-07-30T10:16:59.780217Z","level":"INFO","fields":{"message":"Config: sample_interval = 5s (default)"},"filename":"/home/runner/work/xet-core/xet-core/xet_runtime/src/utils/configuration_utils.rs","line_number":53}
{"timestamp":"2026-07-30T10:16:59.780219Z","level":"INFO","fields":{"message":"Config: log_path = None (default)"},"filename":"/home/runner/work/xet-core/xet-core/xet_runtime/src/utils/configuration_utils.rs","line_number":53}
{"timestamp":"2026-07-30T10:16:59.780354Z","level":"INFO","fields":{"message":"Using 32 async threads for tokio runtime"},"filename":"/home/runner/work/xet-core/xet-core/xet_runtime/src/core/runtime/native.rs","line_number":63}
{"timestamp":"2026-07-30T10:16:59.782888Z","level":"INFO","fields":{"message":"Session created, session_id=019fb287-0086-7282-95db-0127299f6ab8"},"filename":"/home/runner/work/xet-core/xet-core/xet_pkg/src/xet_session/session.rs","line_number":192}
{"timestamp":"2026-07-30T10:16:59.783054Z","level":"INFO","fields":{"message":"CAS auth disabled","caller":"/home/runner/work/xet-core/xet-core/xet_client/src/common/http_client.rs:166"},"filename":"/home/runner/work/xet-core/xet-core/xet_runtime/src/error_printer/mod.rs","line_number":198}
{"timestamp":"2026-07-30T10:16:59.783168Z","level":"INFO","fields":{"message":"CAS auth disabled","caller":"/home/runner/work/xet-core/xet-core/xet_client/src/common/http_client.rs:166"},"filename":"/home/runner/work/xet-core/xet-core/xet_runtime/src/error_printer/mod.rs","line_number":198}
{"timestamp":"2026-07-30T10:16:59.934047Z","level":"INFO","fields":{"message":"HTTP client configured","idle_timeout":"60s","max_idle_connections":16,"custom_headers":"Some({\"user-agent\": \"unknown/None; hf_hub/1.25.1; python/3.11.15; agent/codex\"})"},"filename":"/home/runner/work/xet-core/xet-core/xet_client/src/common/http_client.rs","line_number":187}
{"timestamp":"2026-07-30T10:16:59.934074Z","level":"INFO","fields":{"message":"Retry strategy","retry":"RetryWrapper { max_attempts: 5, base_delay: 3s, max_duration: 360s, no_retry_on_429: false, retry_on_403: false, expected_416: false, expected_404: false, log_errors_as_info: false, api_tag: \"xet-token\", has_connection_permit: false }"},"filename":"/home/runner/work/xet-core/xet-core/xet_client/src/cas_client/retry_wrapper.rs","line_number":274}
{"timestamp":"2026-07-30T10:16:59.934096Z","level":"INFO","fields":{"message":"HTTP client configured","idle_timeout":"60s","max_idle_connections":16,"custom_headers":"Some({\"user-agent\": \"unknown/None; hf_hub/1.25.1; python/3.11.15; agent/codex\"})"},"filename":"/home/runner/work/xet-core/xet-core/xet_client/src/common/http_client.rs","line_number":187}
{"timestamp":"2026-07-30T10:16:59.934116Z","level":"INFO","fields":{"message":"Retry strategy","retry":"RetryWrapper { max_attempts: 5, base_delay: 3s, max_duration: 360s, no_retry_on_429: false, retry_on_403: false, expected_416: false, expected_404: false, log_errors_as_info: false, api_tag: \"xet-token\", has_connection_permit: false }"},"filename":"/home/runner/work/xet-core/xet-core/xet_client/src/cas_client/retry_wrapper.rs","line_number":274}
{"timestamp":"2026-07-30T10:17:00.093436Z","level":"INFO","fields":{"message":"CAS auth disabled","caller":"/home/runner/work/xet-core/xet-core/xet_client/src/common/http_client.rs:166"},"filename":"/home/runner/work/xet-core/xet-core/xet_runtime/src/error_printer/mod.rs","line_number":198}
{"timestamp":"2026-07-30T10:17:00.093465Z","level":"INFO","fields":{"message":"HTTP client configured","idle_timeout":"60s","max_idle_connections":16,"custom_headers":"Some({\"user-agent\": \"unknown/None; hf_hub/1.25.1; python/3.11.15; agent/codex\"})"},"filename":"/home/runner/work/xet-core/xet-core/xet_client/src/common/http_client.rs","line_number":187}
{"timestamp":"2026-07-30T10:17:00.093477Z","level":"INFO","fields":{"message":"Retry strategy","retry":"RetryWrapper { max_attempts: 5, base_delay: 3s, max_duration: 360s, no_retry_on_429: false, retry_on_403: false, expected_416: false, expected_404: false, log_errors_as_info: false, api_tag: \"xet-token\", has_connection_permit: false }"},"filename":"/home/runner/work/xet-core/xet-core/xet_client/src/cas_client/retry_wrapper.rs","line_number":274}
{"timestamp":"2026-07-30T10:17:00.216512Z","level":"INFO","fields":{"message":"Received CAS response","request_id":"Root=1-6a6b249c-031c176f033fd0651239e5a6","status_code":200},"filename":"/home/runner/work/xet-core/xet-core/xet_client/src/common/http_client.rs","line_number":288}
{"timestamp":"2026-07-30T10:17:00.216546Z","level":"INFO","fields":{"message":"Request Success: xet-token api call succeeded (request id Root=1-6a6b249c-031c176f033fd0651239e5a6)."},"filename":"/home/runner/work/xet-core/xet-core/xet_client/src/cas_client/retry_wrapper.rs","line_number":237}
{"timestamp":"2026-07-30T10:17:00.216673Z","level":"INFO","fields":{"message":"TranslatorConfig initialized","endpoint":"https://cas-server.xethub.hf.co","session_id":"Some(\"019fb287-0238-74c1-98d0-ce8be0afc303\")","shard_cache":"/mnt/hdd1/TSFM/models/cache/huggingface/xet/https___cas_serv-tGqkUaZf_CBPHQ6h/shard-cache","shard_session":"/mnt/hdd1/TSFM/models/cache/huggingface/xet/https___cas_serv-tGqkUaZf_CBPHQ6h/staging/shard-session"},"filename":"/home/runner/work/xet-core/xet-core/xet_data/src/processing/configurations.rs","line_number":127}
{"timestamp":"2026-07-30T10:17:00.216754Z","level":"INFO","fields":{"message":"Received CAS response","request_id":"Root=1-6a6b249c-22d86ee14eb9565e0db0af30","status_code":200},"filename":"/home/runner/work/xet-core/xet-core/xet_client/src/common/http_client.rs","line_number":288}
{"timestamp":"2026-07-30T10:17:00.216775Z","level":"INFO","fields":{"message":"Request Success: xet-token api call succeeded (request id Root=1-6a6b249c-22d86ee14eb9565e0db0af30)."},"filename":"/home/runner/work/xet-core/xet-core/xet_client/src/cas_client/retry_wrapper.rs","line_number":237}
{"timestamp":"2026-07-30T10:17:00.216871Z","level":"INFO","fields":{"message":"TranslatorConfig initialized","endpoint":"https://cas-server.xethub.hf.co","session_id":"Some(\"019fb287-0238-74c1-98d0-ce97175da24e\")","shard_cache":"/mnt/hdd1/TSFM/models/cache/huggingface/xet/https___cas_serv-tGqkUaZf_CBPHQ6h/shard-cache","shard_session":"/mnt/hdd1/TSFM/models/cache/huggingface/xet/https___cas_serv-tGqkUaZf_CBPHQ6h/staging/shard-session"},"filename":"/home/runner/work/xet-core/xet-core/xet_data/src/processing/configurations.rs","line_number":127}
{"timestamp":"2026-07-30T10:17:00.276777Z","level":"INFO","fields":{"message":"HTTP client configured","idle_timeout":"60s","max_idle_connections":16,"custom_headers":"Some({\"user-agent\": \"unknown/None; hf_hub/1.25.1; python/3.11.15; agent/codex; hf_xet/1.5.2\"})"},"filename":"/home/runner/work/xet-core/xet-core/xet_client/src/common/http_client.rs","line_number":187}
{"timestamp":"2026-07-30T10:17:00.276820Z","level":"INFO","fields":{"message":"CAS auth disabled","caller":"/home/runner/work/xet-core/xet-core/xet_client/src/common/http_client.rs:166"},"filename":"/home/runner/work/xet-core/xet-core/xet_runtime/src/error_printer/mod.rs","line_number":198}
{"timestamp":"2026-07-30T10:17:00.276832Z","level":"INFO","fields":{"message":"HTTP client configured","idle_timeout":"60s","max_idle_connections":16,"custom_headers":"Some({\"user-agent\": \"unknown/None; hf_hub/1.25.1; python/3.11.15; agent/codex; hf_xet/1.5.2\"})"},"filename":"/home/runner/work/xet-core/xet-core/xet_client/src/common/http_client.rs","line_number":187}
{"timestamp":"2026-07-30T10:17:00.276840Z","level":"INFO","fields":{"message":"HTTP client configured","idle_timeout":"60s","max_idle_connections":16,"custom_headers":"Some({\"user-agent\": \"unknown/None; hf_hub/1.25.1; python/3.11.15; agent/codex; hf_xet/1.5.2\"})"},"filename":"/home/runner/work/xet-core/xet-core/xet_client/src/common/http_client.rs","line_number":187}
{"timestamp":"2026-07-30T10:17:00.276862Z","level":"INFO","fields":{"message":"CAS auth disabled","caller":"/home/runner/work/xet-core/xet-core/xet_client/src/common/http_client.rs:166"},"filename":"/home/runner/work/xet-core/xet-core/xet_runtime/src/error_printer/mod.rs","line_number":198}
{"timestamp":"2026-07-30T10:17:00.276872Z","level":"INFO","fields":{"message":"HTTP client configured","idle_timeout":"60s","max_idle_connections":16,"custom_headers":"Some({\"user-agent\": \"unknown/None; hf_hub/1.25.1; python/3.11.15; agent/codex; hf_xet/1.5.2\"})"},"filename":"/home/runner/work/xet-core/xet-core/xet_client/src/common/http_client.rs","line_number":187}
{"timestamp":"2026-07-30T10:17:00.288580Z","level":"INFO","fields":{"message":"No-read-timeout HTTP client configured (for shard uploads)","connect_timeout":"60s"},"filename":"/home/runner/work/xet-core/xet-core/xet_client/src/common/http_client.rs","line_number":136}
{"timestamp":"2026-07-30T10:17:00.288610Z","level":"INFO","fields":{"message":"Initializing Adaptive Concurrency Controller for upload with starting concurrency = 2; min = 1, max = 64, min_bytes_for_adjustment = 20000000, min_completed_transmissions_for_adjustment = 1"},"filename":"/home/runner/work/xet-core/xet-core/xet_client/src/cas_client/adaptive_concurrency/controller.rs","line_number":306}
{"timestamp":"2026-07-30T10:17:00.288621Z","level":"INFO","fields":{"message":"Initializing Adaptive Concurrency Controller for download with starting concurrency = 4; min = 1, max = 64, min_bytes_for_adjustment = 20000000, min_completed_transmissions_for_adjustment = 1"},"filename":"/home/runner/work/xet-core/xet-core/xet_client/src/cas_client/adaptive_concurrency/controller.rs","line_number":306}
{"timestamp":"2026-07-30T10:17:00.288706Z","level":"INFO","fields":{"message":"New file download group, session_id=019fb287-0086-7282-95db-0127299f6ab8, group_id=2"},"filename":"/home/runner/work/xet-core/xet-core/xet_pkg/src/xet_session/file_download_group.rs","line_number":61}
{"timestamp":"2026-07-30T10:17:00.288880Z","level":"INFO","fields":{"message":"Download file to path","group_id":"2","dest_path":"\"/mnt/hdd1/TSFM/dataset/raw/multi_domain/gift_eval/.cache/huggingface/download/LOOP_SEATTLE/H/ph-PwKzEizU51qoBvN-kh8yvA-U=.d1a309c06fdc72accb27d6611e0cb7a05b6c05aebf416c3ecdcef7850195f93e.95b5f837.incomplete\"","hash":"9f60dd2f8e10ca8d8ad00a288a2076ee2f298abda40129a9f81e8aaee78a0f58"},"filename":"/home/runner/work/xet-core/xet-core/xet_pkg/src/xet_session/file_download_group.rs","line_number":287}
{"timestamp":"2026-07-30T10:17:00.288994Z","level":"INFO","fields":{"message":"Reconstructing file to disk","file_hash":"9f60dd2f8e10ca8d8ad00a288a2076ee2f298abda40129a9f81e8aaee78a0f58","byte_range":"None","path":"/mnt/hdd1/TSFM/dataset/raw/multi_domain/gift_eval/.cache/huggingface/download/LOOP_SEATTLE/H/ph-PwKzEizU51qoBvN-kh8yvA-U=.d1a309c06fdc72accb27d6611e0cb7a05b6c05aebf416c3ecdcef7850195f93e.95b5f837.incomplete","write_offset":"None"},"filename":"/home/runner/work/xet-core/xet-core/xet_data/src/file_reconstruction/file_reconstructor.rs","line_number":126}
{"timestamp":"2026-07-30T10:17:00.289161Z","level":"INFO","fields":{"message":"Download group finish","group_id":"2"},"filename":"/home/runner/work/xet-core/xet-core/xet_pkg/src/xet_session/file_download_group.rs","line_number":306}
{"timestamp":"2026-07-30T10:17:00.289195Z","level":"INFO","fields":{"message":"Scheduling prefetch block","file_hash":"9f60dd2f8e10ca8d8ad00a288a2076ee2f298abda40129a9f81e8aaee78a0f58","prefetch_range":"(0, 256000000)","requested_block_size":256000000,"actual_block_size":256000000,"queue_depth":1},"filename":"/home/runner/work/xet-core/xet-core/xet_data/src/file_reconstruction/reconstruction_terms/manager.rs","line_number":277}
{"timestamp":"2026-07-30T10:17:00.289205Z","level":"INFO","fields":{"message":"Scheduling prefetch block","file_hash":"9f60dd2f8e10ca8d8ad00a288a2076ee2f298abda40129a9f81e8aaee78a0f58","prefetch_range":"(256000000, 768000000)","requested_block_size":512000000,"actual_block_size":512000000,"queue_depth":2},"filename":"/home/runner/work/xet-core/xet-core/xet_data/src/file_reconstruction/reconstruction_terms/manager.rs","line_number":277}
{"timestamp":"2026-07-30T10:17:00.289214Z","level":"INFO","fields":{"message":"Scheduling prefetch block","file_hash":"9f60dd2f8e10ca8d8ad00a288a2076ee2f298abda40129a9f81e8aaee78a0f58","prefetch_range":"(768000000, 1024000000)","requested_block_size":256000000,"actual_block_size":256000000,"queue_depth":3},"filename":"/home/runner/work/xet-core/xet-core/xet_data/src/file_reconstruction/reconstruction_terms/manager.rs","line_number":277}
{"timestamp":"2026-07-30T10:17:00.289241Z","level":"INFO","fields":{"message":"Starting get_reconstruction API call","call_id":1,"file_id":"9f60dd2f8e10ca8d8ad00a288a2076ee2f298abda40129a9f81e8aaee78a0f58","bytes_range":"Some(Range { start: 768000000, end: 1024000000 })","api_version":"v2"},"filename":"/home/runner/work/xet-core/xet-core/xet_client/src/cas_client/remote_client.rs","line_number":212}
{"timestamp":"2026-07-30T10:17:00.289247Z","level":"INFO","fields":{"message":"Retry strategy","retry":"RetryWrapper { max_attempts: 5, base_delay: 3s, max_duration: 360s, no_retry_on_429: false, retry_on_403: false, expected_416: true, expected_404: false, log_errors_as_info: false, api_tag: \"cas::get_reconstruction_v2\", has_connection_permit: false }"},"filename":"/home/runner/work/xet-core/xet-core/xet_client/src/cas_client/retry_wrapper.rs","line_number":274}
{"timestamp":"2026-07-30T10:17:00.289310Z","level":"INFO","fields":{"message":"Starting get_reconstruction API call","call_id":2,"file_id":"9f60dd2f8e10ca8d8ad00a288a2076ee2f298abda40129a9f81e8aaee78a0f58","bytes_range":"Some(Range { start: 0, end: 256000000 })","api_version":"v2"},"filename":"/home/runner/work/xet-core/xet-core/xet_client/src/cas_client/remote_client.rs","line_number":212}
{"timestamp":"2026-07-30T10:17:00.289322Z","level":"INFO","fields":{"message":"Starting get_reconstruction API call","call_id":3,"file_id":"9f60dd2f8e10ca8d8ad00a288a2076ee2f298abda40129a9f81e8aaee78a0f58","bytes_range":"Some(Range { start: 256000000, end: 768000000 })","api_version":"v2"},"filename":"/home/runner/work/xet-core/xet-core/xet_client/src/cas_client/remote_client.rs","line_number":212}
{"timestamp":"2026-07-30T10:17:00.289332Z","level":"INFO","fields":{"message":"Retry strategy","retry":"RetryWrapper { max_attempts: 5, base_delay: 3s, max_duration: 360s, no_retry_on_429: false, retry_on_403: false, expected_416: true, expected_404: false, log_errors_as_info: false, api_tag: \"cas::get_reconstruction_v2\", has_connection_permit: false }"},"filename":"/home/runner/work/xet-core/xet-core/xet_client/src/cas_client/retry_wrapper.rs","line_number":274}
{"timestamp":"2026-07-30T10:17:00.289327Z","level":"INFO","fields":{"message":"Retry strategy","retry":"RetryWrapper { max_attempts: 5, base_delay: 3s, max_duration: 360s, no_retry_on_429: false, retry_on_403: false, expected_416: true, expected_404: false, log_errors_as_info: false, api_tag: \"cas::get_reconstruction_v2\", has_connection_permit: false }"},"filename":"/home/runner/work/xet-core/xet-core/xet_client/src/cas_client/retry_wrapper.rs","line_number":274}
{"timestamp":"2026-07-30T10:17:00.289743Z","level":"INFO","fields":{"message":"No-read-timeout HTTP client configured (for shard uploads)","connect_timeout":"60s"},"filename":"/home/runner/work/xet-core/xet-core/xet_client/src/common/http_client.rs","line_number":136}
{"timestamp":"2026-07-30T10:17:00.289842Z","level":"INFO","fields":{"message":"New file download group, session_id=019fb287-0086-7282-95db-0127299f6ab8, group_id=1"},"filename":"/home/runner/work/xet-core/xet-core/xet_pkg/src/xet_session/file_download_group.rs","line_number":61}
{"timestamp":"2026-07-30T10:17:00.290734Z","level":"INFO","fields":{"message":"Download file to path","group_id":"1","dest_path":"\"/mnt/hdd1/TSFM/dataset/raw/multi_domain/gift_eval/.cache/huggingface/download/LOOP_SEATTLE/5T/ph-PwKzEizU51qoBvN-kh8yvA-U=.393f3aa3fb7fe37fea92599432a462b63b68734a977ee19efbd50cb9a8b9d928.8ad46f64.incomplete\"","hash":"7b11a6fc1924ae52cf9256d03bd74653dca29ab3f812d6bec5aaf8f049ff3f16"},"filename":"/home/runner/work/xet-core/xet-core/xet_pkg/src/xet_session/file_download_group.rs","line_number":287}
{"timestamp":"2026-07-30T10:17:00.290808Z","level":"INFO","fields":{"message":"Reconstructing file to disk","file_hash":"7b11a6fc1924ae52cf9256d03bd74653dca29ab3f812d6bec5aaf8f049ff3f16","byte_range":"None","path":"/mnt/hdd1/TSFM/dataset/raw/multi_domain/gift_eval/.cache/huggingface/download/LOOP_SEATTLE/5T/ph-PwKzEizU51qoBvN-kh8yvA-U=.393f3aa3fb7fe37fea92599432a462b63b68734a977ee19efbd50cb9a8b9d928.8ad46f64.incomplete","write_offset":"None"},"filename":"/home/runner/work/xet-core/xet-core/xet_data/src/file_reconstruction/file_reconstructor.rs","line_number":126}
{"timestamp":"2026-07-30T10:17:00.290975Z","level":"INFO","fields":{"message":"Download group finish","group_id":"1"},"filename":"/home/runner/work/xet-core/xet-core/xet_pkg/src/xet_session/file_download_group.rs","line_number":306}
{"timestamp":"2026-07-30T10:17:00.329179Z","level":"INFO","fields":{"message":"Received CAS response","request_id":"Root=1-6a6b249c-54a882c73c002ca63f59a3f6","status_code":200},"filename":"/home/runner/work/xet-core/xet-core/xet_client/src/common/http_client.rs","line_number":288}
{"timestamp":"2026-07-30T10:17:00.329220Z","level":"INFO","fields":{"message":"Request Success: xet-token api call succeeded (request id Root=1-6a6b249c-54a882c73c002ca63f59a3f6)."},"filename":"/home/runner/work/xet-core/xet-core/xet_client/src/cas_client/retry_wrapper.rs","line_number":237}
{"timestamp":"2026-07-30T10:17:00.329280Z","level":"INFO","fields":{"message":"TranslatorConfig initialized","endpoint":"https://cas-server.xethub.hf.co","session_id":"Some(\"019fb287-02a9-74c0-bbd9-1d1a346755ca\")","shard_cache":"/mnt/hdd1/TSFM/models/cache/huggingface/xet/https___cas_serv-tGqkUaZf_CBPHQ6h/shard-cache","shard_session":"/mnt/hdd1/TSFM/models/cache/huggingface/xet/https___cas_serv-tGqkUaZf_CBPHQ6h/staging/shard-session"},"filename":"/home/runner/work/xet-core/xet-core/xet_data/src/processing/configurations.rs","line_number":127}
{"timestamp":"2026-07-30T10:17:00.329296Z","level":"INFO","fields":{"message":"HTTP client configured","idle_timeout":"60s","max_idle_connections":16,"custom_headers":"Some({\"user-agent\": \"unknown/None; hf_hub/1.25.1; python/3.11.15; agent/codex; hf_xet/1.5.2\"})"},"filename":"/home/runner/work/xet-core/xet-core/xet_client/src/common/http_client.rs","line_number":187}
{"timestamp":"2026-07-30T10:17:00.329304Z","level":"INFO","fields":{"message":"CAS auth disabled","caller":"/home/runner/work/xet-core/xet-core/xet_client/src/common/http_client.rs:166"},"filename":"/home/runner/work/xet-core/xet-core/xet_runtime/src/error_printer/mod.rs","line_number":198}
{"timestamp":"2026-07-30T10:17:00.329307Z","level":"INFO","fields":{"message":"HTTP client configured","idle_timeout":"60s","max_idle_connections":16,"custom_headers":"Some({\"user-agent\": \"unknown/None; hf_hub/1.25.1; python/3.11.15; agent/codex; hf_xet/1.5.2\"})"},"filename":"/home/runner/work/xet-core/xet-core/xet_client/src/common/http_client.rs","line_number":187}
{"timestamp":"2026-07-30T10:17:00.421518Z","level":"INFO","fields":{"message":"Scheduling prefetch block","file_hash":"7b11a6fc1924ae52cf9256d03bd74653dca29ab3f812d6bec5aaf8f049ff3f16","prefetch_range":"(0, 256000000)","requested_block_size":256000000,"actual_block_size":256000000,"queue_depth":1},"filename":"/home/runner/work/xet-core/xet-core/xet_data/src/file_reconstruction/reconstruction_terms/manager.rs","line_number":277}
{"timestamp":"2026-07-30T10:17:00.421548Z","level":"INFO","fields":{"message":"Scheduling prefetch block","file_hash":"7b11a6fc1924ae52cf9256d03bd74653dca29ab3f812d6bec5aaf8f049ff3f16","prefetch_range":"(256000000, 768000000)","requested_block_size":512000000,"actual_block_size":512000000,"queue_depth":2},"filename":"/home/runner/work/xet-core/xet-core/xet_data/src/file_reconstruction/reconstruction_terms/manager.rs","line_number":277}
{"timestamp":"2026-07-30T10:17:00.421564Z","level":"INFO","fields":{"message":"Scheduling prefetch block","file_hash":"7b11a6fc1924ae52cf9256d03bd74653dca29ab3f812d6bec5aaf8f049ff3f16","prefetch_range":"(768000000, 1024000000)","requested_block_size":256000000,"actual_block_size":256000000,"queue_depth":3},"filename":"/home/runner/work/xet-core/xet-core/xet_data/src/file_reconstruction/reconstruction_terms/manager.rs","line_number":277}
{"timestamp":"2026-07-30T10:17:00.421590Z","level":"INFO","fields":{"message":"Starting get_reconstruction API call","call_id":4,"file_id":"7b11a6fc1924ae52cf9256d03bd74653dca29ab3f812d6bec5aaf8f049ff3f16","bytes_range":"Some(Range { start: 768000000, end: 1024000000 })","api_version":"v2"},"filename":"/home/runner/work/xet-core/xet-core/xet_client/src/cas_client/remote_client.rs","line_number":212}
{"timestamp":"2026-07-30T10:17:00.421600Z","level":"INFO","fields":{"message":"Retry strategy","retry":"RetryWrapper { max_attempts: 5, base_delay: 3s, max_duration: 360s, no_retry_on_429: false, retry_on_403: false, expected_416: true, expected_404: false, log_errors_as_info: false, api_tag: \"cas::get_reconstruction_v2\", has_connection_permit: false }"},"filename":"/home/runner/work/xet-core/xet-core/xet_client/src/cas_client/retry_wrapper.rs","line_number":274}
{"timestamp":"2026-07-30T10:17:00.421605Z","level":"INFO","fields":{"message":"Starting get_reconstruction API call","call_id":6,"file_id":"7b11a6fc1924ae52cf9256d03bd74653dca29ab3f812d6bec5aaf8f049ff3f16","bytes_range":"Some(Range { start: 256000000, end: 768000000 })","api_version":"v2"},"filename":"/home/runner/work/xet-core/xet-core/xet_client/src/cas_client/remote_client.rs","line_number":212}
{"timestamp":"2026-07-30T10:17:00.421602Z","level":"INFO","fields":{"message":"Starting get_reconstruction API call","call_id":5,"file_id":"7b11a6fc1924ae52cf9256d03bd74653dca29ab3f812d6bec5aaf8f049ff3f16","bytes_range":"Some(Range { start: 0, end: 256000000 })","api_version":"v2"},"filename":"/home/runner/work/xet-core/xet-core/xet_client/src/cas_client/remote_client.rs","line_number":212}
{"timestamp":"2026-07-30T10:17:00.421618Z","level":"INFO","fields":{"message":"Retry strategy","retry":"RetryWrapper { max_attempts: 5, base_delay: 3s, max_duration: 360s, no_retry_on_429: false, retry_on_403: false, expected_416: true, expected_404: false, log_errors_as_info: false, api_tag: \"cas::get_reconstruction_v2\", has_connection_permit: false }"},"filename":"/home/runner/work/xet-core/xet-core/xet_client/src/cas_client/retry_wrapper.rs","line_number":274}
{"timestamp":"2026-07-30T10:17:00.421623Z","level":"INFO","fields":{"message":"Retry strategy","retry":"RetryWrapper { max_attempts: 5, base_delay: 3s, max_duration: 360s, no_retry_on_429: false, retry_on_403: false, expected_416: true, expected_404: false, log_errors_as_info: false, api_tag: \"cas::get_reconstruction_v2\", has_connection_permit: false }"},"filename":"/home/runner/work/xet-core/xet-core/xet_client/src/cas_client/retry_wrapper.rs","line_number":274}
{"timestamp":"2026-07-30T10:17:00.427443Z","level":"INFO","fields":{"message":"No-read-timeout HTTP client configured (for shard uploads)","connect_timeout":"60s"},"filename":"/home/runner/work/xet-core/xet-core/xet_client/src/common/http_client.rs","line_number":136}
{"timestamp":"2026-07-30T10:17:00.427514Z","level":"INFO","fields":{"message":"New file download group, session_id=019fb287-0086-7282-95db-0127299f6ab8, group_id=3"},"filename":"/home/runner/work/xet-core/xet-core/xet_pkg/src/xet_session/file_download_group.rs","line_number":61}
{"timestamp":"2026-07-30T10:17:00.428006Z","level":"INFO","fields":{"message":"Download file to path","group_id":"3","dest_path":"\"/mnt/hdd1/TSFM/dataset/raw/multi_domain/gift_eval/.cache/huggingface/download/LOOP_SEATTLE/D/ph-PwKzEizU51qoBvN-kh8yvA-U=.221985fb0af982975cef73ed68108da4a375f41aa7e3c3ce5defa52774a073c0.55958bfc.incomplete\"","hash":"8a95d623698d1b248c0daa06a4bd100252f326360c1fe769269a937bc3b16491"},"filename":"/home/runner/work/xet-core/xet-core/xet_pkg/src/xet_session/file_download_group.rs","line_number":287}
{"timestamp":"2026-07-30T10:17:00.428071Z","level":"INFO","fields":{"message":"Reconstructing file to disk","file_hash":"8a95d623698d1b248c0daa06a4bd100252f326360c1fe769269a937bc3b16491","byte_range":"None","path":"/mnt/hdd1/TSFM/dataset/raw/multi_domain/gift_eval/.cache/huggingface/download/LOOP_SEATTLE/D/ph-PwKzEizU51qoBvN-kh8yvA-U=.221985fb0af982975cef73ed68108da4a375f41aa7e3c3ce5defa52774a073c0.55958bfc.incomplete","write_offset":"None"},"filename":"/home/runner/work/xet-core/xet-core/xet_data/src/file_reconstruction/file_reconstructor.rs","line_number":126}
{"timestamp":"2026-07-30T10:17:00.428146Z","level":"INFO","fields":{"message":"Scheduling prefetch block","file_hash":"8a95d623698d1b248c0daa06a4bd100252f326360c1fe769269a937bc3b16491","prefetch_range":"(0, 256000000)","requested_block_size":256000000,"actual_block_size":256000000,"queue_depth":1},"filename":"/home/runner/work/xet-core/xet-core/xet_data/src/file_reconstruction/reconstruction_terms/manager.rs","line_number":277}
{"timestamp":"2026-07-30T10:17:00.428155Z","level":"INFO","fields":{"message":"Scheduling prefetch block","file_hash":"8a95d623698d1b248c0daa06a4bd100252f326360c1fe769269a937bc3b16491","prefetch_range":"(256000000, 768000000)","requested_block_size":512000000,"actual_block_size":512000000,"queue_depth":2},"filename":"/home/runner/work/xet-core/xet-core/xet_data/src/file_reconstruction/reconstruction_terms/manager.rs","line_number":277}
{"timestamp":"2026-07-30T10:17:00.428162Z","level":"INFO","fields":{"message":"Scheduling prefetch block","file_hash":"8a95d623698d1b248c0daa06a4bd100252f326360c1fe769269a937bc3b16491","prefetch_range":"(768000000, 1024000000)","requested_block_size":256000000,"actual_block_size":256000000,"queue_depth":3},"filename":"/home/runner/work/xet-core/xet-core/xet_data/src/file_reconstruction/reconstruction_terms/manager.rs","line_number":277}
{"timestamp":"2026-07-30T10:17:00.428172Z","level":"INFO","fields":{"message":"Starting get_reconstruction API call","call_id":7,"file_id":"8a95d623698d1b248c0daa06a4bd100252f326360c1fe769269a937bc3b16491","bytes_range":"Some(Range { start: 768000000, end: 1024000000 })","api_version":"v2"},"filename":"/home/runner/work/xet-core/xet-core/xet_client/src/cas_client/remote_client.rs","line_number":212}
{"timestamp":"2026-07-30T10:17:00.428177Z","level":"INFO","fields":{"message":"Retry strategy","retry":"RetryWrapper { max_attempts: 5, base_delay: 3s, max_duration: 360s, no_retry_on_429: false, retry_on_403: false, expected_416: true, expected_404: false, log_errors_as_info: false, api_tag: \"cas::get_reconstruction_v2\", has_connection_permit: false }"},"filename":"/home/runner/work/xet-core/xet-core/xet_client/src/cas_client/retry_wrapper.rs","line_number":274}
{"timestamp":"2026-07-30T10:17:00.428198Z","level":"INFO","fields":{"message":"Starting get_reconstruction API call","call_id":9,"file_id":"8a95d623698d1b248c0daa06a4bd100252f326360c1fe769269a937bc3b16491","bytes_range":"Some(Range { start: 256000000, end: 768000000 })","api_version":"v2"},"filename":"/home/runner/work/xet-core/xet-core/xet_client/src/cas_client/remote_client.rs","line_number":212}
{"timestamp":"2026-07-30T10:17:00.428196Z","level":"INFO","fields":{"message":"Starting get_reconstruction API call","call_id":8,"file_id":"8a95d623698d1b248c0daa06a4bd100252f326360c1fe769269a937bc3b16491","bytes_range":"Some(Range { start: 0, end: 256000000 })","api_version":"v2"},"filename":"/home/runner/work/xet-core/xet-core/xet_client/src/cas_client/remote_client.rs","line_number":212}
{"timestamp":"2026-07-30T10:17:00.428203Z","level":"INFO","fields":{"message":"Retry strategy","retry":"RetryWrapper { max_attempts: 5, base_delay: 3s, max_duration: 360s, no_retry_on_429: false, retry_on_403: false, expected_416: true, expected_404: false, log_errors_as_info: false, api_tag: \"cas::get_reconstruction_v2\", has_connection_permit: false }"},"filename":"/home/runner/work/xet-core/xet-core/xet_client/src/cas_client/retry_wrapper.rs","line_number":274}
{"timestamp":"2026-07-30T10:17:00.428206Z","level":"INFO","fields":{"message":"Retry strategy","retry":"RetryWrapper { max_attempts: 5, base_delay: 3s, max_duration: 360s, no_retry_on_429: false, retry_on_403: false, expected_416: true, expected_404: false, log_errors_as_info: false, api_tag: \"cas::get_reconstruction_v2\", has_connection_permit: false }"},"filename":"/home/runner/work/xet-core/xet-core/xet_client/src/cas_client/retry_wrapper.rs","line_number":274}
{"timestamp":"2026-07-30T10:17:00.428259Z","level":"INFO","fields":{"message":"Download group finish","group_id":"3"},"filename":"/home/runner/work/xet-core/xet-core/xet_pkg/src/xet_session/file_download_group.rs","line_number":306}
{"timestamp":"2026-07-30T10:17:01.044858Z","level":"INFO","fields":{"message":"Received CAS response","request_id":"01KYS8E1785PJGWG731BE2QPVK","status_code":416},"filename":"/home/runner/work/xet-core/xet-core/xet_client/src/common/http_client.rs","line_number":288}
{"timestamp":"2026-07-30T10:17:01.044895Z","level":"INFO","fields":{"message":"Reached end of reconstruction 416 (Range Not Satisfiable): \"cas::get_reconstruction_v2\" api call failed (request id 01KYS8E1785PJGWG731BE2QPVK): HTTP status client error (416 Range Not Satisfiable) for url (https://cas-server.xethub.hf.co/v2/reconstructions/9f60dd2f8e10ca8d8ad00a288a2076ee2f298abda40129a9f81e8aaee78a0f58)"},"filename":"/home/runner/work/xet-core/xet-core/xet_client/src/cas_client/retry_wrapper.rs","line_number":189}
{"timestamp":"2026-07-30T10:17:01.076336Z","level":"INFO","fields":{"message":"Received CAS response","request_id":"01KYS8E17YVHF59M1HV2KB6JEK","status_code":416},"filename":"/home/runner/work/xet-core/xet-core/xet_client/src/common/http_client.rs","line_number":288}
{"timestamp":"2026-07-30T10:17:01.076367Z","level":"INFO","fields":{"message":"Reached end of reconstruction 416 (Range Not Satisfiable): \"cas::get_reconstruction_v2\" api call failed (request id 01KYS8E17YVHF59M1HV2KB6JEK): HTTP status client error (416 Range Not Satisfiable) for url (https://cas-server.xethub.hf.co/v2/reconstructions/9f60dd2f8e10ca8d8ad00a288a2076ee2f298abda40129a9f81e8aaee78a0f58)"},"filename":"/home/runner/work/xet-core/xet-core/xet_client/src/cas_client/retry_wrapper.rs","line_number":189}
{"timestamp":"2026-07-30T10:17:01.183805Z","level":"INFO","fields":{"message":"Received CAS response","request_id":"01KYS8E1BJE1XHC5V37EJP03R7","status_code":416},"filename":"/home/runner/work/xet-core/xet-core/xet_client/src/common/http_client.rs","line_number":288}
{"timestamp":"2026-07-30T10:17:01.183834Z","level":"INFO","fields":{"message":"Reached end of reconstruction 416 (Range Not Satisfiable): \"cas::get_reconstruction_v2\" api call failed (request id 01KYS8E1BJE1XHC5V37EJP03R7): HTTP status client error (416 Range Not Satisfiable) for url (https://cas-server.xethub.hf.co/v2/reconstructions/7b11a6fc1924ae52cf9256d03bd74653dca29ab3f812d6bec5aaf8f049ff3f16)"},"filename":"/home/runner/work/xet-core/xet-core/xet_client/src/cas_client/retry_wrapper.rs","line_number":189}
{"timestamp":"2026-07-30T10:17:01.186738Z","level":"INFO","fields":{"message":"Received CAS response","request_id":"01KYS8E1BNHDR0ARXX5Q6NR9ZB","status_code":416},"filename":"/home/runner/work/xet-core/xet-core/xet_client/src/common/http_client.rs","line_number":288}
{"timestamp":"2026-07-30T10:17:01.186769Z","level":"INFO","fields":{"message":"Reached end of reconstruction 416 (Range Not Satisfiable): \"cas::get_reconstruction_v2\" api call failed (request id 01KYS8E1BNHDR0ARXX5Q6NR9ZB): HTTP status client error (416 Range Not Satisfiable) for url (https://cas-server.xethub.hf.co/v2/reconstructions/7b11a6fc1924ae52cf9256d03bd74653dca29ab3f812d6bec5aaf8f049ff3f16)"},"filename":"/home/runner/work/xet-core/xet-core/xet_client/src/cas_client/retry_wrapper.rs","line_number":189}
{"timestamp":"2026-07-30T10:17:01.193043Z","level":"INFO","fields":{"message":"Received CAS response","request_id":"01KYS8E1BREVT94EDJTFRHMYTA","status_code":416},"filename":"/home/runner/work/xet-core/xet-core/xet_client/src/common/http_client.rs","line_number":288}
{"timestamp":"2026-07-30T10:17:01.193070Z","level":"INFO","fields":{"message":"Reached end of reconstruction 416 (Range Not Satisfiable): \"cas::get_reconstruction_v2\" api call failed (request id 01KYS8E1BREVT94EDJTFRHMYTA): HTTP status client error (416 Range Not Satisfiable) for url (https://cas-server.xethub.hf.co/v2/reconstructions/8a95d623698d1b248c0daa06a4bd100252f326360c1fe769269a937bc3b16491)"},"filename":"/home/runner/work/xet-core/xet-core/xet_client/src/cas_client/retry_wrapper.rs","line_number":189}
{"timestamp":"2026-07-30T10:17:01.193383Z","level":"INFO","fields":{"message":"Received CAS response","request_id":"01KYS8E1BRBP00BCVM8DAJ61ZQ","status_code":416},"filename":"/home/runner/work/xet-core/xet-core/xet_client/src/common/http_client.rs","line_number":288}
{"timestamp":"2026-07-30T10:17:01.193410Z","level":"INFO","fields":{"message":"Reached end of reconstruction 416 (Range Not Satisfiable): \"cas::get_reconstruction_v2\" api call failed (request id 01KYS8E1BRBP00BCVM8DAJ61ZQ): HTTP status client error (416 Range Not Satisfiable) for url (https://cas-server.xethub.hf.co/v2/reconstructions/8a95d623698d1b248c0daa06a4bd100252f326360c1fe769269a937bc3b16491)"},"filename":"/home/runner/work/xet-core/xet-core/xet_client/src/cas_client/retry_wrapper.rs","line_number":189}
{"timestamp":"2026-07-30T10:17:01.199649Z","level":"INFO","fields":{"message":"Received CAS response","request_id":"01KYS8E17ABAVCE1TGBARW8G2M","status_code":200},"filename":"/home/runner/work/xet-core/xet-core/xet_client/src/common/http_client.rs","line_number":288}
{"timestamp":"2026-07-30T10:17:01.199673Z","level":"INFO","fields":{"message":"Request Success: cas::get_reconstruction_v2 api call succeeded (request id 01KYS8E17ABAVCE1TGBARW8G2M)."},"filename":"/home/runner/work/xet-core/xet-core/xet_client/src/cas_client/retry_wrapper.rs","line_number":237}
{"timestamp":"2026-07-30T10:17:01.199709Z","level":"INFO","fields":{"message":"Completed get_reconstruction API call","call_id":2,"file_id":"9f60dd2f8e10ca8d8ad00a288a2076ee2f298abda40129a9f81e8aaee78a0f58","bytes_range":"Some(Range { start: 0, end: 256000000 })","api_version":"v2"},"filename":"/home/runner/work/xet-core/xet-core/xet_client/src/cas_client/remote_client.rs","line_number":236}
{"timestamp":"2026-07-30T10:17:01.199770Z","level":"INFO","fields":{"message":"Received block of file terms from prefetch queue","file_hash":"9f60dd2f8e10ca8d8ad00a288a2076ee2f298abda40129a9f81e8aaee78a0f58","domain":"us.aws.cdn.hf.co","block_start":0,"block_end":11326584,"block_size":1},"filename":"/home/runner/work/xet-core/xet-core/xet_data/src/file_reconstruction/reconstruction_terms/manager.rs","line_number":156}
{"timestamp":"2026-07-30T10:17:01.199802Z","level":"INFO","fields":{"message":"Updated completion rate estimate based on previous block completion time (seconds).","file_hash":"9f60dd2f8e10ca8d8ad00a288a2076ee2f298abda40129a9f81e8aaee78a0f58","block_start":0,"block_end":11326584,"block_size":11326584,"completion_time":0.000031155},"filename":"/home/runner/work/xet-core/xet-core/xet_data/src/file_reconstruction/reconstruction_terms/manager.rs","line_number":109}
{"timestamp":"2026-07-30T10:17:01.199817Z","level":"INFO","fields":{"message":"Completed prefetch queue; end of file reached.","file_hash":"9f60dd2f8e10ca8d8ad00a288a2076ee2f298abda40129a9f81e8aaee78a0f58","prefetched_byte_position":1024000000},"filename":"/home/runner/work/xet-core/xet-core/xet_data/src/file_reconstruction/reconstruction_terms/manager.rs","line_number":183}
{"timestamp":"2026-07-30T10:17:01.199823Z","level":"INFO","fields":{"message":"All term blocks received and scheduled for writing","file_hash":"9f60dd2f8e10ca8d8ad00a288a2076ee2f298abda40129a9f81e8aaee78a0f58","block_count":1,"total_terms_processed":1,"total_bytes_scheduled":11326584},"filename":"/home/runner/work/xet-core/xet-core/xet_data/src/file_reconstruction/run_state.rs","line_number":150}
{"timestamp":"2026-07-30T10:17:01.199841Z","level":"INFO","fields":{"message":"Retry strategy","retry":"RetryWrapper { max_attempts: 5, base_delay: 3s, max_duration: 360s, no_retry_on_429: false, retry_on_403: true, expected_416: false, expected_404: false, log_errors_as_info: false, api_tag: \"s3::get_range\", has_connection_permit: true }"},"filename":"/home/runner/work/xet-core/xet-core/xet_client/src/cas_client/retry_wrapper.rs","line_number":274}
{"timestamp":"2026-07-30T10:17:01.298308Z","level":"INFO","fields":{"message":"Received CAS response","request_id":"01KYS8E1BTD59RSX1NNTDAB8ZZ","status_code":200},"filename":"/home/runner/work/xet-core/xet-core/xet_client/src/common/http_client.rs","line_number":288}
{"timestamp":"2026-07-30T10:17:01.298328Z","level":"INFO","fields":{"message":"Request Success: cas::get_reconstruction_v2 api call succeeded (request id 01KYS8E1BTD59RSX1NNTDAB8ZZ)."},"filename":"/home/runner/work/xet-core/xet-core/xet_client/src/cas_client/retry_wrapper.rs","line_number":237}
{"timestamp":"2026-07-30T10:17:01.298352Z","level":"INFO","fields":{"message":"Completed get_reconstruction API call","call_id":8,"file_id":"8a95d623698d1b248c0daa06a4bd100252f326360c1fe769269a937bc3b16491","bytes_range":"Some(Range { start: 0, end: 256000000 })","api_version":"v2"},"filename":"/home/runner/work/xet-core/xet-core/xet_client/src/cas_client/remote_client.rs","line_number":236}
{"timestamp":"2026-07-30T10:17:01.298380Z","level":"INFO","fields":{"message":"Received block of file terms from prefetch queue","file_hash":"8a95d623698d1b248c0daa06a4bd100252f326360c1fe769269a937bc3b16491","domain":"us.aws.cdn.hf.co","block_start":0,"block_end":480248,"block_size":1},"filename":"/home/runner/work/xet-core/xet-core/xet_data/src/file_reconstruction/reconstruction_terms/manager.rs","line_number":156}
{"timestamp":"2026-07-30T10:17:01.298401Z","level":"INFO","fields":{"message":"Updated completion rate estimate based on previous block completion time (seconds).","file_hash":"8a95d623698d1b248c0daa06a4bd100252f326360c1fe769269a937bc3b16491","block_start":0,"block_end":480248,"block_size":480248,"completion_time":0.000020249},"filename":"/home/runner/work/xet-core/xet-core/xet_data/src/file_reconstruction/reconstruction_terms/manager.rs","line_number":109}
{"timestamp":"2026-07-30T10:17:01.298406Z","level":"INFO","fields":{"message":"Completed prefetch queue; end of file reached.","file_hash":"8a95d623698d1b248c0daa06a4bd100252f326360c1fe769269a937bc3b16491","prefetched_byte_position":1024000000},"filename":"/home/runner/work/xet-core/xet-core/xet_data/src/file_reconstruction/reconstruction_terms/manager.rs","line_number":183}
{"timestamp":"2026-07-30T10:17:01.298408Z","level":"INFO","fields":{"message":"All term blocks received and scheduled for writing","file_hash":"8a95d623698d1b248c0daa06a4bd100252f326360c1fe769269a937bc3b16491","block_count":1,"total_terms_processed":1,"total_bytes_scheduled":480248},"filename":"/home/runner/work/xet-core/xet-core/xet_data/src/file_reconstruction/run_state.rs","line_number":150}
{"timestamp":"2026-07-30T10:17:01.298422Z","level":"INFO","fields":{"message":"Retry strategy","retry":"RetryWrapper { max_attempts: 5, base_delay: 3s, max_duration: 360s, no_retry_on_429: false, retry_on_403: true, expected_416: false, expected_404: false, log_errors_as_info: false, api_tag: \"s3::get_range\", has_connection_permit: true }"},"filename":"/home/runner/work/xet-core/xet-core/xet_client/src/cas_client/retry_wrapper.rs","line_number":274}
{"timestamp":"2026-07-30T10:17:01.671277Z","level":"INFO","fields":{"message":"Received CAS response","request_id":"01KYS8E1BW81YVQ726NQTZTQ9J","status_code":200},"filename":"/home/runner/work/xet-core/xet-core/xet_client/src/common/http_client.rs","line_number":288}
{"timestamp":"2026-07-30T10:17:01.671323Z","level":"INFO","fields":{"message":"Request Success: cas::get_reconstruction_v2 api call succeeded (request id 01KYS8E1BW81YVQ726NQTZTQ9J)."},"filename":"/home/runner/work/xet-core/xet-core/xet_client/src/cas_client/retry_wrapper.rs","line_number":237}
{"timestamp":"2026-07-30T10:17:01.671379Z","level":"INFO","fields":{"message":"Completed get_reconstruction API call","call_id":5,"file_id":"7b11a6fc1924ae52cf9256d03bd74653dca29ab3f812d6bec5aaf8f049ff3f16","bytes_range":"Some(Range { start: 0, end: 256000000 })","api_version":"v2"},"filename":"/home/runner/work/xet-core/xet-core/xet_client/src/cas_client/remote_client.rs","line_number":236}
{"timestamp":"2026-07-30T10:17:01.671436Z","level":"INFO","fields":{"message":"Received block of file terms from prefetch queue","file_hash":"7b11a6fc1924ae52cf9256d03bd74653dca29ab3f812d6bec5aaf8f049ff3f16","domain":"us.aws.cdn.hf.co","block_start":0,"block_end":135824024,"block_size":3},"filename":"/home/runner/work/xet-core/xet-core/xet_data/src/file_reconstruction/reconstruction_terms/manager.rs","line_number":156}
{"timestamp":"2026-07-30T10:17:01.671485Z","level":"INFO","fields":{"message":"Updated completion rate estimate based on previous block completion time (seconds).","file_hash":"7b11a6fc1924ae52cf9256d03bd74653dca29ab3f812d6bec5aaf8f049ff3f16","block_start":0,"block_end":135824024,"block_size":135824024,"completion_time":0.000046306},"filename":"/home/runner/work/xet-core/xet-core/xet_data/src/file_reconstruction/reconstruction_terms/manager.rs","line_number":109}
{"timestamp":"2026-07-30T10:17:01.671501Z","level":"INFO","fields":{"message":"Completed prefetch queue; end of file reached.","file_hash":"7b11a6fc1924ae52cf9256d03bd74653dca29ab3f812d6bec5aaf8f049ff3f16","prefetched_byte_position":1024000000},"filename":"/home/runner/work/xet-core/xet-core/xet_data/src/file_reconstruction/reconstruction_terms/manager.rs","line_number":183}
{"timestamp":"2026-07-30T10:17:01.671508Z","level":"INFO","fields":{"message":"All term blocks received and scheduled for writing","file_hash":"7b11a6fc1924ae52cf9256d03bd74653dca29ab3f812d6bec5aaf8f049ff3f16","block_count":1,"total_terms_processed":3,"total_bytes_scheduled":135824024},"filename":"/home/runner/work/xet-core/xet-core/xet_data/src/file_reconstruction/run_state.rs","line_number":150}
{"timestamp":"2026-07-30T10:17:01.671509Z","level":"INFO","fields":{"message":"Retry strategy","retry":"RetryWrapper { max_attempts: 5, base_delay: 3s, max_duration: 360s, no_retry_on_429: false, retry_on_403: true, expected_416: false, expected_404: false, log_errors_as_info: false, api_tag: \"s3::get_range\", has_connection_permit: true }"},"filename":"/home/runner/work/xet-core/xet-core/xet_client/src/cas_client/retry_wrapper.rs","line_number":274}
{"timestamp":"2026-07-30T10:17:01.671555Z","level":"INFO","fields":{"message":"Retry strategy","retry":"RetryWrapper { max_attempts: 5, base_delay: 3s, max_duration: 360s, no_retry_on_429: false, retry_on_403: true, expected_416: false, expected_404: false, log_errors_as_info: false, api_tag: \"s3::get_range\", has_connection_permit: true }"},"filename":"/home/runner/work/xet-core/xet-core/xet_client/src/cas_client/retry_wrapper.rs","line_number":274}
{"timestamp":"2026-07-30T10:17:01.701066Z","level":"INFO","fields":{"message":"Received CAS response","request_id":"01KYS8E1SJPFFMSCYDS14QYEKD","status_code":206},"filename":"/home/runner/work/xet-core/xet-core/xet_client/src/common/http_client.rs","line_number":288}
{"timestamp":"2026-07-30T10:17:01.701101Z","level":"INFO","fields":{"message":"Request Success: s3::get_range api call succeeded (request id 01KYS8E1SJPFFMSCYDS14QYEKD)."},"filename":"/home/runner/work/xet-core/xet-core/xet_client/src/cas_client/retry_wrapper.rs","line_number":237}
{"timestamp":"2026-07-30T10:17:01.793256Z","level":"INFO","fields":{"message":"Received CAS response","request_id":"01KYS8E1XBVFTS39BPFBGJCFEA","status_code":206},"filename":"/home/runner/work/xet-core/xet-core/xet_client/src/common/http_client.rs","line_number":288}
{"timestamp":"2026-07-30T10:17:01.793307Z","level":"INFO","fields":{"message":"Request Success: s3::get_range api call succeeded (request id 01KYS8E1XBVFTS39BPFBGJCFEA)."},"filename":"/home/runner/work/xet-core/xet-core/xet_client/src/cas_client/retry_wrapper.rs","line_number":237}
{"timestamp":"2026-07-30T10:17:02.137991Z","level":"INFO","fields":{"message":"Received CAS response","request_id":"01KYS8E2896XMVRYRAX2F7PYJY","status_code":206},"filename":"/home/runner/work/xet-core/xet-core/xet_client/src/common/http_client.rs","line_number":288}
{"timestamp":"2026-07-30T10:17:02.138024Z","level":"INFO","fields":{"message":"Request Success: s3::get_range api call succeeded (request id 01KYS8E2896XMVRYRAX2F7PYJY)."},"filename":"/home/runner/work/xet-core/xet-core/xet_client/src/cas_client/retry_wrapper.rs","line_number":237}
{"timestamp":"2026-07-30T10:17:02.163796Z","level":"INFO","fields":{"message":"Received CAS response","request_id":"01KYS8E289QA8SEKYDRH059M2G","status_code":206},"filename":"/home/runner/work/xet-core/xet-core/xet_client/src/common/http_client.rs","line_number":288}
{"timestamp":"2026-07-30T10:17:02.163839Z","level":"INFO","fields":{"message":"Request Success: s3::get_range api call succeeded (request id 01KYS8E289QA8SEKYDRH059M2G)."},"filename":"/home/runner/work/xet-core/xet-core/xet_client/src/cas_client/retry_wrapper.rs","line_number":237}
{"timestamp":"2026-07-30T10:17:02.320731Z","level":"INFO","fields":{"message":"Retry strategy","retry":"RetryWrapper { max_attempts: 5, base_delay: 3s, max_duration: 360s, no_retry_on_429: false, retry_on_403: true, expected_416: false, expected_404: false, log_errors_as_info: false, api_tag: \"s3::get_range\", has_connection_permit: true }"},"filename":"/home/runner/work/xet-core/xet-core/xet_client/src/cas_client/retry_wrapper.rs","line_number":274}
{"timestamp":"2026-07-30T10:17:02.321634Z","level":"INFO","fields":{"message":"File reconstruction completed successfully","file_hash":"8a95d623698d1b248c0daa06a4bd100252f326360c1fe769269a937bc3b16491","block_count":1,"total_terms_processed":1,"total_bytes_scheduled":480248},"filename":"/home/runner/work/xet-core/xet-core/xet_data/src/file_reconstruction/run_state.rs","line_number":150}
{"timestamp":"2026-07-30T10:17:02.553038Z","level":"INFO","fields":{"message":"Received CAS response","request_id":"01KYS8E2M3T4QTYNE9V8K5VFQ3","status_code":206},"filename":"/home/runner/work/xet-core/xet-core/xet_client/src/common/http_client.rs","line_number":288}
{"timestamp":"2026-07-30T10:17:02.553060Z","level":"INFO","fields":{"message":"Request Success: s3::get_range api call succeeded (request id 01KYS8E2M3T4QTYNE9V8K5VFQ3)."},"filename":"/home/runner/work/xet-core/xet-core/xet_client/src/cas_client/retry_wrapper.rs","line_number":237}
{"timestamp":"2026-07-30T10:17:02.743799Z","level":"INFO","fields":{"message":"File reconstruction completed successfully","file_hash":"9f60dd2f8e10ca8d8ad00a288a2076ee2f298abda40129a9f81e8aaee78a0f58","block_count":1,"total_terms_processed":1,"total_bytes_scheduled":11326584},"filename":"/home/runner/work/xet-core/xet-core/xet_data/src/file_reconstruction/run_state.rs","line_number":150}
{"timestamp":"2026-07-30T10:17:03.157282Z","level":"INFO","fields":{"message":"Concurrency control for download: Increased concurrency from 4 to 5; reason: success ratio 1.000 is above threshold 0.800 and predicted RTT for 13MB at new concurrency is 2.44s < target 60.0s"},"filename":"/home/runner/work/xet-core/xet-core/xet_client/src/cas_client/adaptive_concurrency/controller.rs","line_number":548}
{"timestamp":"2026-07-30T10:17:03.432629Z","level":"INFO","fields":{"message":"CAS auth disabled","caller":"/home/runner/work/xet-core/xet-core/xet_client/src/common/http_client.rs:166"},"filename":"/home/runner/work/xet-core/xet-core/xet_runtime/src/error_printer/mod.rs","line_number":198}
{"timestamp":"2026-07-30T10:17:03.544297Z","level":"INFO","fields":{"message":"HTTP client configured","idle_timeout":"60s","max_idle_connections":16,"custom_headers":"Some({\"user-agent\": \"unknown/None; hf_hub/1.25.1; python/3.11.15; agent/codex\"})"},"filename":"/home/runner/work/xet-core/xet-core/xet_client/src/common/http_client.rs","line_number":187}
{"timestamp":"2026-07-30T10:17:03.544336Z","level":"INFO","fields":{"message":"Retry strategy","retry":"RetryWrapper { max_attempts: 5, base_delay: 3s, max_duration: 360s, no_retry_on_429: false, retry_on_403: false, expected_416: false, expected_404: false, log_errors_as_info: false, api_tag: \"xet-token\", has_connection_permit: false }"},"filename":"/home/runner/work/xet-core/xet-core/xet_client/src/cas_client/retry_wrapper.rs","line_number":274}
{"timestamp":"2026-07-30T10:17:03.603999Z","level":"INFO","fields":{"message":"CAS auth disabled","caller":"/home/runner/work/xet-core/xet-core/xet_client/src/common/http_client.rs:166"},"filename":"/home/runner/work/xet-core/xet-core/xet_runtime/src/error_printer/mod.rs","line_number":198}
{"timestamp":"2026-07-30T10:17:03.604037Z","level":"INFO","fields":{"message":"HTTP client configured","idle_timeout":"60s","max_idle_connections":16,"custom_headers":"Some({\"user-agent\": \"unknown/None; hf_hub/1.25.1; python/3.11.15; agent/codex\"})"},"filename":"/home/runner/work/xet-core/xet-core/xet_client/src/common/http_client.rs","line_number":187}
{"timestamp":"2026-07-30T10:17:03.604055Z","level":"INFO","fields":{"message":"Retry strategy","retry":"RetryWrapper { max_attempts: 5, base_delay: 3s, max_duration: 360s, no_retry_on_429: false, retry_on_403: false, expected_416: false, expected_404: false, log_errors_as_info: false, api_tag: \"xet-token\", has_connection_permit: false }"},"filename":"/home/runner/work/xet-core/xet-core/xet_client/src/cas_client/retry_wrapper.rs","line_number":274}
{"timestamp":"2026-07-30T10:17:03.668135Z","level":"INFO","fields":{"message":"CAS auth disabled","caller":"/home/runner/work/xet-core/xet-core/xet_client/src/common/http_client.rs:166"},"filename":"/home/runner/work/xet-core/xet-core/xet_runtime/src/error_printer/mod.rs","line_number":198}
{"timestamp":"2026-07-30T10:17:03.668166Z","level":"INFO","fields":{"message":"HTTP client configured","idle_timeout":"60s","max_idle_connections":16,"custom_headers":"Some({\"user-agent\": \"unknown/None; hf_hub/1.25.1; python/3.11.15; agent/codex\"})"},"filename":"/home/runner/work/xet-core/xet-core/xet_client/src/common/http_client.rs","line_number":187}
{"timestamp":"2026-07-30T10:17:03.668179Z","level":"INFO","fields":{"message":"Retry strategy","retry":"RetryWrapper { max_attempts: 5, base_delay: 3s, max_duration: 360s, no_retry_on_429: false, retry_on_403: false, expected_416: false, expected_404: false, log_errors_as_info: false, api_tag: \"xet-token\", has_connection_permit: false }"},"filename":"/home/runner/work/xet-core/xet-core/xet_client/src/cas_client/retry_wrapper.rs","line_number":274}
{"timestamp":"2026-07-30T10:17:03.757550Z","level":"INFO","fields":{"message":"Concurrency control for download: Increased concurrency from 5 to 6; reason: success ratio 1.000 is above threshold 0.800 and predicted RTT for 13MB at new concurrency is 2.02s < target 60.0s"},"filename":"/home/runner/work/xet-core/xet-core/xet_client/src/cas_client/adaptive_concurrency/controller.rs","line_number":548}
{"timestamp":"2026-07-30T10:17:03.788202Z","level":"INFO","fields":{"message":"Received CAS response","request_id":"Root=1-6a6b249f-6cf52cdd34a0db5217542416","status_code":200},"filename":"/home/runner/work/xet-core/xet-core/xet_client/src/common/http_client.rs","line_number":288}
{"timestamp":"2026-07-30T10:17:03.788238Z","level":"INFO","fields":{"message":"Request Success: xet-token api call succeeded (request id Root=1-6a6b249f-6cf52cdd34a0db5217542416)."},"filename":"/home/runner/work/xet-core/xet-core/xet_client/src/cas_client/retry_wrapper.rs","line_number":237}
{"timestamp":"2026-07-30T10:17:03.788359Z","level":"INFO","fields":{"message":"TranslatorConfig initialized","endpoint":"https://cas-server.xethub.hf.co","session_id":"Some(\"019fb287-102c-71b1-b914-0ee17006d6a0\")","shard_cache":"/mnt/hdd1/TSFM/models/cache/huggingface/xet/https___cas_serv-tGqkUaZf_CBPHQ6h/shard-cache","shard_session":"/mnt/hdd1/TSFM/models/cache/huggingface/xet/https___cas_serv-tGqkUaZf_CBPHQ6h/staging/shard-session"},"filename":"/home/runner/work/xet-core/xet-core/xet_data/src/processing/configurations.rs","line_number":127}
{"timestamp":"2026-07-30T10:17:03.800061Z","level":"INFO","fields":{"message":"HTTP client configured","idle_timeout":"60s","max_idle_connections":16,"custom_headers":"Some({\"user-agent\": \"unknown/None; hf_hub/1.25.1; python/3.11.15; agent/codex; hf_xet/1.5.2\"})"},"filename":"/home/runner/work/xet-core/xet-core/xet_client/src/common/http_client.rs","line_number":187}
{"timestamp":"2026-07-30T10:17:03.800086Z","level":"INFO","fields":{"message":"CAS auth disabled","caller":"/home/runner/work/xet-core/xet-core/xet_client/src/common/http_client.rs:166"},"filename":"/home/runner/work/xet-core/xet-core/xet_runtime/src/error_printer/mod.rs","line_number":198}
{"timestamp":"2026-07-30T10:17:03.800096Z","level":"INFO","fields":{"message":"HTTP client configured","idle_timeout":"60s","max_idle_connections":16,"custom_headers":"Some({\"user-agent\": \"unknown/None; hf_hub/1.25.1; python/3.11.15; agent/codex; hf_xet/1.5.2\"})"},"filename":"/home/runner/work/xet-core/xet-core/xet_client/src/common/http_client.rs","line_number":187}
{"timestamp":"2026-07-30T10:17:03.811405Z","level":"INFO","fields":{"message":"No-read-timeout HTTP client configured (for shard uploads)","connect_timeout":"60s"},"filename":"/home/runner/work/xet-core/xet-core/xet_client/src/common/http_client.rs","line_number":136}
{"timestamp":"2026-07-30T10:17:03.811538Z","level":"INFO","fields":{"message":"New file download group, session_id=019fb287-0086-7282-95db-0127299f6ab8, group_id=10"},"filename":"/home/runner/work/xet-core/xet-core/xet_pkg/src/xet_session/file_download_group.rs","line_number":61}
{"timestamp":"2026-07-30T10:17:03.811913Z","level":"INFO","fields":{"message":"Download file to path","group_id":"10","dest_path":"\"/mnt/hdd1/TSFM/dataset/raw/multi_domain/gift_eval/.cache/huggingface/download/electricity/15T/qIE4O640nO3UasIN1lM-LOL0Kd4=.d5074a4bbd2a1588bbbd29707f331b81e5602b34704634f0d8a8b1ed62025ec5.3d76c13d.incomplete\"","hash":"60a34d5ba7d0badaa72355c46f786999de74b7deb868a90c512baef272afcce4"},"filename":"/home/runner/work/xet-core/xet-core/xet_pkg/src/xet_session/file_download_group.rs","line_number":287}
{"timestamp":"2026-07-30T10:17:03.812010Z","level":"INFO","fields":{"message":"Reconstructing file to disk","file_hash":"60a34d5ba7d0badaa72355c46f786999de74b7deb868a90c512baef272afcce4","byte_range":"None","path":"/mnt/hdd1/TSFM/dataset/raw/multi_domain/gift_eval/.cache/huggingface/download/electricity/15T/qIE4O640nO3UasIN1lM-LOL0Kd4=.d5074a4bbd2a1588bbbd29707f331b81e5602b34704634f0d8a8b1ed62025ec5.3d76c13d.incomplete","write_offset":"None"},"filename":"/home/runner/work/xet-core/xet-core/xet_data/src/file_reconstruction/file_reconstructor.rs","line_number":126}
{"timestamp":"2026-07-30T10:17:03.812204Z","level":"INFO","fields":{"message":"Download group finish","group_id":"10"},"filename":"/home/runner/work/xet-core/xet-core/xet_pkg/src/xet_session/file_download_group.rs","line_number":306}
{"timestamp":"2026-07-30T10:17:03.812280Z","level":"INFO","fields":{"message":"Scheduling prefetch block","file_hash":"60a34d5ba7d0badaa72355c46f786999de74b7deb868a90c512baef272afcce4","prefetch_range":"(0, 256000000)","requested_block_size":256000000,"actual_block_size":256000000,"queue_depth":1},"filename":"/home/runner/work/xet-core/xet-core/xet_data/src/file_reconstruction/reconstruction_terms/manager.rs","line_number":277}
{"timestamp":"2026-07-30T10:17:03.812302Z","level":"INFO","fields":{"message":"Scheduling prefetch block","file_hash":"60a34d5ba7d0badaa72355c46f786999de74b7deb868a90c512baef272afcce4","prefetch_range":"(256000000, 768000000)","requested_block_size":512000000,"actual_block_size":512000000,"queue_depth":2},"filename":"/home/runner/work/xet-core/xet-core/xet_data/src/file_reconstruction/reconstruction_terms/manager.rs","line_number":277}
{"timestamp":"2026-07-30T10:17:03.812316Z","level":"INFO","fields":{"message":"Scheduling prefetch block","file_hash":"60a34d5ba7d0badaa72355c46f786999de74b7deb868a90c512baef272afcce4","prefetch_range":"(768000000, 1024000000)","requested_block_size":256000000,"actual_block_size":256000000,"queue_depth":3},"filename":"/home/runner/work/xet-core/xet-core/xet_data/src/file_reconstruction/reconstruction_terms/manager.rs","line_number":277}
{"timestamp":"2026-07-30T10:17:03.812345Z","level":"INFO","fields":{"message":"Starting get_reconstruction API call","call_id":11,"file_id":"60a34d5ba7d0badaa72355c46f786999de74b7deb868a90c512baef272afcce4","bytes_range":"Some(Range { start: 768000000, end: 1024000000 })","api_version":"v2"},"filename":"/home/runner/work/xet-core/xet-core/xet_client/src/cas_client/remote_client.rs","line_number":212}
{"timestamp":"2026-07-30T10:17:03.812346Z","level":"INFO","fields":{"message":"Starting get_reconstruction API call","call_id":10,"file_id":"60a34d5ba7d0badaa72355c46f786999de74b7deb868a90c512baef272afcce4","bytes_range":"Some(Range { start: 0, end: 256000000 })","api_version":"v2"},"filename":"/home/runner/work/xet-core/xet-core/xet_client/src/cas_client/remote_client.rs","line_number":212}
{"timestamp":"2026-07-30T10:17:03.812357Z","level":"INFO","fields":{"message":"Starting get_reconstruction API call","call_id":12,"file_id":"60a34d5ba7d0badaa72355c46f786999de74b7deb868a90c512baef272afcce4","bytes_range":"Some(Range { start: 256000000, end: 768000000 })","api_version":"v2"},"filename":"/home/runner/work/xet-core/xet-core/xet_client/src/cas_client/remote_client.rs","line_number":212}
{"timestamp":"2026-07-30T10:17:03.812361Z","level":"INFO","fields":{"message":"Retry strategy","retry":"RetryWrapper { max_attempts: 5, base_delay: 3s, max_duration: 360s, no_retry_on_429: false, retry_on_403: false, expected_416: true, expected_404: false, log_errors_as_info: false, api_tag: \"cas::get_reconstruction_v2\", has_connection_permit: false }"},"filename":"/home/runner/work/xet-core/xet-core/xet_client/src/cas_client/retry_wrapper.rs","line_number":274}
{"timestamp":"2026-07-30T10:17:03.812362Z","level":"INFO","fields":{"message":"Retry strategy","retry":"RetryWrapper { max_attempts: 5, base_delay: 3s, max_duration: 360s, no_retry_on_429: false, retry_on_403: false, expected_416: true, expected_404: false, log_errors_as_info: false, api_tag: \"cas::get_reconstruction_v2\", has_connection_permit: false }"},"filename":"/home/runner/work/xet-core/xet-core/xet_client/src/cas_client/retry_wrapper.rs","line_number":274}
{"timestamp":"2026-07-30T10:17:03.812367Z","level":"INFO","fields":{"message":"Retry strategy","retry":"RetryWrapper { max_attempts: 5, base_delay: 3s, max_duration: 360s, no_retry_on_429: false, retry_on_403: false, expected_416: true, expected_404: false, log_errors_as_info: false, api_tag: \"cas::get_reconstruction_v2\", has_connection_permit: false }"},"filename":"/home/runner/work/xet-core/xet-core/xet_client/src/cas_client/retry_wrapper.rs","line_number":274}
{"timestamp":"2026-07-30T10:17:03.844647Z","level":"INFO","fields":{"message":"Received CAS response","request_id":"Root=1-6a6b249f-5dcca2a771719bbd67e24f3d","status_code":200},"filename":"/home/runner/work/xet-core/xet-core/xet_client/src/common/http_client.rs","line_number":288}
{"timestamp":"2026-07-30T10:17:03.844666Z","level":"INFO","fields":{"message":"Request Success: xet-token api call succeeded (request id Root=1-6a6b249f-5dcca2a771719bbd67e24f3d)."},"filename":"/home/runner/work/xet-core/xet-core/xet_client/src/cas_client/retry_wrapper.rs","line_number":237}
{"timestamp":"2026-07-30T10:17:03.844730Z","level":"INFO","fields":{"message":"TranslatorConfig initialized","endpoint":"https://cas-server.xethub.hf.co","session_id":"Some(\"019fb287-1064-7782-847b-e06192ab2f7d\")","shard_cache":"/mnt/hdd1/TSFM/models/cache/huggingface/xet/https___cas_serv-tGqkUaZf_CBPHQ6h/shard-cache","shard_session":"/mnt/hdd1/TSFM/models/cache/huggingface/xet/https___cas_serv-tGqkUaZf_CBPHQ6h/staging/shard-session"},"filename":"/home/runner/work/xet-core/xet-core/xet_data/src/processing/configurations.rs","line_number":127}
{"timestamp":"2026-07-30T10:17:03.844765Z","level":"INFO","fields":{"message":"HTTP client configured","idle_timeout":"60s","max_idle_connections":16,"custom_headers":"Some({\"user-agent\": \"unknown/None; hf_hub/1.25.1; python/3.11.15; agent/codex; hf_xet/1.5.2\"})"},"filename":"/home/runner/work/xet-core/xet-core/xet_client/src/common/http_client.rs","line_number":187}
{"timestamp":"2026-07-30T10:17:03.844775Z","level":"INFO","fields":{"message":"CAS auth disabled","caller":"/home/runner/work/xet-core/xet-core/xet_client/src/common/http_client.rs:166"},"filename":"/home/runner/work/xet-core/xet-core/xet_runtime/src/error_printer/mod.rs","line_number":198}
{"timestamp":"2026-07-30T10:17:03.844779Z","level":"INFO","fields":{"message":"HTTP client configured","idle_timeout":"60s","max_idle_connections":16,"custom_headers":"Some({\"user-agent\": \"unknown/None; hf_hub/1.25.1; python/3.11.15; agent/codex; hf_xet/1.5.2\"})"},"filename":"/home/runner/work/xet-core/xet-core/xet_client/src/common/http_client.rs","line_number":187}
{"timestamp":"2026-07-30T10:17:03.850633Z","level":"INFO","fields":{"message":"No-read-timeout HTTP client configured (for shard uploads)","connect_timeout":"60s"},"filename":"/home/runner/work/xet-core/xet-core/xet_client/src/common/http_client.rs","line_number":136}
{"timestamp":"2026-07-30T10:17:03.850715Z","level":"INFO","fields":{"message":"New file download group, session_id=019fb287-0086-7282-95db-0127299f6ab8, group_id=11"},"filename":"/home/runner/work/xet-core/xet-core/xet_pkg/src/xet_session/file_download_group.rs","line_number":61}
{"timestamp":"2026-07-30T10:17:03.850963Z","level":"INFO","fields":{"message":"Download file to path","group_id":"11","dest_path":"\"/mnt/hdd1/TSFM/dataset/raw/multi_domain/gift_eval/.cache/huggingface/download/electricity/15T/XOG9AMIdvpNHpLTXF7nF8BY_VZ4=.04f557ca35a2c25318456c0c9a64c5370cbebeeda7517bfb257d7da8baa9f971.086a428a.incomplete\"","hash":"0bfb833809c578440f52260036425f41a023b2f00301e9d5d904e9968be1d5f2"},"filename":"/home/runner/work/xet-core/xet-core/xet_pkg/src/xet_session/file_download_group.rs","line_number":287}
{"timestamp":"2026-07-30T10:17:03.851051Z","level":"INFO","fields":{"message":"Reconstructing file to disk","file_hash":"0bfb833809c578440f52260036425f41a023b2f00301e9d5d904e9968be1d5f2","byte_range":"None","path":"/mnt/hdd1/TSFM/dataset/raw/multi_domain/gift_eval/.cache/huggingface/download/electricity/15T/XOG9AMIdvpNHpLTXF7nF8BY_VZ4=.04f557ca35a2c25318456c0c9a64c5370cbebeeda7517bfb257d7da8baa9f971.086a428a.incomplete","write_offset":"None"},"filename":"/home/runner/work/xet-core/xet-core/xet_data/src/file_reconstruction/file_reconstructor.rs","line_number":126}
{"timestamp":"2026-07-30T10:17:03.851216Z","level":"INFO","fields":{"message":"Scheduling prefetch block","file_hash":"0bfb833809c578440f52260036425f41a023b2f00301e9d5d904e9968be1d5f2","prefetch_range":"(0, 256000000)","requested_block_size":256000000,"actual_block_size":256000000,"queue_depth":1},"filename":"/home/runner/work/xet-core/xet-core/xet_data/src/file_reconstruction/reconstruction_terms/manager.rs","line_number":277}
{"timestamp":"2026-07-30T10:17:03.851237Z","level":"INFO","fields":{"message":"Scheduling prefetch block","file_hash":"0bfb833809c578440f52260036425f41a023b2f00301e9d5d904e9968be1d5f2","prefetch_range":"(256000000, 768000000)","requested_block_size":512000000,"actual_block_size":512000000,"queue_depth":2},"filename":"/home/runner/work/xet-core/xet-core/xet_data/src/file_reconstruction/reconstruction_terms/manager.rs","line_number":277}
{"timestamp":"2026-07-30T10:17:03.851260Z","level":"INFO","fields":{"message":"Scheduling prefetch block","file_hash":"0bfb833809c578440f52260036425f41a023b2f00301e9d5d904e9968be1d5f2","prefetch_range":"(768000000, 1024000000)","requested_block_size":256000000,"actual_block_size":256000000,"queue_depth":3},"filename":"/home/runner/work/xet-core/xet-core/xet_data/src/file_reconstruction/reconstruction_terms/manager.rs","line_number":277}
{"timestamp":"2026-07-30T10:17:03.851288Z","level":"INFO","fields":{"message":"Starting get_reconstruction API call","call_id":13,"file_id":"0bfb833809c578440f52260036425f41a023b2f00301e9d5d904e9968be1d5f2","bytes_range":"Some(Range { start: 768000000, end: 1024000000 })","api_version":"v2"},"filename":"/home/runner/work/xet-core/xet-core/xet_client/src/cas_client/remote_client.rs","line_number":212}
{"timestamp":"2026-07-30T10:17:03.851305Z","level":"INFO","fields":{"message":"Retry strategy","retry":"RetryWrapper { max_attempts: 5, base_delay: 3s, max_duration: 360s, no_retry_on_429: false, retry_on_403: false, expected_416: true, expected_404: false, log_errors_as_info: false, api_tag: \"cas::get_reconstruction_v2\", has_connection_permit: false }"},"filename":"/home/runner/work/xet-core/xet-core/xet_client/src/cas_client/retry_wrapper.rs","line_number":274}
{"timestamp":"2026-07-30T10:17:03.851309Z","level":"INFO","fields":{"message":"Starting get_reconstruction API call","call_id":15,"file_id":"0bfb833809c578440f52260036425f41a023b2f00301e9d5d904e9968be1d5f2","bytes_range":"Some(Range { start: 256000000, end: 768000000 })","api_version":"v2"},"filename":"/home/runner/work/xet-core/xet-core/xet_client/src/cas_client/remote_client.rs","line_number":212}
{"timestamp":"2026-07-30T10:17:03.851327Z","level":"INFO","fields":{"message":"Retry strategy","retry":"RetryWrapper { max_attempts: 5, base_delay: 3s, max_duration: 360s, no_retry_on_429: false, retry_on_403: false, expected_416: true, expected_404: false, log_errors_as_info: false, api_tag: \"cas::get_reconstruction_v2\", has_connection_permit: false }"},"filename":"/home/runner/work/xet-core/xet-core/xet_client/src/cas_client/retry_wrapper.rs","line_number":274}
{"timestamp":"2026-07-30T10:17:03.851306Z","level":"INFO","fields":{"message":"Starting get_reconstruction API call","call_id":14,"file_id":"0bfb833809c578440f52260036425f41a023b2f00301e9d5d904e9968be1d5f2","bytes_range":"Some(Range { start: 0, end: 256000000 })","api_version":"v2"},"filename":"/home/runner/work/xet-core/xet-core/xet_client/src/cas_client/remote_client.rs","line_number":212}
{"timestamp":"2026-07-30T10:17:03.851406Z","level":"INFO","fields":{"message":"Retry strategy","retry":"RetryWrapper { max_attempts: 5, base_delay: 3s, max_duration: 360s, no_retry_on_429: false, retry_on_403: false, expected_416: true, expected_404: false, log_errors_as_info: false, api_tag: \"cas::get_reconstruction_v2\", has_connection_permit: false }"},"filename":"/home/runner/work/xet-core/xet-core/xet_client/src/cas_client/retry_wrapper.rs","line_number":274}
{"timestamp":"2026-07-30T10:17:03.851476Z","level":"INFO","fields":{"message":"Download group finish","group_id":"11"},"filename":"/home/runner/work/xet-core/xet-core/xet_pkg/src/xet_session/file_download_group.rs","line_number":306}
{"timestamp":"2026-07-30T10:17:03.907611Z","level":"INFO","fields":{"message":"Received CAS response","request_id":"Root=1-6a6b249f-2d0bcb202b4056984d25848c","status_code":200},"filename":"/home/runner/work/xet-core/xet-core/xet_client/src/common/http_client.rs","line_number":288}
{"timestamp":"2026-07-30T10:17:03.907633Z","level":"INFO","fields":{"message":"Request Success: xet-token api call succeeded (request id Root=1-6a6b249f-2d0bcb202b4056984d25848c)."},"filename":"/home/runner/work/xet-core/xet-core/xet_client/src/cas_client/retry_wrapper.rs","line_number":237}
{"timestamp":"2026-07-30T10:17:03.907702Z","level":"INFO","fields":{"message":"TranslatorConfig initialized","endpoint":"https://cas-server.xethub.hf.co","session_id":"Some(\"019fb287-10a3-7383-b1a0-9c0ce0f1f1cc\")","shard_cache":"/mnt/hdd1/TSFM/models/cache/huggingface/xet/https___cas_serv-tGqkUaZf_CBPHQ6h/shard-cache","shard_session":"/mnt/hdd1/TSFM/models/cache/huggingface/xet/https___cas_serv-tGqkUaZf_CBPHQ6h/staging/shard-session"},"filename":"/home/runner/work/xet-core/xet-core/xet_data/src/processing/configurations.rs","line_number":127}
{"timestamp":"2026-07-30T10:17:03.907721Z","level":"INFO","fields":{"message":"HTTP client configured","idle_timeout":"60s","max_idle_connections":16,"custom_headers":"Some({\"user-agent\": \"unknown/None; hf_hub/1.25.1; python/3.11.15; agent/codex; hf_xet/1.5.2\"})"},"filename":"/home/runner/work/xet-core/xet-core/xet_client/src/common/http_client.rs","line_number":187}
{"timestamp":"2026-07-30T10:17:03.907732Z","level":"INFO","fields":{"message":"CAS auth disabled","caller":"/home/runner/work/xet-core/xet-core/xet_client/src/common/http_client.rs:166"},"filename":"/home/runner/work/xet-core/xet-core/xet_runtime/src/error_printer/mod.rs","line_number":198}
{"timestamp":"2026-07-30T10:17:03.907737Z","level":"INFO","fields":{"message":"HTTP client configured","idle_timeout":"60s","max_idle_connections":16,"custom_headers":"Some({\"user-agent\": \"unknown/None; hf_hub/1.25.1; python/3.11.15; agent/codex; hf_xet/1.5.2\"})"},"filename":"/home/runner/work/xet-core/xet-core/xet_client/src/common/http_client.rs","line_number":187}
{"timestamp":"2026-07-30T10:17:03.913420Z","level":"INFO","fields":{"message":"No-read-timeout HTTP client configured (for shard uploads)","connect_timeout":"60s"},"filename":"/home/runner/work/xet-core/xet-core/xet_client/src/common/http_client.rs","line_number":136}
{"timestamp":"2026-07-30T10:17:03.913528Z","level":"INFO","fields":{"message":"New file download group, session_id=019fb287-0086-7282-95db-0127299f6ab8, group_id=12"},"filename":"/home/runner/work/xet-core/xet-core/xet_pkg/src/xet_session/file_download_group.rs","line_number":61}
{"timestamp":"2026-07-30T10:17:03.914606Z","level":"INFO","fields":{"message":"Download file to path","group_id":"12","dest_path":"\"/mnt/hdd1/TSFM/dataset/raw/multi_domain/gift_eval/.cache/huggingface/download/electricity/15T/ph-PwKzEizU51qoBvN-kh8yvA-U=.0ccc5977e36618e1c7c50824892ec25a2f35320609e5783e3b695e7a5c805bc5.c69f401e.incomplete\"","hash":"9e32691a8068ddceea08c2c978e0e8b992d7a032ddccc73885c30ae0f15756a4"},"filename":"/home/runner/work/xet-core/xet-core/xet_pkg/src/xet_session/file_download_group.rs","line_number":287}
{"timestamp":"2026-07-30T10:17:03.914697Z","level":"INFO","fields":{"message":"Reconstructing file to disk","file_hash":"9e32691a8068ddceea08c2c978e0e8b992d7a032ddccc73885c30ae0f15756a4","byte_range":"None","path":"/mnt/hdd1/TSFM/dataset/raw/multi_domain/gift_eval/.cache/huggingface/download/electricity/15T/ph-PwKzEizU51qoBvN-kh8yvA-U=.0ccc5977e36618e1c7c50824892ec25a2f35320609e5783e3b695e7a5c805bc5.c69f401e.incomplete","write_offset":"None"},"filename":"/home/runner/work/xet-core/xet-core/xet_data/src/file_reconstruction/file_reconstructor.rs","line_number":126}
{"timestamp":"2026-07-30T10:17:03.914868Z","level":"INFO","fields":{"message":"Scheduling prefetch block","file_hash":"9e32691a8068ddceea08c2c978e0e8b992d7a032ddccc73885c30ae0f15756a4","prefetch_range":"(0, 256000000)","requested_block_size":256000000,"actual_block_size":256000000,"queue_depth":1},"filename":"/home/runner/work/xet-core/xet-core/xet_data/src/file_reconstruction/reconstruction_terms/manager.rs","line_number":277}
{"timestamp":"2026-07-30T10:17:03.914889Z","level":"INFO","fields":{"message":"Scheduling prefetch block","file_hash":"9e32691a8068ddceea08c2c978e0e8b992d7a032ddccc73885c30ae0f15756a4","prefetch_range":"(256000000, 768000000)","requested_block_size":512000000,"actual_block_size":512000000,"queue_depth":2},"filename":"/home/runner/work/xet-core/xet-core/xet_data/src/file_reconstruction/reconstruction_terms/manager.rs","line_number":277}
{"timestamp":"2026-07-30T10:17:03.914894Z","level":"INFO","fields":{"message":"Download group finish","group_id":"12"},"filename":"/home/runner/work/xet-core/xet-core/xet_pkg/src/xet_session/file_download_group.rs","line_number":306}
{"timestamp":"2026-07-30T10:17:03.914911Z","level":"INFO","fields":{"message":"Scheduling prefetch block","file_hash":"9e32691a8068ddceea08c2c978e0e8b992d7a032ddccc73885c30ae0f15756a4","prefetch_range":"(768000000, 1024000000)","requested_block_size":256000000,"actual_block_size":256000000,"queue_depth":3},"filename":"/home/runner/work/xet-core/xet-core/xet_data/src/file_reconstruction/reconstruction_terms/manager.rs","line_number":277}
{"timestamp":"2026-07-30T10:17:03.914942Z","level":"INFO","fields":{"message":"Starting get_reconstruction API call","call_id":16,"file_id":"9e32691a8068ddceea08c2c978e0e8b992d7a032ddccc73885c30ae0f15756a4","bytes_range":"Some(Range { start: 768000000, end: 1024000000 })","api_version":"v2"},"filename":"/home/runner/work/xet-core/xet-core/xet_client/src/cas_client/remote_client.rs","line_number":212}
{"timestamp":"2026-07-30T10:17:03.914959Z","level":"INFO","fields":{"message":"Retry strategy","retry":"RetryWrapper { max_attempts: 5, base_delay: 3s, max_duration: 360s, no_retry_on_429: false, retry_on_403: false, expected_416: true, expected_404: false, log_errors_as_info: false, api_tag: \"cas::get_reconstruction_v2\", has_connection_permit: false }"},"filename":"/home/runner/work/xet-core/xet-core/xet_client/src/cas_client/retry_wrapper.rs","line_number":274}
{"timestamp":"2026-07-30T10:17:03.915004Z","level":"INFO","fields":{"message":"Starting get_reconstruction API call","call_id":17,"file_id":"9e32691a8068ddceea08c2c978e0e8b992d7a032ddccc73885c30ae0f15756a4","bytes_range":"Some(Range { start: 0, end: 256000000 })","api_version":"v2"},"filename":"/home/runner/work/xet-core/xet-core/xet_client/src/cas_client/remote_client.rs","line_number":212}
{"timestamp":"2026-07-30T10:17:03.915006Z","level":"INFO","fields":{"message":"Starting get_reconstruction API call","call_id":18,"file_id":"9e32691a8068ddceea08c2c978e0e8b992d7a032ddccc73885c30ae0f15756a4","bytes_range":"Some(Range { start: 256000000, end: 768000000 })","api_version":"v2"},"filename":"/home/runner/work/xet-core/xet-core/xet_client/src/cas_client/remote_client.rs","line_number":212}
{"timestamp":"2026-07-30T10:17:03.915028Z","level":"INFO","fields":{"message":"Retry strategy","retry":"RetryWrapper { max_attempts: 5, base_delay: 3s, max_duration: 360s, no_retry_on_429: false, retry_on_403: false, expected_416: true, expected_404: false, log_errors_as_info: false, api_tag: \"cas::get_reconstruction_v2\", has_connection_permit: false }"},"filename":"/home/runner/work/xet-core/xet-core/xet_client/src/cas_client/retry_wrapper.rs","line_number":274}
{"timestamp":"2026-07-30T10:17:03.915030Z","level":"INFO","fields":{"message":"Retry strategy","retry":"RetryWrapper { max_attempts: 5, base_delay: 3s, max_duration: 360s, no_retry_on_429: false, retry_on_403: false, expected_416: true, expected_404: false, log_errors_as_info: false, api_tag: \"cas::get_reconstruction_v2\", has_connection_permit: false }"},"filename":"/home/runner/work/xet-core/xet-core/xet_client/src/cas_client/retry_wrapper.rs","line_number":274}
{"timestamp":"2026-07-30T10:17:03.967543Z","level":"INFO","fields":{"message":"CAS auth disabled","caller":"/home/runner/work/xet-core/xet-core/xet_client/src/common/http_client.rs:166"},"filename":"/home/runner/work/xet-core/xet-core/xet_runtime/src/error_printer/mod.rs","line_number":198}
{"timestamp":"2026-07-30T10:17:03.979458Z","level":"INFO","fields":{"message":"HTTP client configured","idle_timeout":"60s","max_idle_connections":16,"custom_headers":"Some({\"user-agent\": \"unknown/None; hf_hub/1.25.1; python/3.11.15; agent/codex\"})"},"filename":"/home/runner/work/xet-core/xet-core/xet_client/src/common/http_client.rs","line_number":187}
{"timestamp":"2026-07-30T10:17:03.979482Z","level":"INFO","fields":{"message":"Retry strategy","retry":"RetryWrapper { max_attempts: 5, base_delay: 3s, max_duration: 360s, no_retry_on_429: false, retry_on_403: false, expected_416: false, expected_404: false, log_errors_as_info: false, api_tag: \"xet-token\", has_connection_permit: false }"},"filename":"/home/runner/work/xet-core/xet-core/xet_client/src/cas_client/retry_wrapper.rs","line_number":274}
{"timestamp":"2026-07-30T10:17:04.201205Z","level":"INFO","fields":{"message":"CAS auth disabled","caller":"/home/runner/work/xet-core/xet-core/xet_client/src/common/http_client.rs:166"},"filename":"/home/runner/work/xet-core/xet-core/xet_runtime/src/error_printer/mod.rs","line_number":198}
{"timestamp":"2026-07-30T10:17:04.201237Z","level":"INFO","fields":{"message":"HTTP client configured","idle_timeout":"60s","max_idle_connections":16,"custom_headers":"Some({\"user-agent\": \"unknown/None; hf_hub/1.25.1; python/3.11.15; agent/codex\"})"},"filename":"/home/runner/work/xet-core/xet-core/xet_client/src/common/http_client.rs","line_number":187}
{"timestamp":"2026-07-30T10:17:04.201253Z","level":"INFO","fields":{"message":"Retry strategy","retry":"RetryWrapper { max_attempts: 5, base_delay: 3s, max_duration: 360s, no_retry_on_429: false, retry_on_403: false, expected_416: false, expected_404: false, log_errors_as_info: false, api_tag: \"xet-token\", has_connection_permit: false }"},"filename":"/home/runner/work/xet-core/xet-core/xet_client/src/cas_client/retry_wrapper.rs","line_number":274}
{"timestamp":"2026-07-30T10:17:04.224956Z","level":"INFO","fields":{"message":"Received CAS response","request_id":"Root=1-6a6b24a0-5f6b7915535d6fe513cb1751","status_code":200},"filename":"/home/runner/work/xet-core/xet-core/xet_client/src/common/http_client.rs","line_number":288}
{"timestamp":"2026-07-30T10:17:04.224980Z","level":"INFO","fields":{"message":"Request Success: xet-token api call succeeded (request id Root=1-6a6b24a0-5f6b7915535d6fe513cb1751)."},"filename":"/home/runner/work/xet-core/xet-core/xet_client/src/cas_client/retry_wrapper.rs","line_number":237}
{"timestamp":"2026-07-30T10:17:04.225341Z","level":"INFO","fields":{"message":"TranslatorConfig initialized","endpoint":"https://cas-server.xethub.hf.co","session_id":"Some(\"019fb287-11e1-78e3-8c2b-7cbac78038f1\")","shard_cache":"/mnt/hdd1/TSFM/models/cache/huggingface/xet/https___cas_serv-tGqkUaZf_CBPHQ6h/shard-cache","shard_session":"/mnt/hdd1/TSFM/models/cache/huggingface/xet/https___cas_serv-tGqkUaZf_CBPHQ6h/staging/shard-session"},"filename":"/home/runner/work/xet-core/xet-core/xet_data/src/processing/configurations.rs","line_number":127}
{"timestamp":"2026-07-30T10:17:04.237924Z","level":"INFO","fields":{"message":"HTTP client configured","idle_timeout":"60s","max_idle_connections":16,"custom_headers":"Some({\"user-agent\": \"unknown/None; hf_hub/1.25.1; python/3.11.15; agent/codex; hf_xet/1.5.2\"})"},"filename":"/home/runner/work/xet-core/xet-core/xet_client/src/common/http_client.rs","line_number":187}
{"timestamp":"2026-07-30T10:17:04.237964Z","level":"INFO","fields":{"message":"CAS auth disabled","caller":"/home/runner/work/xet-core/xet-core/xet_client/src/common/http_client.rs:166"},"filename":"/home/runner/work/xet-core/xet-core/xet_runtime/src/error_printer/mod.rs","line_number":198}
{"timestamp":"2026-07-30T10:17:04.237978Z","level":"INFO","fields":{"message":"HTTP client configured","idle_timeout":"60s","max_idle_connections":16,"custom_headers":"Some({\"user-agent\": \"unknown/None; hf_hub/1.25.1; python/3.11.15; agent/codex; hf_xet/1.5.2\"})"},"filename":"/home/runner/work/xet-core/xet-core/xet_client/src/common/http_client.rs","line_number":187}
{"timestamp":"2026-07-30T10:17:04.249827Z","level":"INFO","fields":{"message":"No-read-timeout HTTP client configured (for shard uploads)","connect_timeout":"60s"},"filename":"/home/runner/work/xet-core/xet-core/xet_client/src/common/http_client.rs","line_number":136}
{"timestamp":"2026-07-30T10:17:04.249958Z","level":"INFO","fields":{"message":"New file download group, session_id=019fb287-0086-7282-95db-0127299f6ab8, group_id=16"},"filename":"/home/runner/work/xet-core/xet-core/xet_pkg/src/xet_session/file_download_group.rs","line_number":61}
{"timestamp":"2026-07-30T10:17:04.250305Z","level":"INFO","fields":{"message":"Download file to path","group_id":"16","dest_path":"\"/mnt/hdd1/TSFM/dataset/raw/multi_domain/gift_eval/.cache/huggingface/download/electricity/D/ph-PwKzEizU51qoBvN-kh8yvA-U=.0777d34b46e892157ff46ee0f0d9f3166b7ccd4579f20a55346a81430e942e43.b383d34c.incomplete\"","hash":"339471e5a3d4b20815055bae8949604101567fb9a8e06c5e4837a680ec5d269e"},"filename":"/home/runner/work/xet-core/xet-core/xet_pkg/src/xet_session/file_download_group.rs","line_number":287}
{"timestamp":"2026-07-30T10:17:04.250407Z","level":"INFO","fields":{"message":"Reconstructing file to disk","file_hash":"339471e5a3d4b20815055bae8949604101567fb9a8e06c5e4837a680ec5d269e","byte_range":"None","path":"/mnt/hdd1/TSFM/dataset/raw/multi_domain/gift_eval/.cache/huggingface/download/electricity/D/ph-PwKzEizU51qoBvN-kh8yvA-U=.0777d34b46e892157ff46ee0f0d9f3166b7ccd4579f20a55346a81430e942e43.b383d34c.incomplete","write_offset":"None"},"filename":"/home/runner/work/xet-core/xet-core/xet_data/src/file_reconstruction/file_reconstructor.rs","line_number":126}
{"timestamp":"2026-07-30T10:17:04.250578Z","level":"INFO","fields":{"message":"Scheduling prefetch block","file_hash":"339471e5a3d4b20815055bae8949604101567fb9a8e06c5e4837a680ec5d269e","prefetch_range":"(0, 256000000)","requested_block_size":256000000,"actual_block_size":256000000,"queue_depth":1},"filename":"/home/runner/work/xet-core/xet-core/xet_data/src/file_reconstruction/reconstruction_terms/manager.rs","line_number":277}
{"timestamp":"2026-07-30T10:17:04.250600Z","level":"INFO","fields":{"message":"Scheduling prefetch block","file_hash":"339471e5a3d4b20815055bae8949604101567fb9a8e06c5e4837a680ec5d269e","prefetch_range":"(256000000, 768000000)","requested_block_size":512000000,"actual_block_size":512000000,"queue_depth":2},"filename":"/home/runner/work/xet-core/xet-core/xet_data/src/file_reconstruction/reconstruction_terms/manager.rs","line_number":277}
{"timestamp":"2026-07-30T10:17:04.250604Z","level":"INFO","fields":{"message":"Download group finish","group_id":"16"},"filename":"/home/runner/work/xet-core/xet-core/xet_pkg/src/xet_session/file_download_group.rs","line_number":306}
{"timestamp":"2026-07-30T10:17:04.250614Z","level":"INFO","fields":{"message":"Scheduling prefetch block","file_hash":"339471e5a3d4b20815055bae8949604101567fb9a8e06c5e4837a680ec5d269e","prefetch_range":"(768000000, 1024000000)","requested_block_size":256000000,"actual_block_size":256000000,"queue_depth":3},"filename":"/home/runner/work/xet-core/xet-core/xet_data/src/file_reconstruction/reconstruction_terms/manager.rs","line_number":277}
{"timestamp":"2026-07-30T10:17:04.250638Z","level":"INFO","fields":{"message":"Starting get_reconstruction API call","call_id":19,"file_id":"339471e5a3d4b20815055bae8949604101567fb9a8e06c5e4837a680ec5d269e","bytes_range":"Some(Range { start: 768000000, end: 1024000000 })","api_version":"v2"},"filename":"/home/runner/work/xet-core/xet-core/xet_client/src/cas_client/remote_client.rs","line_number":212}
{"timestamp":"2026-07-30T10:17:04.250649Z","level":"INFO","fields":{"message":"Retry strategy","retry":"RetryWrapper { max_attempts: 5, base_delay: 3s, max_duration: 360s, no_retry_on_429: false, retry_on_403: false, expected_416: true, expected_404: false, log_errors_as_info: false, api_tag: \"cas::get_reconstruction_v2\", has_connection_permit: false }"},"filename":"/home/runner/work/xet-core/xet-core/xet_client/src/cas_client/retry_wrapper.rs","line_number":274}
{"timestamp":"2026-07-30T10:17:04.250665Z","level":"INFO","fields":{"message":"Starting get_reconstruction API call","call_id":21,"file_id":"339471e5a3d4b20815055bae8949604101567fb9a8e06c5e4837a680ec5d269e","bytes_range":"Some(Range { start: 0, end: 256000000 })","api_version":"v2"},"filename":"/home/runner/work/xet-core/xet-core/xet_client/src/cas_client/remote_client.rs","line_number":212}
{"timestamp":"2026-07-30T10:17:04.250672Z","level":"INFO","fields":{"message":"Starting get_reconstruction API call","call_id":20,"file_id":"339471e5a3d4b20815055bae8949604101567fb9a8e06c5e4837a680ec5d269e","bytes_range":"Some(Range { start: 256000000, end: 768000000 })","api_version":"v2"},"filename":"/home/runner/work/xet-core/xet-core/xet_client/src/cas_client/remote_client.rs","line_number":212}
{"timestamp":"2026-07-30T10:17:04.250682Z","level":"INFO","fields":{"message":"Retry strategy","retry":"RetryWrapper { max_attempts: 5, base_delay: 3s, max_duration: 360s, no_retry_on_429: false, retry_on_403: false, expected_416: true, expected_404: false, log_errors_as_info: false, api_tag: \"cas::get_reconstruction_v2\", has_connection_permit: false }"},"filename":"/home/runner/work/xet-core/xet-core/xet_client/src/cas_client/retry_wrapper.rs","line_number":274}
{"timestamp":"2026-07-30T10:17:04.250688Z","level":"INFO","fields":{"message":"Retry strategy","retry":"RetryWrapper { max_attempts: 5, base_delay: 3s, max_duration: 360s, no_retry_on_429: false, retry_on_403: false, expected_416: true, expected_404: false, log_errors_as_info: false, api_tag: \"cas::get_reconstruction_v2\", has_connection_permit: false }"},"filename":"/home/runner/work/xet-core/xet-core/xet_client/src/cas_client/retry_wrapper.rs","line_number":274}
{"timestamp":"2026-07-30T10:17:04.311452Z","level":"INFO","fields":{"message":"Concurrency control for download: Increased concurrency from 6 to 7; reason: success ratio 1.000 is above threshold 0.800 and predicted RTT for 61MB at new concurrency is 6.42s < target 60.0s"},"filename":"/home/runner/work/xet-core/xet-core/xet_client/src/cas_client/adaptive_concurrency/controller.rs","line_number":548}
{"timestamp":"2026-07-30T10:17:04.471257Z","level":"INFO","fields":{"message":"Received CAS response","request_id":"Root=1-6a6b24a0-329e906d733ece9649164a86","status_code":200},"filename":"/home/runner/work/xet-core/xet-core/xet_client/src/common/http_client.rs","line_number":288}
{"timestamp":"2026-07-30T10:17:04.471295Z","level":"INFO","fields":{"message":"Request Success: xet-token api call succeeded (request id Root=1-6a6b24a0-329e906d733ece9649164a86)."},"filename":"/home/runner/work/xet-core/xet-core/xet_client/src/cas_client/retry_wrapper.rs","line_number":237}
{"timestamp":"2026-07-30T10:17:04.471429Z","level":"INFO","fields":{"message":"TranslatorConfig initialized","endpoint":"https://cas-server.xethub.hf.co","session_id":"Some(\"019fb287-12d7-7da0-9cf0-ccf5d70e8f80\")","shard_cache":"/mnt/hdd1/TSFM/models/cache/huggingface/xet/https___cas_serv-tGqkUaZf_CBPHQ6h/shard-cache","shard_session":"/mnt/hdd1/TSFM/models/cache/huggingface/xet/https___cas_serv-tGqkUaZf_CBPHQ6h/staging/shard-session"},"filename":"/home/runner/work/xet-core/xet-core/xet_data/src/processing/configurations.rs","line_number":127}
{"timestamp":"2026-07-30T10:17:04.471462Z","level":"INFO","fields":{"message":"HTTP client configured","idle_timeout":"60s","max_idle_connections":16,"custom_headers":"Some({\"user-agent\": \"unknown/None; hf_hub/1.25.1; python/3.11.15; agent/codex; hf_xet/1.5.2\"})"},"filename":"/home/runner/work/xet-core/xet-core/xet_client/src/common/http_client.rs","line_number":187}
{"timestamp":"2026-07-30T10:17:04.471479Z","level":"INFO","fields":{"message":"CAS auth disabled","caller":"/home/runner/work/xet-core/xet-core/xet_client/src/common/http_client.rs:166"},"filename":"/home/runner/work/xet-core/xet-core/xet_runtime/src/error_printer/mod.rs","line_number":198}
{"timestamp":"2026-07-30T10:17:04.471490Z","level":"INFO","fields":{"message":"HTTP client configured","idle_timeout":"60s","max_idle_connections":16,"custom_headers":"Some({\"user-agent\": \"unknown/None; hf_hub/1.25.1; python/3.11.15; agent/codex; hf_xet/1.5.2\"})"},"filename":"/home/runner/work/xet-core/xet-core/xet_client/src/common/http_client.rs","line_number":187}
{"timestamp":"2026-07-30T10:17:04.485563Z","level":"INFO","fields":{"message":"No-read-timeout HTTP client configured (for shard uploads)","connect_timeout":"60s"},"filename":"/home/runner/work/xet-core/xet-core/xet_client/src/common/http_client.rs","line_number":136}
{"timestamp":"2026-07-30T10:17:04.485689Z","level":"INFO","fields":{"message":"New file download group, session_id=019fb287-0086-7282-95db-0127299f6ab8, group_id=17"},"filename":"/home/runner/work/xet-core/xet-core/xet_pkg/src/xet_session/file_download_group.rs","line_number":61}
{"timestamp":"2026-07-30T10:17:04.485872Z","level":"INFO","fields":{"message":"Download file to path","group_id":"17","dest_path":"\"/mnt/hdd1/TSFM/dataset/raw/multi_domain/gift_eval/.cache/huggingface/download/electricity/H/ph-PwKzEizU51qoBvN-kh8yvA-U=.0d3146c6291665126efdf87d0fe92356027d911017afaf956c17627d109b628b.ca0dcb39.incomplete\"","hash":"bdf26b124609fd89b16495f1b79a59b12793161be4e3d15c3daaf65a7e0a8c91"},"filename":"/home/runner/work/xet-core/xet-core/xet_pkg/src/xet_session/file_download_group.rs","line_number":287}
{"timestamp":"2026-07-30T10:17:04.485961Z","level":"INFO","fields":{"message":"Reconstructing file to disk","file_hash":"bdf26b124609fd89b16495f1b79a59b12793161be4e3d15c3daaf65a7e0a8c91","byte_range":"None","path":"/mnt/hdd1/TSFM/dataset/raw/multi_domain/gift_eval/.cache/huggingface/download/electricity/H/ph-PwKzEizU51qoBvN-kh8yvA-U=.0d3146c6291665126efdf87d0fe92356027d911017afaf956c17627d109b628b.ca0dcb39.incomplete","write_offset":"None"},"filename":"/home/runner/work/xet-core/xet-core/xet_data/src/file_reconstruction/file_reconstructor.rs","line_number":126}
{"timestamp":"2026-07-30T10:17:04.486109Z","level":"INFO","fields":{"message":"Download group finish","group_id":"17"},"filename":"/home/runner/work/xet-core/xet-core/xet_pkg/src/xet_session/file_download_group.rs","line_number":306}
{"timestamp":"2026-07-30T10:17:04.486375Z","level":"INFO","fields":{"message":"Scheduling prefetch block","file_hash":"bdf26b124609fd89b16495f1b79a59b12793161be4e3d15c3daaf65a7e0a8c91","prefetch_range":"(0, 256000000)","requested_block_size":256000000,"actual_block_size":256000000,"queue_depth":1},"filename":"/home/runner/work/xet-core/xet-core/xet_data/src/file_reconstruction/reconstruction_terms/manager.rs","line_number":277}
{"timestamp":"2026-07-30T10:17:04.486399Z","level":"INFO","fields":{"message":"Scheduling prefetch block","file_hash":"bdf26b124609fd89b16495f1b79a59b12793161be4e3d15c3daaf65a7e0a8c91","prefetch_range":"(256000000, 768000000)","requested_block_size":512000000,"actual_block_size":512000000,"queue_depth":2},"filename":"/home/runner/work/xet-core/xet-core/xet_data/src/file_reconstruction/reconstruction_terms/manager.rs","line_number":277}
{"timestamp":"2026-07-30T10:17:04.486416Z","level":"INFO","fields":{"message":"Scheduling prefetch block","file_hash":"bdf26b124609fd89b16495f1b79a59b12793161be4e3d15c3daaf65a7e0a8c91","prefetch_range":"(768000000, 1024000000)","requested_block_size":256000000,"actual_block_size":256000000,"queue_depth":3},"filename":"/home/runner/work/xet-core/xet-core/xet_data/src/file_reconstruction/reconstruction_terms/manager.rs","line_number":277}
{"timestamp":"2026-07-30T10:17:04.486444Z","level":"INFO","fields":{"message":"Starting get_reconstruction API call","call_id":23,"file_id":"bdf26b124609fd89b16495f1b79a59b12793161be4e3d15c3daaf65a7e0a8c91","bytes_range":"Some(Range { start: 768000000, end: 1024000000 })","api_version":"v2"},"filename":"/home/runner/work/xet-core/xet-core/xet_client/src/cas_client/remote_client.rs","line_number":212}
{"timestamp":"2026-07-30T10:17:04.486444Z","level":"INFO","fields":{"message":"Starting get_reconstruction API call","call_id":22,"file_id":"bdf26b124609fd89b16495f1b79a59b12793161be4e3d15c3daaf65a7e0a8c91","bytes_range":"Some(Range { start: 0, end: 256000000 })","api_version":"v2"},"filename":"/home/runner/work/xet-core/xet-core/xet_client/src/cas_client/remote_client.rs","line_number":212}
{"timestamp":"2026-07-30T10:17:04.486458Z","level":"INFO","fields":{"message":"Retry strategy","retry":"RetryWrapper { max_attempts: 5, base_delay: 3s, max_duration: 360s, no_retry_on_429: false, retry_on_403: false, expected_416: true, expected_404: false, log_errors_as_info: false, api_tag: \"cas::get_reconstruction_v2\", has_connection_permit: false }"},"filename":"/home/runner/work/xet-core/xet-core/xet_client/src/cas_client/retry_wrapper.rs","line_number":274}
{"timestamp":"2026-07-30T10:17:04.486458Z","level":"INFO","fields":{"message":"Retry strategy","retry":"RetryWrapper { max_attempts: 5, base_delay: 3s, max_duration: 360s, no_retry_on_429: false, retry_on_403: false, expected_416: true, expected_404: false, log_errors_as_info: false, api_tag: \"cas::get_reconstruction_v2\", has_connection_permit: false }"},"filename":"/home/runner/work/xet-core/xet-core/xet_client/src/cas_client/retry_wrapper.rs","line_number":274}
{"timestamp":"2026-07-30T10:17:04.486458Z","level":"INFO","fields":{"message":"Starting get_reconstruction API call","call_id":24,"file_id":"bdf26b124609fd89b16495f1b79a59b12793161be4e3d15c3daaf65a7e0a8c91","bytes_range":"Some(Range { start: 256000000, end: 768000000 })","api_version":"v2"},"filename":"/home/runner/work/xet-core/xet-core/xet_client/src/cas_client/remote_client.rs","line_number":212}
{"timestamp":"2026-07-30T10:17:04.486475Z","level":"INFO","fields":{"message":"Retry strategy","retry":"RetryWrapper { max_attempts: 5, base_delay: 3s, max_duration: 360s, no_retry_on_429: false, retry_on_403: false, expected_416: true, expected_404: false, log_errors_as_info: false, api_tag: \"cas::get_reconstruction_v2\", has_connection_permit: false }"},"filename":"/home/runner/work/xet-core/xet-core/xet_client/src/cas_client/retry_wrapper.rs","line_number":274}
{"timestamp":"2026-07-30T10:17:04.573361Z","level":"INFO","fields":{"message":"Received CAS response","request_id":"01KYS8E4NJQ16RA9FZ1QB6V5FM","status_code":416},"filename":"/home/runner/work/xet-core/xet-core/xet_client/src/common/http_client.rs","line_number":288}
{"timestamp":"2026-07-30T10:17:04.573406Z","level":"INFO","fields":{"message":"Reached end of reconstruction 416 (Range Not Satisfiable): \"cas::get_reconstruction_v2\" api call failed (request id 01KYS8E4NJQ16RA9FZ1QB6V5FM): HTTP status client error (416 Range Not Satisfiable) for url (https://cas-server.xethub.hf.co/v2/reconstructions/60a34d5ba7d0badaa72355c46f786999de74b7deb868a90c512baef272afcce4)"},"filename":"/home/runner/work/xet-core/xet-core/xet_client/src/cas_client/retry_wrapper.rs","line_number":189}
{"timestamp":"2026-07-30T10:17:04.576649Z","level":"INFO","fields":{"message":"Received CAS response","request_id":"01KYS8E4NHZ66390KEQXPCVNRG","status_code":416},"filename":"/home/runner/work/xet-core/xet-core/xet_client/src/common/http_client.rs","line_number":288}
{"timestamp":"2026-07-30T10:17:04.576674Z","level":"INFO","fields":{"message":"Reached end of reconstruction 416 (Range Not Satisfiable): \"cas::get_reconstruction_v2\" api call failed (request id 01KYS8E4NHZ66390KEQXPCVNRG): HTTP status client error (416 Range Not Satisfiable) for url (https://cas-server.xethub.hf.co/v2/reconstructions/60a34d5ba7d0badaa72355c46f786999de74b7deb868a90c512baef272afcce4)"},"filename":"/home/runner/work/xet-core/xet-core/xet_client/src/cas_client/retry_wrapper.rs","line_number":189}
{"timestamp":"2026-07-30T10:17:04.612489Z","level":"INFO","fields":{"message":"Received CAS response","request_id":"01KYS8E4PNAEB34WDG69EZV33C","status_code":416},"filename":"/home/runner/work/xet-core/xet-core/xet_client/src/common/http_client.rs","line_number":288}
{"timestamp":"2026-07-30T10:17:04.612521Z","level":"INFO","fields":{"message":"Reached end of reconstruction 416 (Range Not Satisfiable): \"cas::get_reconstruction_v2\" api call failed (request id 01KYS8E4PNAEB34WDG69EZV33C): HTTP status client error (416 Range Not Satisfiable) for url (https://cas-server.xethub.hf.co/v2/reconstructions/0bfb833809c578440f52260036425f41a023b2f00301e9d5d904e9968be1d5f2)"},"filename":"/home/runner/work/xet-core/xet-core/xet_client/src/cas_client/retry_wrapper.rs","line_number":189}
{"timestamp":"2026-07-30T10:17:04.634731Z","level":"INFO","fields":{"message":"Received CAS response","request_id":"01KYS8E4Q4HSFNXGN716YE8ADM","status_code":416},"filename":"/home/runner/work/xet-core/xet-core/xet_client/src/common/http_client.rs","line_number":288}
{"timestamp":"2026-07-30T10:17:04.634760Z","level":"INFO","fields":{"message":"Reached end of reconstruction 416 (Range Not Satisfiable): \"cas::get_reconstruction_v2\" api call failed (request id 01KYS8E4Q4HSFNXGN716YE8ADM): HTTP status client error (416 Range Not Satisfiable) for url (https://cas-server.xethub.hf.co/v2/reconstructions/0bfb833809c578440f52260036425f41a023b2f00301e9d5d904e9968be1d5f2)"},"filename":"/home/runner/work/xet-core/xet-core/xet_client/src/cas_client/retry_wrapper.rs","line_number":189}
{"timestamp":"2026-07-30T10:17:04.664372Z","level":"INFO","fields":{"message":"Received CAS response","request_id":"01KYS8E4RCRJGPXFKWP48WGHN5","status_code":416},"filename":"/home/runner/work/xet-core/xet-core/xet_client/src/common/http_client.rs","line_number":288}
{"timestamp":"2026-07-30T10:17:04.664403Z","level":"INFO","fields":{"message":"Reached end of reconstruction 416 (Range Not Satisfiable): \"cas::get_reconstruction_v2\" api call failed (request id 01KYS8E4RCRJGPXFKWP48WGHN5): HTTP status client error (416 Range Not Satisfiable) for url (https://cas-server.xethub.hf.co/v2/reconstructions/9e32691a8068ddceea08c2c978e0e8b992d7a032ddccc73885c30ae0f15756a4)"},"filename":"/home/runner/work/xet-core/xet-core/xet_client/src/cas_client/retry_wrapper.rs","line_number":189}
{"timestamp":"2026-07-30T10:17:04.703483Z","level":"INFO","fields":{"message":"Received CAS response","request_id":"01KYS8E4S956Q7A7KQ3VT67ZSS","status_code":416},"filename":"/home/runner/work/xet-core/xet-core/xet_client/src/common/http_client.rs","line_number":288}
{"timestamp":"2026-07-30T10:17:04.703515Z","level":"INFO","fields":{"message":"Reached end of reconstruction 416 (Range Not Satisfiable): \"cas::get_reconstruction_v2\" api call failed (request id 01KYS8E4S956Q7A7KQ3VT67ZSS): HTTP status client error (416 Range Not Satisfiable) for url (https://cas-server.xethub.hf.co/v2/reconstructions/9e32691a8068ddceea08c2c978e0e8b992d7a032ddccc73885c30ae0f15756a4)"},"filename":"/home/runner/work/xet-core/xet-core/xet_client/src/cas_client/retry_wrapper.rs","line_number":189}
{"timestamp":"2026-07-30T10:17:04.995609Z","level":"INFO","fields":{"message":"Received CAS response","request_id":"01KYS8E52R3PZ6FVGJPSXHC1D3","status_code":416},"filename":"/home/runner/work/xet-core/xet-core/xet_client/src/common/http_client.rs","line_number":288}
{"timestamp":"2026-07-30T10:17:04.995655Z","level":"INFO","fields":{"message":"Reached end of reconstruction 416 (Range Not Satisfiable): \"cas::get_reconstruction_v2\" api call failed (request id 01KYS8E52R3PZ6FVGJPSXHC1D3): HTTP status client error (416 Range Not Satisfiable) for url (https://cas-server.xethub.hf.co/v2/reconstructions/339471e5a3d4b20815055bae8949604101567fb9a8e06c5e4837a680ec5d269e)"},"filename":"/home/runner/work/xet-core/xet-core/xet_client/src/cas_client/retry_wrapper.rs","line_number":189}
{"timestamp":"2026-07-30T10:17:05.022738Z","level":"INFO","fields":{"message":"Received CAS response","request_id":"01KYS8E53DXHXRJ3H40D0F7WCE","status_code":416},"filename":"/home/runner/work/xet-core/xet-core/xet_client/src/common/http_client.rs","line_number":288}
{"timestamp":"2026-07-30T10:17:05.022773Z","level":"INFO","fields":{"message":"Reached end of reconstruction 416 (Range Not Satisfiable): \"cas::get_reconstruction_v2\" api call failed (request id 01KYS8E53DXHXRJ3H40D0F7WCE): HTTP status client error (416 Range Not Satisfiable) for url (https://cas-server.xethub.hf.co/v2/reconstructions/339471e5a3d4b20815055bae8949604101567fb9a8e06c5e4837a680ec5d269e)"},"filename":"/home/runner/work/xet-core/xet-core/xet_client/src/cas_client/retry_wrapper.rs","line_number":189}
{"timestamp":"2026-07-30T10:17:05.121176Z","level":"INFO","fields":{"message":"Received CAS response","request_id":"01KYS8E53AWQR41R4GFH3X51E0","status_code":200},"filename":"/home/runner/work/xet-core/xet-core/xet_client/src/common/http_client.rs","line_number":288}
{"timestamp":"2026-07-30T10:17:05.121222Z","level":"INFO","fields":{"message":"Request Success: cas::get_reconstruction_v2 api call succeeded (request id 01KYS8E53AWQR41R4GFH3X51E0)."},"filename":"/home/runner/work/xet-core/xet-core/xet_client/src/cas_client/retry_wrapper.rs","line_number":237}
{"timestamp":"2026-07-30T10:17:05.121266Z","level":"INFO","fields":{"message":"Completed get_reconstruction API call","call_id":21,"file_id":"339471e5a3d4b20815055bae8949604101567fb9a8e06c5e4837a680ec5d269e","bytes_range":"Some(Range { start: 0, end: 256000000 })","api_version":"v2"},"filename":"/home/runner/work/xet-core/xet-core/xet_client/src/cas_client/remote_client.rs","line_number":236}
{"timestamp":"2026-07-30T10:17:05.121323Z","level":"INFO","fields":{"message":"Received block of file terms from prefetch queue","file_hash":"339471e5a3d4b20815055bae8949604101567fb9a8e06c5e4837a680ec5d269e","domain":"us.aws.cdn.hf.co","block_start":0,"block_end":2173304,"block_size":1},"filename":"/home/runner/work/xet-core/xet-core/xet_data/src/file_reconstruction/reconstruction_terms/manager.rs","line_number":156}
{"timestamp":"2026-07-30T10:17:05.121355Z","level":"INFO","fields":{"message":"Updated completion rate estimate based on previous block completion time (seconds).","file_hash":"339471e5a3d4b20815055bae8949604101567fb9a8e06c5e4837a680ec5d269e","block_start":0,"block_end":2173304,"block_size":2173304,"completion_time":0.000030273},"filename":"/home/runner/work/xet-core/xet-core/xet_data/src/file_reconstruction/reconstruction_terms/manager.rs","line_number":109}
{"timestamp":"2026-07-30T10:17:05.121366Z","level":"INFO","fields":{"message":"Completed prefetch queue; end of file reached.","file_hash":"339471e5a3d4b20815055bae8949604101567fb9a8e06c5e4837a680ec5d269e","prefetched_byte_position":1024000000},"filename":"/home/runner/work/xet-core/xet-core/xet_data/src/file_reconstruction/reconstruction_terms/manager.rs","line_number":183}
{"timestamp":"2026-07-30T10:17:05.121371Z","level":"INFO","fields":{"message":"All term blocks received and scheduled for writing","file_hash":"339471e5a3d4b20815055bae8949604101567fb9a8e06c5e4837a680ec5d269e","block_count":1,"total_terms_processed":1,"total_bytes_scheduled":2173304},"filename":"/home/runner/work/xet-core/xet-core/xet_data/src/file_reconstruction/run_state.rs","line_number":150}
{"timestamp":"2026-07-30T10:17:05.121394Z","level":"INFO","fields":{"message":"Retry strategy","retry":"RetryWrapper { max_attempts: 5, base_delay: 3s, max_duration: 360s, no_retry_on_429: false, retry_on_403: true, expected_416: false, expected_404: false, log_errors_as_info: false, api_tag: \"s3::get_range\", has_connection_permit: true }"},"filename":"/home/runner/work/xet-core/xet-core/xet_client/src/cas_client/retry_wrapper.rs","line_number":274}
{"timestamp":"2026-07-30T10:17:05.122248Z","level":"INFO","fields":{"message":"CAS auth disabled","caller":"/home/runner/work/xet-core/xet-core/xet_client/src/common/http_client.rs:166"},"filename":"/home/runner/work/xet-core/xet-core/xet_runtime/src/error_printer/mod.rs","line_number":198}
{"timestamp":"2026-07-30T10:17:05.134205Z","level":"INFO","fields":{"message":"HTTP client configured","idle_timeout":"60s","max_idle_connections":16,"custom_headers":"Some({\"user-agent\": \"unknown/None; hf_hub/1.25.1; python/3.11.15; agent/codex\"})"},"filename":"/home/runner/work/xet-core/xet-core/xet_client/src/common/http_client.rs","line_number":187}
{"timestamp":"2026-07-30T10:17:05.134227Z","level":"INFO","fields":{"message":"Retry strategy","retry":"RetryWrapper { max_attempts: 5, base_delay: 3s, max_duration: 360s, no_retry_on_429: false, retry_on_403: false, expected_416: false, expected_404: false, log_errors_as_info: false, api_tag: \"xet-token\", has_connection_permit: false }"},"filename":"/home/runner/work/xet-core/xet-core/xet_client/src/cas_client/retry_wrapper.rs","line_number":274}
{"timestamp":"2026-07-30T10:17:05.185601Z","level":"INFO","fields":{"message":"Received CAS response","request_id":"01KYS8E58MFMHN0GW32B54Q3YC","status_code":416},"filename":"/home/runner/work/xet-core/xet-core/xet_client/src/common/http_client.rs","line_number":288}
{"timestamp":"2026-07-30T10:17:05.185641Z","level":"INFO","fields":{"message":"Reached end of reconstruction 416 (Range Not Satisfiable): \"cas::get_reconstruction_v2\" api call failed (request id 01KYS8E58MFMHN0GW32B54Q3YC): HTTP status client error (416 Range Not Satisfiable) for url (https://cas-server.xethub.hf.co/v2/reconstructions/bdf26b124609fd89b16495f1b79a59b12793161be4e3d15c3daaf65a7e0a8c91)"},"filename":"/home/runner/work/xet-core/xet-core/xet_client/src/cas_client/retry_wrapper.rs","line_number":189}
{"timestamp":"2026-07-30T10:17:05.241130Z","level":"INFO","fields":{"message":"Received CAS response","request_id":"01KYS8E5AA5PZFDES9A88AS2TT","status_code":416},"filename":"/home/runner/work/xet-core/xet-core/xet_client/src/common/http_client.rs","line_number":288}
{"timestamp":"2026-07-30T10:17:05.241166Z","level":"INFO","fields":{"message":"Reached end of reconstruction 416 (Range Not Satisfiable): \"cas::get_reconstruction_v2\" api call failed (request id 01KYS8E5AA5PZFDES9A88AS2TT): HTTP status client error (416 Range Not Satisfiable) for url (https://cas-server.xethub.hf.co/v2/reconstructions/bdf26b124609fd89b16495f1b79a59b12793161be4e3d15c3daaf65a7e0a8c91)"},"filename":"/home/runner/work/xet-core/xet-core/xet_client/src/cas_client/retry_wrapper.rs","line_number":189}
{"timestamp":"2026-07-30T10:17:05.246430Z","level":"INFO","fields":{"message":"File reconstruction completed successfully","file_hash":"7b11a6fc1924ae52cf9256d03bd74653dca29ab3f812d6bec5aaf8f049ff3f16","block_count":1,"total_terms_processed":3,"total_bytes_scheduled":135824024},"filename":"/home/runner/work/xet-core/xet-core/xet_data/src/file_reconstruction/run_state.rs","line_number":150}
{"timestamp":"2026-07-30T10:17:05.302565Z","level":"INFO","fields":{"message":"Received CAS response","request_id":"01KYS8E4SA616W42Z3V9HQFJV1","status_code":200},"filename":"/home/runner/work/xet-core/xet-core/xet_client/src/common/http_client.rs","line_number":288}
{"timestamp":"2026-07-30T10:17:05.302594Z","level":"INFO","fields":{"message":"Request Success: cas::get_reconstruction_v2 api call succeeded (request id 01KYS8E4SA616W42Z3V9HQFJV1)."},"filename":"/home/runner/work/xet-core/xet-core/xet_client/src/cas_client/retry_wrapper.rs","line_number":237}
{"timestamp":"2026-07-30T10:17:05.332330Z","level":"INFO","fields":{"message":"Received CAS response","request_id":"01KYS8E4PA9Q3NQ6T8E9XPM914","status_code":200},"filename":"/home/runner/work/xet-core/xet-core/xet_client/src/common/http_client.rs","line_number":288}
{"timestamp":"2026-07-30T10:17:05.332347Z","level":"INFO","fields":{"message":"Request Success: cas::get_reconstruction_v2 api call succeeded (request id 01KYS8E4PA9Q3NQ6T8E9XPM914)."},"filename":"/home/runner/work/xet-core/xet-core/xet_client/src/cas_client/retry_wrapper.rs","line_number":237}
{"timestamp":"2026-07-30T10:17:05.349626Z","level":"INFO","fields":{"message":"Received CAS response","request_id":"01KYS8E4NWRG28F3CBB81SQ965","status_code":200},"filename":"/home/runner/work/xet-core/xet-core/xet_client/src/common/http_client.rs","line_number":288}
{"timestamp":"2026-07-30T10:17:05.349672Z","level":"INFO","fields":{"message":"Request Success: cas::get_reconstruction_v2 api call succeeded (request id 01KYS8E4NWRG28F3CBB81SQ965)."},"filename":"/home/runner/work/xet-core/xet-core/xet_client/src/cas_client/retry_wrapper.rs","line_number":237}
{"timestamp":"2026-07-30T10:17:05.379439Z","level":"INFO","fields":{"message":"Received CAS response","request_id":"Root=1-6a6b24a1-69567aa84e40f03b41d79108","status_code":200},"filename":"/home/runner/work/xet-core/xet-core/xet_client/src/common/http_client.rs","line_number":288}
{"timestamp":"2026-07-30T10:17:05.379473Z","level":"INFO","fields":{"message":"Request Success: xet-token api call succeeded (request id Root=1-6a6b24a1-69567aa84e40f03b41d79108)."},"filename":"/home/runner/work/xet-core/xet-core/xet_client/src/cas_client/retry_wrapper.rs","line_number":237}
{"timestamp":"2026-07-30T10:17:05.379582Z","level":"INFO","fields":{"message":"TranslatorConfig initialized","endpoint":"https://cas-server.xethub.hf.co","session_id":"Some(\"019fb287-1663-7bc1-9403-84cb4b9633ae\")","shard_cache":"/mnt/hdd1/TSFM/models/cache/huggingface/xet/https___cas_serv-tGqkUaZf_CBPHQ6h/shard-cache","shard_session":"/mnt/hdd1/TSFM/models/cache/huggingface/xet/https___cas_serv-tGqkUaZf_CBPHQ6h/staging/shard-session"},"filename":"/home/runner/work/xet-core/xet-core/xet_data/src/processing/configurations.rs","line_number":127}
{"timestamp":"2026-07-30T10:17:05.391455Z","level":"INFO","fields":{"message":"HTTP client configured","idle_timeout":"60s","max_idle_connections":16,"custom_headers":"Some({\"user-agent\": \"unknown/None; hf_hub/1.25.1; python/3.11.15; agent/codex; hf_xet/1.5.2\"})"},"filename":"/home/runner/work/xet-core/xet-core/xet_client/src/common/http_client.rs","line_number":187}
{"timestamp":"2026-07-30T10:17:05.391478Z","level":"INFO","fields":{"message":"CAS auth disabled","caller":"/home/runner/work/xet-core/xet-core/xet_client/src/common/http_client.rs:166"},"filename":"/home/runner/work/xet-core/xet-core/xet_runtime/src/error_printer/mod.rs","line_number":198}
{"timestamp":"2026-07-30T10:17:05.391486Z","level":"INFO","fields":{"message":"HTTP client configured","idle_timeout":"60s","max_idle_connections":16,"custom_headers":"Some({\"user-agent\": \"unknown/None; hf_hub/1.25.1; python/3.11.15; agent/codex; hf_xet/1.5.2\"})"},"filename":"/home/runner/work/xet-core/xet-core/xet_client/src/common/http_client.rs","line_number":187}
{"timestamp":"2026-07-30T10:17:05.402969Z","level":"INFO","fields":{"message":"No-read-timeout HTTP client configured (for shard uploads)","connect_timeout":"60s"},"filename":"/home/runner/work/xet-core/xet-core/xet_client/src/common/http_client.rs","line_number":136}
{"timestamp":"2026-07-30T10:17:05.403083Z","level":"INFO","fields":{"message":"New file download group, session_id=019fb287-0086-7282-95db-0127299f6ab8, group_id=21"},"filename":"/home/runner/work/xet-core/xet-core/xet_pkg/src/xet_session/file_download_group.rs","line_number":61}
{"timestamp":"2026-07-30T10:17:05.403378Z","level":"INFO","fields":{"message":"Download file to path","group_id":"21","dest_path":"\"/mnt/hdd1/TSFM/dataset/raw/multi_domain/gift_eval/.cache/huggingface/download/electricity/W/ph-PwKzEizU51qoBvN-kh8yvA-U=.e8158126a2d15fc985d69290c68ca04940684c02bacb70bff421dd2bd947a2f8.016dc773.incomplete\"","hash":"e37906a7ddd4327672a30d67617e84e1ab153ea60e363987fd2cd04d133139f0"},"filename":"/home/runner/work/xet-core/xet-core/xet_pkg/src/xet_session/file_download_group.rs","line_number":287}
{"timestamp":"2026-07-30T10:17:05.403468Z","level":"INFO","fields":{"message":"Reconstructing file to disk","file_hash":"e37906a7ddd4327672a30d67617e84e1ab153ea60e363987fd2cd04d133139f0","byte_range":"None","path":"/mnt/hdd1/TSFM/dataset/raw/multi_domain/gift_eval/.cache/huggingface/download/electricity/W/ph-PwKzEizU51qoBvN-kh8yvA-U=.e8158126a2d15fc985d69290c68ca04940684c02bacb70bff421dd2bd947a2f8.016dc773.incomplete","write_offset":"None"},"filename":"/home/runner/work/xet-core/xet-core/xet_data/src/file_reconstruction/file_reconstructor.rs","line_number":126}
{"timestamp":"2026-07-30T10:17:05.403673Z","level":"INFO","fields":{"message":"Download group finish","group_id":"21"},"filename":"/home/runner/work/xet-core/xet-core/xet_pkg/src/xet_session/file_download_group.rs","line_number":306}
{"timestamp":"2026-07-30T10:17:05.403784Z","level":"INFO","fields":{"message":"Scheduling prefetch block","file_hash":"e37906a7ddd4327672a30d67617e84e1ab153ea60e363987fd2cd04d133139f0","prefetch_range":"(0, 256000000)","requested_block_size":256000000,"actual_block_size":256000000,"queue_depth":1},"filename":"/home/runner/work/xet-core/xet-core/xet_data/src/file_reconstruction/reconstruction_terms/manager.rs","line_number":277}
{"timestamp":"2026-07-30T10:17:05.403801Z","level":"INFO","fields":{"message":"Scheduling prefetch block","file_hash":"e37906a7ddd4327672a30d67617e84e1ab153ea60e363987fd2cd04d133139f0","prefetch_range":"(256000000, 768000000)","requested_block_size":512000000,"actual_block_size":512000000,"queue_depth":2},"filename":"/home/runner/work/xet-core/xet-core/xet_data/src/file_reconstruction/reconstruction_terms/manager.rs","line_number":277}
{"timestamp":"2026-07-30T10:17:05.403811Z","level":"INFO","fields":{"message":"Scheduling prefetch block","file_hash":"e37906a7ddd4327672a30d67617e84e1ab153ea60e363987fd2cd04d133139f0","prefetch_range":"(768000000, 1024000000)","requested_block_size":256000000,"actual_block_size":256000000,"queue_depth":3},"filename":"/home/runner/work/xet-core/xet-core/xet_data/src/file_reconstruction/reconstruction_terms/manager.rs","line_number":277}
{"timestamp":"2026-07-30T10:17:05.403839Z","level":"INFO","fields":{"message":"Starting get_reconstruction API call","call_id":25,"file_id":"e37906a7ddd4327672a30d67617e84e1ab153ea60e363987fd2cd04d133139f0","bytes_range":"Some(Range { start: 768000000, end: 1024000000 })","api_version":"v2"},"filename":"/home/runner/work/xet-core/xet-core/xet_client/src/cas_client/remote_client.rs","line_number":212}
{"timestamp":"2026-07-30T10:17:05.403854Z","level":"INFO","fields":{"message":"Retry strategy","retry":"RetryWrapper { max_attempts: 5, base_delay: 3s, max_duration: 360s, no_retry_on_429: false, retry_on_403: false, expected_416: true, expected_404: false, log_errors_as_info: false, api_tag: \"cas::get_reconstruction_v2\", has_connection_permit: false }"},"filename":"/home/runner/work/xet-core/xet-core/xet_client/src/cas_client/retry_wrapper.rs","line_number":274}
{"timestamp":"2026-07-30T10:17:05.403886Z","level":"INFO","fields":{"message":"Starting get_reconstruction API call","call_id":26,"file_id":"e37906a7ddd4327672a30d67617e84e1ab153ea60e363987fd2cd04d133139f0","bytes_range":"Some(Range { start: 0, end: 256000000 })","api_version":"v2"},"filename":"/home/runner/work/xet-core/xet-core/xet_client/src/cas_client/remote_client.rs","line_number":212}
{"timestamp":"2026-07-30T10:17:05.403922Z","level":"INFO","fields":{"message":"Retry strategy","retry":"RetryWrapper { max_attempts: 5, base_delay: 3s, max_duration: 360s, no_retry_on_429: false, retry_on_403: false, expected_416: true, expected_404: false, log_errors_as_info: false, api_tag: \"cas::get_reconstruction_v2\", has_connection_permit: false }"},"filename":"/home/runner/work/xet-core/xet-core/xet_client/src/cas_client/retry_wrapper.rs","line_number":274}
{"timestamp":"2026-07-30T10:17:05.403978Z","level":"INFO","fields":{"message":"Starting get_reconstruction API call","call_id":27,"file_id":"e37906a7ddd4327672a30d67617e84e1ab153ea60e363987fd2cd04d133139f0","bytes_range":"Some(Range { start: 256000000, end: 768000000 })","api_version":"v2"},"filename":"/home/runner/work/xet-core/xet-core/xet_client/src/cas_client/remote_client.rs","line_number":212}
{"timestamp":"2026-07-30T10:17:05.404015Z","level":"INFO","fields":{"message":"Retry strategy","retry":"RetryWrapper { max_attempts: 5, base_delay: 3s, max_duration: 360s, no_retry_on_429: false, retry_on_403: false, expected_416: true, expected_404: false, log_errors_as_info: false, api_tag: \"cas::get_reconstruction_v2\", has_connection_permit: false }"},"filename":"/home/runner/work/xet-core/xet-core/xet_client/src/cas_client/retry_wrapper.rs","line_number":274}
{"timestamp":"2026-07-30T10:17:05.431266Z","level":"INFO","fields":{"message":"Received CAS response","request_id":"01KYS8E59H03NBJ06ECPMY9XK6","status_code":200},"filename":"/home/runner/work/xet-core/xet-core/xet_client/src/common/http_client.rs","line_number":288}
{"timestamp":"2026-07-30T10:17:05.431295Z","level":"INFO","fields":{"message":"Request Success: cas::get_reconstruction_v2 api call succeeded (request id 01KYS8E59H03NBJ06ECPMY9XK6)."},"filename":"/home/runner/work/xet-core/xet-core/xet_client/src/cas_client/retry_wrapper.rs","line_number":237}
{"timestamp":"2026-07-30T10:17:05.431407Z","level":"INFO","fields":{"message":"Completed get_reconstruction API call","call_id":22,"file_id":"bdf26b124609fd89b16495f1b79a59b12793161be4e3d15c3daaf65a7e0a8c91","bytes_range":"Some(Range { start: 0, end: 256000000 })","api_version":"v2"},"filename":"/home/runner/work/xet-core/xet-core/xet_client/src/cas_client/remote_client.rs","line_number":236}
{"timestamp":"2026-07-30T10:17:05.431518Z","level":"INFO","fields":{"message":"Received block of file terms from prefetch queue","file_hash":"bdf26b124609fd89b16495f1b79a59b12793161be4e3d15c3daaf65a7e0a8c91","domain":"us.aws.cdn.hf.co","block_start":0,"block_end":51905744,"block_size":55},"filename":"/home/runner/work/xet-core/xet-core/xet_data/src/file_reconstruction/reconstruction_terms/manager.rs","line_number":156}
{"timestamp":"2026-07-30T10:17:05.431588Z","level":"INFO","fields":{"message":"Retry strategy","retry":"RetryWrapper { max_attempts: 5, base_delay: 3s, max_duration: 360s, no_retry_on_429: false, retry_on_403: true, expected_416: false, expected_404: false, log_errors_as_info: false, api_tag: \"s3::get_range\", has_connection_permit: true }"},"filename":"/home/runner/work/xet-core/xet-core/xet_client/src/cas_client/retry_wrapper.rs","line_number":274}
{"timestamp":"2026-07-30T10:17:05.431678Z","level":"INFO","fields":{"message":"Updated completion rate estimate based on previous block completion time (seconds).","file_hash":"bdf26b124609fd89b16495f1b79a59b12793161be4e3d15c3daaf65a7e0a8c91","block_start":0,"block_end":51905744,"block_size":51905744,"completion_time":0.000157896},"filename":"/home/runner/work/xet-core/xet-core/xet_data/src/file_reconstruction/reconstruction_terms/manager.rs","line_number":109}
{"timestamp":"2026-07-30T10:17:05.431663Z","level":"INFO","fields":{"message":"Retry strategy","retry":"RetryWrapper { max_attempts: 5, base_delay: 3s, max_duration: 360s, no_retry_on_429: false, retry_on_403: true, expected_416: false, expected_404: false, log_errors_as_info: false, api_tag: \"s3::get_range\", has_connection_permit: true }"},"filename":"/home/runner/work/xet-core/xet-core/xet_client/src/cas_client/retry_wrapper.rs","line_number":274}
{"timestamp":"2026-07-30T10:17:05.431691Z","level":"INFO","fields":{"message":"Completed prefetch queue; end of file reached.","file_hash":"bdf26b124609fd89b16495f1b79a59b12793161be4e3d15c3daaf65a7e0a8c91","prefetched_byte_position":1024000000},"filename":"/home/runner/work/xet-core/xet-core/xet_data/src/file_reconstruction/reconstruction_terms/manager.rs","line_number":183}
{"timestamp":"2026-07-30T10:17:05.431697Z","level":"INFO","fields":{"message":"All term blocks received and scheduled for writing","file_hash":"bdf26b124609fd89b16495f1b79a59b12793161be4e3d15c3daaf65a7e0a8c91","block_count":1,"total_terms_processed":55,"total_bytes_scheduled":51905744},"filename":"/home/runner/work/xet-core/xet-core/xet_data/src/file_reconstruction/run_state.rs","line_number":150}
{"timestamp":"2026-07-30T10:17:05.629797Z","level":"INFO","fields":{"message":"Received CAS response","request_id":"01KYS8E5MZ4DN9PK0SMVF30CE9","status_code":206},"filename":"/home/runner/work/xet-core/xet-core/xet_client/src/common/http_client.rs","line_number":288}
{"timestamp":"2026-07-30T10:17:05.629831Z","level":"INFO","fields":{"message":"Request Success: s3::get_range api call succeeded (request id 01KYS8E5MZ4DN9PK0SMVF30CE9)."},"filename":"/home/runner/work/xet-core/xet-core/xet_client/src/cas_client/retry_wrapper.rs","line_number":237}
{"timestamp":"2026-07-30T10:17:05.662238Z","level":"INFO","fields":{"message":"Concurrency control for download: Increased concurrency from 7 to 8; reason: success ratio 1.000 is above threshold 0.800 and predicted RTT for 61MB at new concurrency is 6.29s < target 60.0s"},"filename":"/home/runner/work/xet-core/xet-core/xet_client/src/cas_client/adaptive_concurrency/controller.rs","line_number":548}
{"timestamp":"2026-07-30T10:17:05.702283Z","level":"INFO","fields":{"message":"Completed get_reconstruction API call","call_id":14,"file_id":"0bfb833809c578440f52260036425f41a023b2f00301e9d5d904e9968be1d5f2","bytes_range":"Some(Range { start: 0, end: 256000000 })","api_version":"v2"},"filename":"/home/runner/work/xet-core/xet-core/xet_client/src/cas_client/remote_client.rs","line_number":236}
{"timestamp":"2026-07-30T10:17:05.703088Z","level":"INFO","fields":{"message":"Received block of file terms from prefetch queue","file_hash":"0bfb833809c578440f52260036425f41a023b2f00301e9d5d904e9968be1d5f2","domain":"us.aws.cdn.hf.co","block_start":0,"block_end":207592288,"block_size":689},"filename":"/home/runner/work/xet-core/xet-core/xet_data/src/file_reconstruction/reconstruction_terms/manager.rs","line_number":156}
{"timestamp":"2026-07-30T10:17:05.703173Z","level":"INFO","fields":{"message":"Retry strategy","retry":"RetryWrapper { max_attempts: 5, base_delay: 3s, max_duration: 360s, no_retry_on_429: false, retry_on_403: true, expected_416: false, expected_404: false, log_errors_as_info: false, api_tag: \"s3::get_range\", has_connection_permit: true }"},"filename":"/home/runner/work/xet-core/xet-core/xet_client/src/cas_client/retry_wrapper.rs","line_number":274}
{"timestamp":"2026-07-30T10:17:05.703218Z","level":"INFO","fields":{"message":"Retry strategy","retry":"RetryWrapper { max_attempts: 5, base_delay: 3s, max_duration: 360s, no_retry_on_429: false, retry_on_403: true, expected_416: false, expected_404: false, log_errors_as_info: false, api_tag: \"s3::get_range\", has_connection_permit: true }"},"filename":"/home/runner/work/xet-core/xet-core/xet_client/src/cas_client/retry_wrapper.rs","line_number":274}
{"timestamp":"2026-07-30T10:17:05.703333Z","level":"INFO","fields":{"message":"Retry strategy","retry":"RetryWrapper { max_attempts: 5, base_delay: 3s, max_duration: 360s, no_retry_on_429: false, retry_on_403: true, expected_416: false, expected_404: false, log_errors_as_info: false, api_tag: \"s3::get_range\", has_connection_permit: true }"},"filename":"/home/runner/work/xet-core/xet-core/xet_client/src/cas_client/retry_wrapper.rs","line_number":274}
{"timestamp":"2026-07-30T10:17:05.703893Z","level":"INFO","fields":{"message":"Retry strategy","retry":"RetryWrapper { max_attempts: 5, base_delay: 3s, max_duration: 360s, no_retry_on_429: false, retry_on_403: true, expected_416: false, expected_404: false, log_errors_as_info: false, api_tag: \"s3::get_range\", has_connection_permit: true }"},"filename":"/home/runner/work/xet-core/xet-core/xet_client/src/cas_client/retry_wrapper.rs","line_number":274}
{"timestamp":"2026-07-30T10:17:05.703916Z","level":"INFO","fields":{"message":"Retry strategy","retry":"RetryWrapper { max_attempts: 5, base_delay: 3s, max_duration: 360s, no_retry_on_429: false, retry_on_403: true, expected_416: false, expected_404: false, log_errors_as_info: false, api_tag: \"s3::get_range\", has_connection_permit: true }"},"filename":"/home/runner/work/xet-core/xet-core/xet_client/src/cas_client/retry_wrapper.rs","line_number":274}
{"timestamp":"2026-07-30T10:17:05.709693Z","level":"INFO","fields":{"message":"Updated completion rate estimate based on previous block completion time (seconds).","file_hash":"0bfb833809c578440f52260036425f41a023b2f00301e9d5d904e9968be1d5f2","block_start":0,"block_end":207592288,"block_size":207592288,"completion_time":0.006603973},"filename":"/home/runner/work/xet-core/xet-core/xet_data/src/file_reconstruction/reconstruction_terms/manager.rs","line_number":109}
{"timestamp":"2026-07-30T10:17:05.709713Z","level":"INFO","fields":{"message":"Completed prefetch queue; end of file reached.","file_hash":"0bfb833809c578440f52260036425f41a023b2f00301e9d5d904e9968be1d5f2","prefetched_byte_position":1024000000},"filename":"/home/runner/work/xet-core/xet-core/xet_data/src/file_reconstruction/reconstruction_terms/manager.rs","line_number":183}
{"timestamp":"2026-07-30T10:17:05.709720Z","level":"INFO","fields":{"message":"All term blocks received and scheduled for writing","file_hash":"0bfb833809c578440f52260036425f41a023b2f00301e9d5d904e9968be1d5f2","block_count":1,"total_terms_processed":689,"total_bytes_scheduled":207592288},"filename":"/home/runner/work/xet-core/xet-core/xet_data/src/file_reconstruction/run_state.rs","line_number":150}
{"timestamp":"2026-07-30T10:17:05.735268Z","level":"INFO","fields":{"message":"Completed get_reconstruction API call","call_id":10,"file_id":"60a34d5ba7d0badaa72355c46f786999de74b7deb868a90c512baef272afcce4","bytes_range":"Some(Range { start: 0, end: 256000000 })","api_version":"v2"},"filename":"/home/runner/work/xet-core/xet-core/xet_client/src/cas_client/remote_client.rs","line_number":236}
{"timestamp":"2026-07-30T10:17:05.736001Z","level":"INFO","fields":{"message":"Received block of file terms from prefetch queue","file_hash":"60a34d5ba7d0badaa72355c46f786999de74b7deb868a90c512baef272afcce4","domain":"us.aws.cdn.hf.co","block_start":0,"block_end":207592288,"block_size":562},"filename":"/home/runner/work/xet-core/xet-core/xet_data/src/file_reconstruction/reconstruction_terms/manager.rs","line_number":156}
{"timestamp":"2026-07-30T10:17:05.740377Z","level":"INFO","fields":{"message":"Updated completion rate estimate based on previous block completion time (seconds).","file_hash":"60a34d5ba7d0badaa72355c46f786999de74b7deb868a90c512baef272afcce4","block_start":0,"block_end":207592288,"block_size":207592288,"completion_time":0.004374028},"filename":"/home/runner/work/xet-core/xet-core/xet_data/src/file_reconstruction/reconstruction_terms/manager.rs","line_number":109}
{"timestamp":"2026-07-30T10:17:05.740394Z","level":"INFO","fields":{"message":"Completed prefetch queue; end of file reached.","file_hash":"60a34d5ba7d0badaa72355c46f786999de74b7deb868a90c512baef272afcce4","prefetched_byte_position":1024000000},"filename":"/home/runner/work/xet-core/xet-core/xet_data/src/file_reconstruction/reconstruction_terms/manager.rs","line_number":183}
{"timestamp":"2026-07-30T10:17:05.740400Z","level":"INFO","fields":{"message":"All term blocks received and scheduled for writing","file_hash":"60a34d5ba7d0badaa72355c46f786999de74b7deb868a90c512baef272afcce4","block_count":1,"total_terms_processed":562,"total_bytes_scheduled":207592288},"filename":"/home/runner/work/xet-core/xet-core/xet_data/src/file_reconstruction/run_state.rs","line_number":150}
{"timestamp":"2026-07-30T10:17:05.873598Z","level":"INFO","fields":{"message":"Received CAS response","request_id":"01KYS8E5YEAYW70FSSWFJFMHE7","status_code":206},"filename":"/home/runner/work/xet-core/xet-core/xet_client/src/common/http_client.rs","line_number":288}
{"timestamp":"2026-07-30T10:17:05.873632Z","level":"INFO","fields":{"message":"Request Success: s3::get_range api call succeeded (request id 01KYS8E5YEAYW70FSSWFJFMHE7)."},"filename":"/home/runner/work/xet-core/xet-core/xet_client/src/cas_client/retry_wrapper.rs","line_number":237}
{"timestamp":"2026-07-30T10:17:05.873782Z","level":"INFO","fields":{"message":"Retry strategy","retry":"RetryWrapper { max_attempts: 5, base_delay: 3s, max_duration: 360s, no_retry_on_429: false, retry_on_403: true, expected_416: false, expected_404: false, log_errors_as_info: false, api_tag: \"s3::get_range\", has_connection_permit: true }"},"filename":"/home/runner/work/xet-core/xet-core/xet_client/src/cas_client/retry_wrapper.rs","line_number":274}
{"timestamp":"2026-07-30T10:17:05.888524Z","level":"INFO","fields":{"message":"Completed get_reconstruction API call","call_id":17,"file_id":"9e32691a8068ddceea08c2c978e0e8b992d7a032ddccc73885c30ae0f15756a4","bytes_range":"Some(Range { start: 0, end: 256000000 })","api_version":"v2"},"filename":"/home/runner/work/xet-core/xet-core/xet_client/src/cas_client/remote_client.rs","line_number":236}
{"timestamp":"2026-07-30T10:17:05.889821Z","level":"INFO","fields":{"message":"Received block of file terms from prefetch queue","file_hash":"9e32691a8068ddceea08c2c978e0e8b992d7a032ddccc73885c30ae0f15756a4","domain":"us.aws.cdn.hf.co","block_start":0,"block_end":207590640,"block_size":689},"filename":"/home/runner/work/xet-core/xet-core/xet_data/src/file_reconstruction/reconstruction_terms/manager.rs","line_number":156}
{"timestamp":"2026-07-30T10:17:05.892402Z","level":"INFO","fields":{"message":"Updated completion rate estimate based on previous block completion time (seconds).","file_hash":"9e32691a8068ddceea08c2c978e0e8b992d7a032ddccc73885c30ae0f15756a4","block_start":0,"block_end":207590640,"block_size":207590640,"completion_time":0.00258096},"filename":"/home/runner/work/xet-core/xet-core/xet_data/src/file_reconstruction/reconstruction_terms/manager.rs","line_number":109}
{"timestamp":"2026-07-30T10:17:05.892419Z","level":"INFO","fields":{"message":"Completed prefetch queue; end of file reached.","file_hash":"9e32691a8068ddceea08c2c978e0e8b992d7a032ddccc73885c30ae0f15756a4","prefetched_byte_position":1024000000},"filename":"/home/runner/work/xet-core/xet-core/xet_data/src/file_reconstruction/reconstruction_terms/manager.rs","line_number":183}
{"timestamp":"2026-07-30T10:17:05.892426Z","level":"INFO","fields":{"message":"All term blocks received and scheduled for writing","file_hash":"9e32691a8068ddceea08c2c978e0e8b992d7a032ddccc73885c30ae0f15756a4","block_count":1,"total_terms_processed":689,"total_bytes_scheduled":207590640},"filename":"/home/runner/work/xet-core/xet-core/xet_data/src/file_reconstruction/run_state.rs","line_number":150}
{"timestamp":"2026-07-30T10:17:05.933307Z","level":"INFO","fields":{"message":"Received CAS response","request_id":"01KYS8E5XYR0J18SQVK488NFQ2","status_code":206},"filename":"/home/runner/work/xet-core/xet-core/xet_client/src/common/http_client.rs","line_number":288}
{"timestamp":"2026-07-30T10:17:05.933338Z","level":"INFO","fields":{"message":"Request Success: s3::get_range api call succeeded (request id 01KYS8E5XYR0J18SQVK488NFQ2)."},"filename":"/home/runner/work/xet-core/xet-core/xet_client/src/cas_client/retry_wrapper.rs","line_number":237}
{"timestamp":"2026-07-30T10:17:06.147880Z","level":"INFO","fields":{"message":"Received CAS response","request_id":"01KYS8E66V4MYFCNT30ZGKWSA0","status_code":206},"filename":"/home/runner/work/xet-core/xet-core/xet_client/src/common/http_client.rs","line_number":288}
{"timestamp":"2026-07-30T10:17:06.147913Z","level":"INFO","fields":{"message":"Request Success: s3::get_range api call succeeded (request id 01KYS8E66V4MYFCNT30ZGKWSA0)."},"filename":"/home/runner/work/xet-core/xet-core/xet_client/src/cas_client/retry_wrapper.rs","line_number":237}
{"timestamp":"2026-07-30T10:17:06.161662Z","level":"INFO","fields":{"message":"Received CAS response","request_id":"01KYS8E6755V6AW99A6DF3ASYS","status_code":416},"filename":"/home/runner/work/xet-core/xet-core/xet_client/src/common/http_client.rs","line_number":288}
{"timestamp":"2026-07-30T10:17:06.161700Z","level":"INFO","fields":{"message":"Reached end of reconstruction 416 (Range Not Satisfiable): \"cas::get_reconstruction_v2\" api call failed (request id 01KYS8E6755V6AW99A6DF3ASYS): HTTP status client error (416 Range Not Satisfiable) for url (https://cas-server.xethub.hf.co/v2/reconstructions/e37906a7ddd4327672a30d67617e84e1ab153ea60e363987fd2cd04d133139f0)"},"filename":"/home/runner/work/xet-core/xet-core/xet_client/src/cas_client/retry_wrapper.rs","line_number":189}
{"timestamp":"2026-07-30T10:17:06.175732Z","level":"INFO","fields":{"message":"Concurrency control for download: Increased concurrency from 8 to 9; reason: success ratio 1.000 is above threshold 0.800 and predicted RTT for 61MB at new concurrency is 7.80s < target 60.0s"},"filename":"/home/runner/work/xet-core/xet-core/xet_client/src/cas_client/adaptive_concurrency/controller.rs","line_number":548}
{"timestamp":"2026-07-30T10:17:06.175777Z","level":"INFO","fields":{"message":"Retry strategy","retry":"RetryWrapper { max_attempts: 5, base_delay: 3s, max_duration: 360s, no_retry_on_429: false, retry_on_403: true, expected_416: false, expected_404: false, log_errors_as_info: false, api_tag: \"s3::get_range\", has_connection_permit: true }"},"filename":"/home/runner/work/xet-core/xet-core/xet_client/src/cas_client/retry_wrapper.rs","line_number":274}
{"timestamp":"2026-07-30T10:17:06.182832Z","level":"INFO","fields":{"message":"Received CAS response","request_id":"01KYS8E66A20S889F9GJT0SRWQ","status_code":206},"filename":"/home/runner/work/xet-core/xet-core/xet_client/src/common/http_client.rs","line_number":288}
{"timestamp":"2026-07-30T10:17:06.182862Z","level":"INFO","fields":{"message":"Request Success: s3::get_range api call succeeded (request id 01KYS8E66A20S889F9GJT0SRWQ)."},"filename":"/home/runner/work/xet-core/xet-core/xet_client/src/cas_client/retry_wrapper.rs","line_number":237}
{"timestamp":"2026-07-30T10:17:06.188682Z","level":"INFO","fields":{"message":"Received CAS response","request_id":"01KYS8E67Q3DADP9R3VD8KQKJQ","status_code":416},"filename":"/home/runner/work/xet-core/xet-core/xet_client/src/common/http_client.rs","line_number":288}
{"timestamp":"2026-07-30T10:17:06.188706Z","level":"INFO","fields":{"message":"Reached end of reconstruction 416 (Range Not Satisfiable): \"cas::get_reconstruction_v2\" api call failed (request id 01KYS8E67Q3DADP9R3VD8KQKJQ): HTTP status client error (416 Range Not Satisfiable) for url (https://cas-server.xethub.hf.co/v2/reconstructions/e37906a7ddd4327672a30d67617e84e1ab153ea60e363987fd2cd04d133139f0)"},"filename":"/home/runner/work/xet-core/xet-core/xet_client/src/cas_client/retry_wrapper.rs","line_number":189}
{"timestamp":"2026-07-30T10:17:06.208507Z","level":"INFO","fields":{"message":"Received CAS response","request_id":"01KYS8E67173SWENF11CPRD55E","status_code":206},"filename":"/home/runner/work/xet-core/xet-core/xet_client/src/common/http_client.rs","line_number":288}
{"timestamp":"2026-07-30T10:17:06.208536Z","level":"INFO","fields":{"message":"Request Success: s3::get_range api call succeeded (request id 01KYS8E67173SWENF11CPRD55E)."},"filename":"/home/runner/work/xet-core/xet-core/xet_client/src/cas_client/retry_wrapper.rs","line_number":237}
{"timestamp":"2026-07-30T10:17:06.212004Z","level":"INFO","fields":{"message":"Received CAS response","request_id":"01KYS8E66BKSY493K4NFGAN5YV","status_code":206},"filename":"/home/runner/work/xet-core/xet-core/xet_client/src/common/http_client.rs","line_number":288}
{"timestamp":"2026-07-30T10:17:06.212025Z","level":"INFO","fields":{"message":"Request Success: s3::get_range api call succeeded (request id 01KYS8E66BKSY493K4NFGAN5YV)."},"filename":"/home/runner/work/xet-core/xet-core/xet_client/src/cas_client/retry_wrapper.rs","line_number":237}
{"timestamp":"2026-07-30T10:17:06.222045Z","level":"INFO","fields":{"message":"Received CAS response","request_id":"01KYS8E6745MBXFDTVFSNDGBAF","status_code":206},"filename":"/home/runner/work/xet-core/xet-core/xet_client/src/common/http_client.rs","line_number":288}
{"timestamp":"2026-07-30T10:17:06.222065Z","level":"INFO","fields":{"message":"Request Success: s3::get_range api call succeeded (request id 01KYS8E6745MBXFDTVFSNDGBAF)."},"filename":"/home/runner/work/xet-core/xet-core/xet_client/src/cas_client/retry_wrapper.rs","line_number":237}
{"timestamp":"2026-07-30T10:17:06.331957Z","level":"INFO","fields":{"message":"Received CAS response","request_id":"01KYS8E679ND5JS6YF1P9R0FD2","status_code":200},"filename":"/home/runner/work/xet-core/xet-core/xet_client/src/common/http_client.rs","line_number":288}
{"timestamp":"2026-07-30T10:17:06.331998Z","level":"INFO","fields":{"message":"Request Success: cas::get_reconstruction_v2 api call succeeded (request id 01KYS8E679ND5JS6YF1P9R0FD2)."},"filename":"/home/runner/work/xet-core/xet-core/xet_client/src/cas_client/retry_wrapper.rs","line_number":237}
{"timestamp":"2026-07-30T10:17:06.332034Z","level":"INFO","fields":{"message":"Completed get_reconstruction API call","call_id":26,"file_id":"e37906a7ddd4327672a30d67617e84e1ab153ea60e363987fd2cd04d133139f0","bytes_range":"Some(Range { start: 0, end: 256000000 })","api_version":"v2"},"filename":"/home/runner/work/xet-core/xet-core/xet_client/src/cas_client/remote_client.rs","line_number":236}
{"timestamp":"2026-07-30T10:17:06.332079Z","level":"INFO","fields":{"message":"Received block of file terms from prefetch queue","file_hash":"e37906a7ddd4327672a30d67617e84e1ab153ea60e363987fd2cd04d133139f0","domain":"us.aws.cdn.hf.co","block_start":0,"block_end":320344,"block_size":1},"filename":"/home/runner/work/xet-core/xet-core/xet_data/src/file_reconstruction/reconstruction_terms/manager.rs","line_number":156}
{"timestamp":"2026-07-30T10:17:06.332114Z","level":"INFO","fields":{"message":"Updated completion rate estimate based on previous block completion time (seconds).","file_hash":"e37906a7ddd4327672a30d67617e84e1ab153ea60e363987fd2cd04d133139f0","block_start":0,"block_end":320344,"block_size":320344,"completion_time":0.000034429},"filename":"/home/runner/work/xet-core/xet-core/xet_data/src/file_reconstruction/reconstruction_terms/manager.rs","line_number":109}
{"timestamp":"2026-07-30T10:17:06.332123Z","level":"INFO","fields":{"message":"Completed prefetch queue; end of file reached.","file_hash":"e37906a7ddd4327672a30d67617e84e1ab153ea60e363987fd2cd04d133139f0","prefetched_byte_position":1024000000},"filename":"/home/runner/work/xet-core/xet-core/xet_data/src/file_reconstruction/reconstruction_terms/manager.rs","line_number":183}
{"timestamp":"2026-07-30T10:17:06.332128Z","level":"INFO","fields":{"message":"All term blocks received and scheduled for writing","file_hash":"e37906a7ddd4327672a30d67617e84e1ab153ea60e363987fd2cd04d133139f0","block_count":1,"total_terms_processed":1,"total_bytes_scheduled":320344},"filename":"/home/runner/work/xet-core/xet-core/xet_data/src/file_reconstruction/run_state.rs","line_number":150}
{"timestamp":"2026-07-30T10:17:06.346689Z","level":"INFO","fields":{"message":"Received CAS response","request_id":"01KYS8E6BNEHB3THJVVD280E1P","status_code":206},"filename":"/home/runner/work/xet-core/xet-core/xet_client/src/common/http_client.rs","line_number":288}
{"timestamp":"2026-07-30T10:17:06.346711Z","level":"INFO","fields":{"message":"Request Success: s3::get_range api call succeeded (request id 01KYS8E6BNEHB3THJVVD280E1P)."},"filename":"/home/runner/work/xet-core/xet-core/xet_client/src/cas_client/retry_wrapper.rs","line_number":237}
{"timestamp":"2026-07-30T10:17:06.377191Z","level":"INFO","fields":{"message":"Retry strategy","retry":"RetryWrapper { max_attempts: 5, base_delay: 3s, max_duration: 360s, no_retry_on_429: false, retry_on_403: true, expected_416: false, expected_404: false, log_errors_as_info: false, api_tag: \"s3::get_range\", has_connection_permit: true }"},"filename":"/home/runner/work/xet-core/xet-core/xet_client/src/cas_client/retry_wrapper.rs","line_number":274}
{"timestamp":"2026-07-30T10:17:06.385492Z","level":"INFO","fields":{"message":"File reconstruction completed successfully","file_hash":"339471e5a3d4b20815055bae8949604101567fb9a8e06c5e4837a680ec5d269e","block_count":1,"total_terms_processed":1,"total_bytes_scheduled":2173304},"filename":"/home/runner/work/xet-core/xet-core/xet_data/src/file_reconstruction/run_state.rs","line_number":150}
{"timestamp":"2026-07-30T10:17:06.411819Z","level":"INFO","fields":{"message":"Retry strategy","retry":"RetryWrapper { max_attempts: 5, base_delay: 3s, max_duration: 360s, no_retry_on_429: false, retry_on_403: true, expected_416: false, expected_404: false, log_errors_as_info: false, api_tag: \"s3::get_range\", has_connection_permit: true }"},"filename":"/home/runner/work/xet-core/xet-core/xet_client/src/cas_client/retry_wrapper.rs","line_number":274}
{"timestamp":"2026-07-30T10:17:06.441940Z","level":"INFO","fields":{"message":"Retry strategy","retry":"RetryWrapper { max_attempts: 5, base_delay: 3s, max_duration: 360s, no_retry_on_429: false, retry_on_403: true, expected_416: false, expected_404: false, log_errors_as_info: false, api_tag: \"s3::get_range\", has_connection_permit: true }"},"filename":"/home/runner/work/xet-core/xet-core/xet_client/src/cas_client/retry_wrapper.rs","line_number":274}
{"timestamp":"2026-07-30T10:17:06.596865Z","level":"INFO","fields":{"message":"Received CAS response","request_id":"01KYS8E6KXQ1Y4AHWD6ARYQGNA","status_code":206},"filename":"/home/runner/work/xet-core/xet-core/xet_client/src/common/http_client.rs","line_number":288}
{"timestamp":"2026-07-30T10:17:06.596890Z","level":"INFO","fields":{"message":"Request Success: s3::get_range api call succeeded (request id 01KYS8E6KXQ1Y4AHWD6ARYQGNA)."},"filename":"/home/runner/work/xet-core/xet-core/xet_client/src/cas_client/retry_wrapper.rs","line_number":237}
{"timestamp":"2026-07-30T10:17:06.625543Z","level":"INFO","fields":{"message":"Received CAS response","request_id":"01KYS8E6MTH31JAX1FT7Y9BKG9","status_code":206},"filename":"/home/runner/work/xet-core/xet-core/xet_client/src/common/http_client.rs","line_number":288}
{"timestamp":"2026-07-30T10:17:06.625569Z","level":"INFO","fields":{"message":"Request Success: s3::get_range api call succeeded (request id 01KYS8E6MTH31JAX1FT7Y9BKG9)."},"filename":"/home/runner/work/xet-core/xet-core/xet_client/src/cas_client/retry_wrapper.rs","line_number":237}
{"timestamp":"2026-07-30T10:17:06.662105Z","level":"INFO","fields":{"message":"Received CAS response","request_id":"01KYS8E6N4XEZPE3M3K5PW968A","status_code":206},"filename":"/home/runner/work/xet-core/xet-core/xet_client/src/common/http_client.rs","line_number":288}
{"timestamp":"2026-07-30T10:17:06.662125Z","level":"INFO","fields":{"message":"Request Success: s3::get_range api call succeeded (request id 01KYS8E6N4XEZPE3M3K5PW968A)."},"filename":"/home/runner/work/xet-core/xet-core/xet_client/src/cas_client/retry_wrapper.rs","line_number":237}
{"timestamp":"2026-07-30T10:17:06.691704Z","level":"INFO","fields":{"message":"Concurrency control for download: Increased concurrency from 9 to 10; reason: success ratio 1.000 is above threshold 0.800 and predicted RTT for 61MB at new concurrency is 8.71s < target 60.0s"},"filename":"/home/runner/work/xet-core/xet-core/xet_client/src/cas_client/adaptive_concurrency/controller.rs","line_number":548}
{"timestamp":"2026-07-30T10:17:06.691746Z","level":"INFO","fields":{"message":"Retry strategy","retry":"RetryWrapper { max_attempts: 5, base_delay: 3s, max_duration: 360s, no_retry_on_429: false, retry_on_403: true, expected_416: false, expected_404: false, log_errors_as_info: false, api_tag: \"s3::get_range\", has_connection_permit: true }"},"filename":"/home/runner/work/xet-core/xet-core/xet_client/src/cas_client/retry_wrapper.rs","line_number":274}
{"timestamp":"2026-07-30T10:17:06.784912Z","level":"INFO","fields":{"message":"Retry strategy","retry":"RetryWrapper { max_attempts: 5, base_delay: 3s, max_duration: 360s, no_retry_on_429: false, retry_on_403: true, expected_416: false, expected_404: false, log_errors_as_info: false, api_tag: \"s3::get_range\", has_connection_permit: true }"},"filename":"/home/runner/work/xet-core/xet-core/xet_client/src/cas_client/retry_wrapper.rs","line_number":274}
{"timestamp":"2026-07-30T10:17:06.829620Z","level":"INFO","fields":{"message":"Received CAS response","request_id":"01KYS8E6V9R9XEZ1GYWS4F007Q","status_code":206},"filename":"/home/runner/work/xet-core/xet-core/xet_client/src/common/http_client.rs","line_number":288}
{"timestamp":"2026-07-30T10:17:06.829648Z","level":"INFO","fields":{"message":"Request Success: s3::get_range api call succeeded (request id 01KYS8E6V9R9XEZ1GYWS4F007Q)."},"filename":"/home/runner/work/xet-core/xet-core/xet_client/src/cas_client/retry_wrapper.rs","line_number":237}
{"timestamp":"2026-07-30T10:17:06.849504Z","level":"INFO","fields":{"message":"Retry strategy","retry":"RetryWrapper { max_attempts: 5, base_delay: 3s, max_duration: 360s, no_retry_on_429: false, retry_on_403: true, expected_416: false, expected_404: false, log_errors_as_info: false, api_tag: \"s3::get_range\", has_connection_permit: true }"},"filename":"/home/runner/work/xet-core/xet-core/xet_client/src/cas_client/retry_wrapper.rs","line_number":274}
{"timestamp":"2026-07-30T10:17:06.878650Z","level":"INFO","fields":{"message":"Retry strategy","retry":"RetryWrapper { max_attempts: 5, base_delay: 3s, max_duration: 360s, no_retry_on_429: false, retry_on_403: true, expected_416: false, expected_404: false, log_errors_as_info: false, api_tag: \"s3::get_range\", has_connection_permit: true }"},"filename":"/home/runner/work/xet-core/xet-core/xet_client/src/cas_client/retry_wrapper.rs","line_number":274}
{"timestamp":"2026-07-30T10:17:06.892107Z","level":"INFO","fields":{"message":"Received CAS response","request_id":"01KYS8E6WPAHGF5T0T06JM3Y2B","status_code":206},"filename":"/home/runner/work/xet-core/xet-core/xet_client/src/common/http_client.rs","line_number":288}
{"timestamp":"2026-07-30T10:17:06.892137Z","level":"INFO","fields":{"message":"Request Success: s3::get_range api call succeeded (request id 01KYS8E6WPAHGF5T0T06JM3Y2B)."},"filename":"/home/runner/work/xet-core/xet-core/xet_client/src/cas_client/retry_wrapper.rs","line_number":237}
{"timestamp":"2026-07-30T10:17:06.894701Z","level":"INFO","fields":{"message":"Retry strategy","retry":"RetryWrapper { max_attempts: 5, base_delay: 3s, max_duration: 360s, no_retry_on_429: false, retry_on_403: true, expected_416: false, expected_404: false, log_errors_as_info: false, api_tag: \"s3::get_range\", has_connection_permit: true }"},"filename":"/home/runner/work/xet-core/xet-core/xet_client/src/cas_client/retry_wrapper.rs","line_number":274}
{"timestamp":"2026-07-30T10:17:06.978008Z","level":"INFO","fields":{"message":"Retry strategy","retry":"RetryWrapper { max_attempts: 5, base_delay: 3s, max_duration: 360s, no_retry_on_429: false, retry_on_403: true, expected_416: false, expected_404: false, log_errors_as_info: false, api_tag: \"s3::get_range\", has_connection_permit: true }"},"filename":"/home/runner/work/xet-core/xet-core/xet_client/src/cas_client/retry_wrapper.rs","line_number":274}
{"timestamp":"2026-07-30T10:17:06.979746Z","level":"INFO","fields":{"message":"Received CAS response","request_id":"01KYS8E6ZJRTHXZP49Y9BY8E3Q","status_code":206},"filename":"/home/runner/work/xet-core/xet-core/xet_client/src/common/http_client.rs","line_number":288}
{"timestamp":"2026-07-30T10:17:06.979760Z","level":"INFO","fields":{"message":"Request Success: s3::get_range api call succeeded (request id 01KYS8E6ZJRTHXZP49Y9BY8E3Q)."},"filename":"/home/runner/work/xet-core/xet-core/xet_client/src/cas_client/retry_wrapper.rs","line_number":237}
{"timestamp":"2026-07-30T10:17:07.031971Z","level":"INFO","fields":{"message":"Retry strategy","retry":"RetryWrapper { max_attempts: 5, base_delay: 3s, max_duration: 360s, no_retry_on_429: false, retry_on_403: true, expected_416: false, expected_404: false, log_errors_as_info: false, api_tag: \"s3::get_range\", has_connection_permit: true }"},"filename":"/home/runner/work/xet-core/xet-core/xet_client/src/cas_client/retry_wrapper.rs","line_number":274}
{"timestamp":"2026-07-30T10:17:07.046579Z","level":"INFO","fields":{"message":"Received CAS response","request_id":"01KYS8E71JCR36548NP0TGSKVT","status_code":206},"filename":"/home/runner/work/xet-core/xet-core/xet_client/src/common/http_client.rs","line_number":288}
{"timestamp":"2026-07-30T10:17:07.046603Z","level":"INFO","fields":{"message":"Request Success: s3::get_range api call succeeded (request id 01KYS8E71JCR36548NP0TGSKVT)."},"filename":"/home/runner/work/xet-core/xet-core/xet_client/src/cas_client/retry_wrapper.rs","line_number":237}
{"timestamp":"2026-07-30T10:17:07.056103Z","level":"INFO","fields":{"message":"Received CAS response","request_id":"01KYS8E72F3QP60BDZAN0RAVF0","status_code":206},"filename":"/home/runner/work/xet-core/xet-core/xet_client/src/common/http_client.rs","line_number":288}
{"timestamp":"2026-07-30T10:17:07.056119Z","level":"INFO","fields":{"message":"Request Success: s3::get_range api call succeeded (request id 01KYS8E72F3QP60BDZAN0RAVF0)."},"filename":"/home/runner/work/xet-core/xet-core/xet_client/src/cas_client/retry_wrapper.rs","line_number":237}
{"timestamp":"2026-07-30T10:17:07.089758Z","level":"INFO","fields":{"message":"Retry strategy","retry":"RetryWrapper { max_attempts: 5, base_delay: 3s, max_duration: 360s, no_retry_on_429: false, retry_on_403: true, expected_416: false, expected_404: false, log_errors_as_info: false, api_tag: \"s3::get_range\", has_connection_permit: true }"},"filename":"/home/runner/work/xet-core/xet-core/xet_client/src/cas_client/retry_wrapper.rs","line_number":274}
{"timestamp":"2026-07-30T10:17:07.114010Z","level":"INFO","fields":{"message":"Received CAS response","request_id":"01KYS8E732JAJF3N76QNMRRZ45","status_code":206},"filename":"/home/runner/work/xet-core/xet-core/xet_client/src/common/http_client.rs","line_number":288}
{"timestamp":"2026-07-30T10:17:07.114039Z","level":"INFO","fields":{"message":"Request Success: s3::get_range api call succeeded (request id 01KYS8E732JAJF3N76QNMRRZ45)."},"filename":"/home/runner/work/xet-core/xet-core/xet_client/src/cas_client/retry_wrapper.rs","line_number":237}
{"timestamp":"2026-07-30T10:17:07.163795Z","level":"INFO","fields":{"message":"Retry strategy","retry":"RetryWrapper { max_attempts: 5, base_delay: 3s, max_duration: 360s, no_retry_on_429: false, retry_on_403: true, expected_416: false, expected_404: false, log_errors_as_info: false, api_tag: \"s3::get_range\", has_connection_permit: true }"},"filename":"/home/runner/work/xet-core/xet-core/xet_client/src/cas_client/retry_wrapper.rs","line_number":274}
{"timestamp":"2026-07-30T10:17:07.191328Z","level":"INFO","fields":{"message":"Received CAS response","request_id":"01KYS8E75MV9J8BG7DM36HTJH2","status_code":206},"filename":"/home/runner/work/xet-core/xet-core/xet_client/src/common/http_client.rs","line_number":288}
{"timestamp":"2026-07-30T10:17:07.191350Z","level":"INFO","fields":{"message":"Request Success: s3::get_range api call succeeded (request id 01KYS8E75MV9J8BG7DM36HTJH2)."},"filename":"/home/runner/work/xet-core/xet-core/xet_client/src/cas_client/retry_wrapper.rs","line_number":237}
{"timestamp":"2026-07-30T10:17:07.191816Z","level":"INFO","fields":{"message":"Concurrency control for download: Increased concurrency from 10 to 11; reason: success ratio 1.000 is above threshold 0.800 and predicted RTT for 53MB at new concurrency is 9.16s < target 60.0s"},"filename":"/home/runner/work/xet-core/xet-core/xet_client/src/cas_client/adaptive_concurrency/controller.rs","line_number":548}
{"timestamp":"2026-07-30T10:17:07.191848Z","level":"INFO","fields":{"message":"Retry strategy","retry":"RetryWrapper { max_attempts: 5, base_delay: 3s, max_duration: 360s, no_retry_on_429: false, retry_on_403: true, expected_416: false, expected_404: false, log_errors_as_info: false, api_tag: \"s3::get_range\", has_connection_permit: true }"},"filename":"/home/runner/work/xet-core/xet-core/xet_client/src/cas_client/retry_wrapper.rs","line_number":274}
{"timestamp":"2026-07-30T10:17:07.215850Z","level":"INFO","fields":{"message":"Received CAS response","request_id":"01KYS8E77A5ZHEAMCJBT7RGK2E","status_code":206},"filename":"/home/runner/work/xet-core/xet-core/xet_client/src/common/http_client.rs","line_number":288}
{"timestamp":"2026-07-30T10:17:07.215868Z","level":"INFO","fields":{"message":"Request Success: s3::get_range api call succeeded (request id 01KYS8E77A5ZHEAMCJBT7RGK2E)."},"filename":"/home/runner/work/xet-core/xet-core/xet_client/src/cas_client/retry_wrapper.rs","line_number":237}
{"timestamp":"2026-07-30T10:17:07.304615Z","level":"INFO","fields":{"message":"Received CAS response","request_id":"01KYS8E7931VV03M3BKBBN8KDP","status_code":206},"filename":"/home/runner/work/xet-core/xet-core/xet_client/src/common/http_client.rs","line_number":288}
{"timestamp":"2026-07-30T10:17:07.304645Z","level":"INFO","fields":{"message":"Request Success: s3::get_range api call succeeded (request id 01KYS8E7931VV03M3BKBBN8KDP)."},"filename":"/home/runner/work/xet-core/xet-core/xet_client/src/cas_client/retry_wrapper.rs","line_number":237}
{"timestamp":"2026-07-30T10:17:07.315291Z","level":"INFO","fields":{"message":"Retry strategy","retry":"RetryWrapper { max_attempts: 5, base_delay: 3s, max_duration: 360s, no_retry_on_429: false, retry_on_403: true, expected_416: false, expected_404: false, log_errors_as_info: false, api_tag: \"s3::get_range\", has_connection_permit: true }"},"filename":"/home/runner/work/xet-core/xet-core/xet_client/src/cas_client/retry_wrapper.rs","line_number":274}
{"timestamp":"2026-07-30T10:17:07.325547Z","level":"INFO","fields":{"message":"Retry strategy","retry":"RetryWrapper { max_attempts: 5, base_delay: 3s, max_duration: 360s, no_retry_on_429: false, retry_on_403: true, expected_416: false, expected_404: false, log_errors_as_info: false, api_tag: \"s3::get_range\", has_connection_permit: true }"},"filename":"/home/runner/work/xet-core/xet-core/xet_client/src/cas_client/retry_wrapper.rs","line_number":274}
{"timestamp":"2026-07-30T10:17:07.328105Z","level":"INFO","fields":{"message":"Retry strategy","retry":"RetryWrapper { max_attempts: 5, base_delay: 3s, max_duration: 360s, no_retry_on_429: false, retry_on_403: true, expected_416: false, expected_404: false, log_errors_as_info: false, api_tag: \"s3::get_range\", has_connection_permit: true }"},"filename":"/home/runner/work/xet-core/xet-core/xet_client/src/cas_client/retry_wrapper.rs","line_number":274}
{"timestamp":"2026-07-30T10:17:07.369466Z","level":"INFO","fields":{"message":"Received CAS response","request_id":"01KYS8E7BDFMSQA7C7R2T3C7NH","status_code":206},"filename":"/home/runner/work/xet-core/xet-core/xet_client/src/common/http_client.rs","line_number":288}
{"timestamp":"2026-07-30T10:17:07.369488Z","level":"INFO","fields":{"message":"Request Success: s3::get_range api call succeeded (request id 01KYS8E7BDFMSQA7C7R2T3C7NH)."},"filename":"/home/runner/work/xet-core/xet-core/xet_client/src/cas_client/retry_wrapper.rs","line_number":237}
{"timestamp":"2026-07-30T10:17:07.376810Z","level":"INFO","fields":{"message":"Retry strategy","retry":"RetryWrapper { max_attempts: 5, base_delay: 3s, max_duration: 360s, no_retry_on_429: false, retry_on_403: true, expected_416: false, expected_404: false, log_errors_as_info: false, api_tag: \"s3::get_range\", has_connection_permit: true }"},"filename":"/home/runner/work/xet-core/xet-core/xet_client/src/cas_client/retry_wrapper.rs","line_number":274}
{"timestamp":"2026-07-30T10:17:07.405200Z","level":"INFO","fields":{"message":"Received CAS response","request_id":"01KYS8E7CBCWVDVPR8MW60T8F3","status_code":206},"filename":"/home/runner/work/xet-core/xet-core/xet_client/src/common/http_client.rs","line_number":288}
{"timestamp":"2026-07-30T10:17:07.405230Z","level":"INFO","fields":{"message":"Request Success: s3::get_range api call succeeded (request id 01KYS8E7CBCWVDVPR8MW60T8F3)."},"filename":"/home/runner/work/xet-core/xet-core/xet_client/src/cas_client/retry_wrapper.rs","line_number":237}
{"timestamp":"2026-07-30T10:17:07.409064Z","level":"INFO","fields":{"message":"Retry strategy","retry":"RetryWrapper { max_attempts: 5, base_delay: 3s, max_duration: 360s, no_retry_on_429: false, retry_on_403: true, expected_416: false, expected_404: false, log_errors_as_info: false, api_tag: \"s3::get_range\", has_connection_permit: true }"},"filename":"/home/runner/work/xet-core/xet-core/xet_client/src/cas_client/retry_wrapper.rs","line_number":274}
{"timestamp":"2026-07-30T10:17:07.486877Z","level":"INFO","fields":{"message":"Received CAS response","request_id":"01KYS8E7G4SZ7VWEXPNHK4YJF8","status_code":206},"filename":"/home/runner/work/xet-core/xet-core/xet_client/src/common/http_client.rs","line_number":288}
{"timestamp":"2026-07-30T10:17:07.486904Z","level":"INFO","fields":{"message":"Request Success: s3::get_range api call succeeded (request id 01KYS8E7G4SZ7VWEXPNHK4YJF8)."},"filename":"/home/runner/work/xet-core/xet-core/xet_client/src/cas_client/retry_wrapper.rs","line_number":237}
{"timestamp":"2026-07-30T10:17:07.487295Z","level":"INFO","fields":{"message":"Retry strategy","retry":"RetryWrapper { max_attempts: 5, base_delay: 3s, max_duration: 360s, no_retry_on_429: false, retry_on_403: true, expected_416: false, expected_404: false, log_errors_as_info: false, api_tag: \"s3::get_range\", has_connection_permit: true }"},"filename":"/home/runner/work/xet-core/xet-core/xet_client/src/cas_client/retry_wrapper.rs","line_number":274}
{"timestamp":"2026-07-30T10:17:07.487333Z","level":"INFO","fields":{"message":"Retry strategy","retry":"RetryWrapper { max_attempts: 5, base_delay: 3s, max_duration: 360s, no_retry_on_429: false, retry_on_403: true, expected_416: false, expected_404: false, log_errors_as_info: false, api_tag: \"s3::get_range\", has_connection_permit: true }"},"filename":"/home/runner/work/xet-core/xet-core/xet_client/src/cas_client/retry_wrapper.rs","line_number":274}
{"timestamp":"2026-07-30T10:17:07.503223Z","level":"INFO","fields":{"message":"Received CAS response","request_id":"01KYS8E7GHGRY2N9D14T4T79VQ","status_code":206},"filename":"/home/runner/work/xet-core/xet-core/xet_client/src/common/http_client.rs","line_number":288}
{"timestamp":"2026-07-30T10:17:07.503247Z","level":"INFO","fields":{"message":"Request Success: s3::get_range api call succeeded (request id 01KYS8E7GHGRY2N9D14T4T79VQ)."},"filename":"/home/runner/work/xet-core/xet-core/xet_client/src/cas_client/retry_wrapper.rs","line_number":237}
{"timestamp":"2026-07-30T10:17:07.503907Z","level":"INFO","fields":{"message":"Retry strategy","retry":"RetryWrapper { max_attempts: 5, base_delay: 3s, max_duration: 360s, no_retry_on_429: false, retry_on_403: true, expected_416: false, expected_404: false, log_errors_as_info: false, api_tag: \"s3::get_range\", has_connection_permit: true }"},"filename":"/home/runner/work/xet-core/xet-core/xet_client/src/cas_client/retry_wrapper.rs","line_number":274}
{"timestamp":"2026-07-30T10:17:07.513667Z","level":"INFO","fields":{"message":"Received CAS response","request_id":"01KYS8E7GHJN2F50DZXSC3VYAZ","status_code":206},"filename":"/home/runner/work/xet-core/xet-core/xet_client/src/common/http_client.rs","line_number":288}
{"timestamp":"2026-07-30T10:17:07.513689Z","level":"INFO","fields":{"message":"Request Success: s3::get_range api call succeeded (request id 01KYS8E7GHJN2F50DZXSC3VYAZ)."},"filename":"/home/runner/work/xet-core/xet-core/xet_client/src/cas_client/retry_wrapper.rs","line_number":237}
{"timestamp":"2026-07-30T10:17:07.516037Z","level":"INFO","fields":{"message":"Retry strategy","retry":"RetryWrapper { max_attempts: 5, base_delay: 3s, max_duration: 360s, no_retry_on_429: false, retry_on_403: true, expected_416: false, expected_404: false, log_errors_as_info: false, api_tag: \"s3::get_range\", has_connection_permit: true }"},"filename":"/home/runner/work/xet-core/xet-core/xet_client/src/cas_client/retry_wrapper.rs","line_number":274}
{"timestamp":"2026-07-30T10:17:07.553155Z","level":"INFO","fields":{"message":"Received CAS response","request_id":"01KYS8E7J2XB13XFRCX0W7J772","status_code":206},"filename":"/home/runner/work/xet-core/xet-core/xet_client/src/common/http_client.rs","line_number":288}
{"timestamp":"2026-07-30T10:17:07.553194Z","level":"INFO","fields":{"message":"Request Success: s3::get_range api call succeeded (request id 01KYS8E7J2XB13XFRCX0W7J772)."},"filename":"/home/runner/work/xet-core/xet-core/xet_client/src/cas_client/retry_wrapper.rs","line_number":237}
{"timestamp":"2026-07-30T10:17:07.566513Z","level":"INFO","fields":{"message":"Retry strategy","retry":"RetryWrapper { max_attempts: 5, base_delay: 3s, max_duration: 360s, no_retry_on_429: false, retry_on_403: true, expected_416: false, expected_404: false, log_errors_as_info: false, api_tag: \"s3::get_range\", has_connection_permit: true }"},"filename":"/home/runner/work/xet-core/xet-core/xet_client/src/cas_client/retry_wrapper.rs","line_number":274}
{"timestamp":"2026-07-30T10:17:07.586224Z","level":"INFO","fields":{"message":"Received CAS response","request_id":"01KYS8E7K3NSPVJ2382CQ74XNB","status_code":206},"filename":"/home/runner/work/xet-core/xet-core/xet_client/src/common/http_client.rs","line_number":288}
{"timestamp":"2026-07-30T10:17:07.586244Z","level":"INFO","fields":{"message":"Request Success: s3::get_range api call succeeded (request id 01KYS8E7K3NSPVJ2382CQ74XNB)."},"filename":"/home/runner/work/xet-core/xet-core/xet_client/src/cas_client/retry_wrapper.rs","line_number":237}
{"timestamp":"2026-07-30T10:17:07.589888Z","level":"INFO","fields":{"message":"Retry strategy","retry":"RetryWrapper { max_attempts: 5, base_delay: 3s, max_duration: 360s, no_retry_on_429: false, retry_on_403: true, expected_416: false, expected_404: false, log_errors_as_info: false, api_tag: \"s3::get_range\", has_connection_permit: true }"},"filename":"/home/runner/work/xet-core/xet-core/xet_client/src/cas_client/retry_wrapper.rs","line_number":274}
{"timestamp":"2026-07-30T10:17:07.597896Z","level":"INFO","fields":{"message":"Retry strategy","retry":"RetryWrapper { max_attempts: 5, base_delay: 3s, max_duration: 360s, no_retry_on_429: false, retry_on_403: true, expected_416: false, expected_404: false, log_errors_as_info: false, api_tag: \"s3::get_range\", has_connection_permit: true }"},"filename":"/home/runner/work/xet-core/xet-core/xet_client/src/cas_client/retry_wrapper.rs","line_number":274}
{"timestamp":"2026-07-30T10:17:07.598264Z","level":"INFO","fields":{"message":"Retry strategy","retry":"RetryWrapper { max_attempts: 5, base_delay: 3s, max_duration: 360s, no_retry_on_429: false, retry_on_403: true, expected_416: false, expected_404: false, log_errors_as_info: false, api_tag: \"s3::get_range\", has_connection_permit: true }"},"filename":"/home/runner/work/xet-core/xet-core/xet_client/src/cas_client/retry_wrapper.rs","line_number":274}
{"timestamp":"2026-07-30T10:17:07.677054Z","level":"INFO","fields":{"message":"Received CAS response","request_id":"01KYS8E7NHK67QETYBKN862P5S","status_code":206},"filename":"/home/runner/work/xet-core/xet-core/xet_client/src/common/http_client.rs","line_number":288}
{"timestamp":"2026-07-30T10:17:07.677085Z","level":"INFO","fields":{"message":"Request Success: s3::get_range api call succeeded (request id 01KYS8E7NHK67QETYBKN862P5S)."},"filename":"/home/runner/work/xet-core/xet-core/xet_client/src/cas_client/retry_wrapper.rs","line_number":237}
{"timestamp":"2026-07-30T10:17:07.691204Z","level":"INFO","fields":{"message":"Retry strategy","retry":"RetryWrapper { max_attempts: 5, base_delay: 3s, max_duration: 360s, no_retry_on_429: false, retry_on_403: true, expected_416: false, expected_404: false, log_errors_as_info: false, api_tag: \"s3::get_range\", has_connection_permit: true }"},"filename":"/home/runner/work/xet-core/xet-core/xet_client/src/cas_client/retry_wrapper.rs","line_number":274}
{"timestamp":"2026-07-30T10:17:07.703764Z","level":"INFO","fields":{"message":"Received CAS response","request_id":"01KYS8E7P2215HXMJ7N0RV2AD9","status_code":206},"filename":"/home/runner/work/xet-core/xet-core/xet_client/src/common/http_client.rs","line_number":288}
{"timestamp":"2026-07-30T10:17:07.703801Z","level":"INFO","fields":{"message":"Request Success: s3::get_range api call succeeded (request id 01KYS8E7P2215HXMJ7N0RV2AD9)."},"filename":"/home/runner/work/xet-core/xet-core/xet_client/src/cas_client/retry_wrapper.rs","line_number":237}
{"timestamp":"2026-07-30T10:17:07.705932Z","level":"INFO","fields":{"message":"Concurrency control for download: Increased concurrency from 11 to 12; reason: success ratio 1.000 is above threshold 0.800 and predicted RTT for 28MB at new concurrency is 3.92s < target 60.0s"},"filename":"/home/runner/work/xet-core/xet-core/xet_client/src/cas_client/adaptive_concurrency/controller.rs","line_number":548}
{"timestamp":"2026-07-30T10:17:07.705979Z","level":"INFO","fields":{"message":"Retry strategy","retry":"RetryWrapper { max_attempts: 5, base_delay: 3s, max_duration: 360s, no_retry_on_429: false, retry_on_403: true, expected_416: false, expected_404: false, log_errors_as_info: false, api_tag: \"s3::get_range\", has_connection_permit: true }"},"filename":"/home/runner/work/xet-core/xet-core/xet_client/src/cas_client/retry_wrapper.rs","line_number":274}
{"timestamp":"2026-07-30T10:17:07.710887Z","level":"INFO","fields":{"message":"Received CAS response","request_id":"01KYS8E7NHF3C1P9VCA6E9T3XW","status_code":206},"filename":"/home/runner/work/xet-core/xet-core/xet_client/src/common/http_client.rs","line_number":288}
{"timestamp":"2026-07-30T10:17:07.710918Z","level":"INFO","fields":{"message":"Request Success: s3::get_range api call succeeded (request id 01KYS8E7NHF3C1P9VCA6E9T3XW)."},"filename":"/home/runner/work/xet-core/xet-core/xet_client/src/cas_client/retry_wrapper.rs","line_number":237}
{"timestamp":"2026-07-30T10:17:07.728019Z","level":"INFO","fields":{"message":"Retry strategy","retry":"RetryWrapper { max_attempts: 5, base_delay: 3s, max_duration: 360s, no_retry_on_429: false, retry_on_403: true, expected_416: false, expected_404: false, log_errors_as_info: false, api_tag: \"s3::get_range\", has_connection_permit: true }"},"filename":"/home/runner/work/xet-core/xet-core/xet_client/src/cas_client/retry_wrapper.rs","line_number":274}
{"timestamp":"2026-07-30T10:17:07.730893Z","level":"INFO","fields":{"message":"Received CAS response","request_id":"01KYS8E7PE6VS52WX8K7C57TNY","status_code":206},"filename":"/home/runner/work/xet-core/xet-core/xet_client/src/common/http_client.rs","line_number":288}
{"timestamp":"2026-07-30T10:17:07.730918Z","level":"INFO","fields":{"message":"Request Success: s3::get_range api call succeeded (request id 01KYS8E7PE6VS52WX8K7C57TNY)."},"filename":"/home/runner/work/xet-core/xet-core/xet_client/src/cas_client/retry_wrapper.rs","line_number":237}
{"timestamp":"2026-07-30T10:17:07.733087Z","level":"INFO","fields":{"message":"Received CAS response","request_id":"01KYS8E7R3AABK8MVET74E1KNK","status_code":206},"filename":"/home/runner/work/xet-core/xet-core/xet_client/src/common/http_client.rs","line_number":288}
{"timestamp":"2026-07-30T10:17:07.733103Z","level":"INFO","fields":{"message":"Request Success: s3::get_range api call succeeded (request id 01KYS8E7R3AABK8MVET74E1KNK)."},"filename":"/home/runner/work/xet-core/xet-core/xet_client/src/cas_client/retry_wrapper.rs","line_number":237}
{"timestamp":"2026-07-30T10:17:07.733599Z","level":"INFO","fields":{"message":"Retry strategy","retry":"RetryWrapper { max_attempts: 5, base_delay: 3s, max_duration: 360s, no_retry_on_429: false, retry_on_403: true, expected_416: false, expected_404: false, log_errors_as_info: false, api_tag: \"s3::get_range\", has_connection_permit: true }"},"filename":"/home/runner/work/xet-core/xet-core/xet_client/src/cas_client/retry_wrapper.rs","line_number":274}
{"timestamp":"2026-07-30T10:17:07.741138Z","level":"INFO","fields":{"message":"Retry strategy","retry":"RetryWrapper { max_attempts: 5, base_delay: 3s, max_duration: 360s, no_retry_on_429: false, retry_on_403: true, expected_416: false, expected_404: false, log_errors_as_info: false, api_tag: \"s3::get_range\", has_connection_permit: true }"},"filename":"/home/runner/work/xet-core/xet-core/xet_client/src/cas_client/retry_wrapper.rs","line_number":274}
{"timestamp":"2026-07-30T10:17:07.756543Z","level":"INFO","fields":{"message":"Received CAS response","request_id":"01KYS8E7RQ01MRC4SZM73W6B22","status_code":206},"filename":"/home/runner/work/xet-core/xet-core/xet_client/src/common/http_client.rs","line_number":288}
{"timestamp":"2026-07-30T10:17:07.756561Z","level":"INFO","fields":{"message":"Request Success: s3::get_range api call succeeded (request id 01KYS8E7RQ01MRC4SZM73W6B22)."},"filename":"/home/runner/work/xet-core/xet-core/xet_client/src/cas_client/retry_wrapper.rs","line_number":237}
{"timestamp":"2026-07-30T10:17:07.760645Z","level":"INFO","fields":{"message":"Retry strategy","retry":"RetryWrapper { max_attempts: 5, base_delay: 3s, max_duration: 360s, no_retry_on_429: false, retry_on_403: true, expected_416: false, expected_404: false, log_errors_as_info: false, api_tag: \"s3::get_range\", has_connection_permit: true }"},"filename":"/home/runner/work/xet-core/xet-core/xet_client/src/cas_client/retry_wrapper.rs","line_number":274}
{"timestamp":"2026-07-30T10:17:07.777427Z","level":"INFO","fields":{"message":"Retry strategy","retry":"RetryWrapper { max_attempts: 5, base_delay: 3s, max_duration: 360s, no_retry_on_429: false, retry_on_403: true, expected_416: false, expected_404: false, log_errors_as_info: false, api_tag: \"s3::get_range\", has_connection_permit: true }"},"filename":"/home/runner/work/xet-core/xet-core/xet_client/src/cas_client/retry_wrapper.rs","line_number":274}
{"timestamp":"2026-07-30T10:17:07.808702Z","level":"INFO","fields":{"message":"Received CAS response","request_id":"01KYS8E7S3BNB7H355784P83PM","status_code":206},"filename":"/home/runner/work/xet-core/xet-core/xet_client/src/common/http_client.rs","line_number":288}
{"timestamp":"2026-07-30T10:17:07.808718Z","level":"INFO","fields":{"message":"Request Success: s3::get_range api call succeeded (request id 01KYS8E7S3BNB7H355784P83PM)."},"filename":"/home/runner/work/xet-core/xet-core/xet_client/src/cas_client/retry_wrapper.rs","line_number":237}
{"timestamp":"2026-07-30T10:17:07.826372Z","level":"INFO","fields":{"message":"File reconstruction completed successfully","file_hash":"bdf26b124609fd89b16495f1b79a59b12793161be4e3d15c3daaf65a7e0a8c91","block_count":1,"total_terms_processed":55,"total_bytes_scheduled":51905744},"filename":"/home/runner/work/xet-core/xet-core/xet_data/src/file_reconstruction/run_state.rs","line_number":150}
{"timestamp":"2026-07-30T10:17:07.840376Z","level":"INFO","fields":{"message":"Retry strategy","retry":"RetryWrapper { max_attempts: 5, base_delay: 3s, max_duration: 360s, no_retry_on_429: false, retry_on_403: true, expected_416: false, expected_404: false, log_errors_as_info: false, api_tag: \"s3::get_range\", has_connection_permit: true }"},"filename":"/home/runner/work/xet-core/xet-core/xet_client/src/cas_client/retry_wrapper.rs","line_number":274}
{"timestamp":"2026-07-30T10:17:07.879950Z","level":"INFO","fields":{"message":"Received CAS response","request_id":"01KYS8E7VYK3QSZHA95A0YSFCM","status_code":206},"filename":"/home/runner/work/xet-core/xet-core/xet_client/src/common/http_client.rs","line_number":288}
{"timestamp":"2026-07-30T10:17:07.879976Z","level":"INFO","fields":{"message":"Request Success: s3::get_range api call succeeded (request id 01KYS8E7VYK3QSZHA95A0YSFCM)."},"filename":"/home/runner/work/xet-core/xet-core/xet_client/src/cas_client/retry_wrapper.rs","line_number":237}
{"timestamp":"2026-07-30T10:17:07.891758Z","level":"INFO","fields":{"message":"Retry strategy","retry":"RetryWrapper { max_attempts: 5, base_delay: 3s, max_duration: 360s, no_retry_on_429: false, retry_on_403: true, expected_416: false, expected_404: false, log_errors_as_info: false, api_tag: \"s3::get_range\", has_connection_permit: true }"},"filename":"/home/runner/work/xet-core/xet-core/xet_client/src/cas_client/retry_wrapper.rs","line_number":274}
{"timestamp":"2026-07-30T10:17:07.893246Z","level":"INFO","fields":{"message":"Received CAS response","request_id":"01KYS8E7X1BXXW853ZN3KNA3WB","status_code":206},"filename":"/home/runner/work/xet-core/xet-core/xet_client/src/common/http_client.rs","line_number":288}
{"timestamp":"2026-07-30T10:17:07.893256Z","level":"INFO","fields":{"message":"Request Success: s3::get_range api call succeeded (request id 01KYS8E7X1BXXW853ZN3KNA3WB)."},"filename":"/home/runner/work/xet-core/xet-core/xet_client/src/cas_client/retry_wrapper.rs","line_number":237}
{"timestamp":"2026-07-30T10:17:07.893352Z","level":"INFO","fields":{"message":"Retry strategy","retry":"RetryWrapper { max_attempts: 5, base_delay: 3s, max_duration: 360s, no_retry_on_429: false, retry_on_403: true, expected_416: false, expected_404: false, log_errors_as_info: false, api_tag: \"s3::get_range\", has_connection_permit: true }"},"filename":"/home/runner/work/xet-core/xet-core/xet_client/src/cas_client/retry_wrapper.rs","line_number":274}
{"timestamp":"2026-07-30T10:17:07.906846Z","level":"INFO","fields":{"message":"Retry strategy","retry":"RetryWrapper { max_attempts: 5, base_delay: 3s, max_duration: 360s, no_retry_on_429: false, retry_on_403: true, expected_416: false, expected_404: false, log_errors_as_info: false, api_tag: \"s3::get_range\", has_connection_permit: true }"},"filename":"/home/runner/work/xet-core/xet-core/xet_client/src/cas_client/retry_wrapper.rs","line_number":274}
{"timestamp":"2026-07-30T10:17:07.923423Z","level":"INFO","fields":{"message":"Received CAS response","request_id":"01KYS8E7XFA0PY0S5NACY7K3DC","status_code":206},"filename":"/home/runner/work/xet-core/xet-core/xet_client/src/common/http_client.rs","line_number":288}
{"timestamp":"2026-07-30T10:17:07.923450Z","level":"INFO","fields":{"message":"Request Success: s3::get_range api call succeeded (request id 01KYS8E7XFA0PY0S5NACY7K3DC)."},"filename":"/home/runner/work/xet-core/xet-core/xet_client/src/cas_client/retry_wrapper.rs","line_number":237}
{"timestamp":"2026-07-30T10:17:07.934651Z","level":"INFO","fields":{"message":"Received CAS response","request_id":"01KYS8E7X6WX1KZCQEB8YWSK25","status_code":206},"filename":"/home/runner/work/xet-core/xet-core/xet_client/src/common/http_client.rs","line_number":288}
{"timestamp":"2026-07-30T10:17:07.934679Z","level":"INFO","fields":{"message":"Request Success: s3::get_range api call succeeded (request id 01KYS8E7X6WX1KZCQEB8YWSK25)."},"filename":"/home/runner/work/xet-core/xet-core/xet_client/src/cas_client/retry_wrapper.rs","line_number":237}
{"timestamp":"2026-07-30T10:17:07.938293Z","level":"INFO","fields":{"message":"Retry strategy","retry":"RetryWrapper { max_attempts: 5, base_delay: 3s, max_duration: 360s, no_retry_on_429: false, retry_on_403: true, expected_416: false, expected_404: false, log_errors_as_info: false, api_tag: \"s3::get_range\", has_connection_permit: true }"},"filename":"/home/runner/work/xet-core/xet-core/xet_client/src/cas_client/retry_wrapper.rs","line_number":274}
{"timestamp":"2026-07-30T10:17:07.940108Z","level":"INFO","fields":{"message":"Retry strategy","retry":"RetryWrapper { max_attempts: 5, base_delay: 3s, max_duration: 360s, no_retry_on_429: false, retry_on_403: true, expected_416: false, expected_404: false, log_errors_as_info: false, api_tag: \"s3::get_range\", has_connection_permit: true }"},"filename":"/home/runner/work/xet-core/xet-core/xet_client/src/cas_client/retry_wrapper.rs","line_number":274}
{"timestamp":"2026-07-30T10:17:07.944117Z","level":"INFO","fields":{"message":"Received CAS response","request_id":"01KYS8E7Y1ERA5P61MABZYEJZZ","status_code":206},"filename":"/home/runner/work/xet-core/xet-core/xet_client/src/common/http_client.rs","line_number":288}
{"timestamp":"2026-07-30T10:17:07.944136Z","level":"INFO","fields":{"message":"Request Success: s3::get_range api call succeeded (request id 01KYS8E7Y1ERA5P61MABZYEJZZ)."},"filename":"/home/runner/work/xet-core/xet-core/xet_client/src/cas_client/retry_wrapper.rs","line_number":237}
{"timestamp":"2026-07-30T10:17:07.952074Z","level":"INFO","fields":{"message":"Retry strategy","retry":"RetryWrapper { max_attempts: 5, base_delay: 3s, max_duration: 360s, no_retry_on_429: false, retry_on_403: true, expected_416: false, expected_404: false, log_errors_as_info: false, api_tag: \"s3::get_range\", has_connection_permit: true }"},"filename":"/home/runner/work/xet-core/xet-core/xet_client/src/cas_client/retry_wrapper.rs","line_number":274}
{"timestamp":"2026-07-30T10:17:08.001706Z","level":"INFO","fields":{"message":"Received CAS response","request_id":"01KYS8E7YJQ35SSW3JGGHV85GE","status_code":206},"filename":"/home/runner/work/xet-core/xet-core/xet_client/src/common/http_client.rs","line_number":288}
{"timestamp":"2026-07-30T10:17:08.001734Z","level":"INFO","fields":{"message":"Request Success: s3::get_range api call succeeded (request id 01KYS8E7YJQ35SSW3JGGHV85GE)."},"filename":"/home/runner/work/xet-core/xet-core/xet_client/src/cas_client/retry_wrapper.rs","line_number":237}
{"timestamp":"2026-07-30T10:17:08.048150Z","level":"INFO","fields":{"message":"Received CAS response","request_id":"01KYS8E80KHWVRPM267R0BXB3Y","status_code":206},"filename":"/home/runner/work/xet-core/xet-core/xet_client/src/common/http_client.rs","line_number":288}
{"timestamp":"2026-07-30T10:17:08.048204Z","level":"INFO","fields":{"message":"Request Success: s3::get_range api call succeeded (request id 01KYS8E80KHWVRPM267R0BXB3Y)."},"filename":"/home/runner/work/xet-core/xet-core/xet_client/src/cas_client/retry_wrapper.rs","line_number":237}
{"timestamp":"2026-07-30T10:17:08.057483Z","level":"INFO","fields":{"message":"Retry strategy","retry":"RetryWrapper { max_attempts: 5, base_delay: 3s, max_duration: 360s, no_retry_on_429: false, retry_on_403: true, expected_416: false, expected_404: false, log_errors_as_info: false, api_tag: \"s3::get_range\", has_connection_permit: true }"},"filename":"/home/runner/work/xet-core/xet-core/xet_client/src/cas_client/retry_wrapper.rs","line_number":274}
{"timestamp":"2026-07-30T10:17:08.064425Z","level":"INFO","fields":{"message":"Retry strategy","retry":"RetryWrapper { max_attempts: 5, base_delay: 3s, max_duration: 360s, no_retry_on_429: false, retry_on_403: true, expected_416: false, expected_404: false, log_errors_as_info: false, api_tag: \"s3::get_range\", has_connection_permit: true }"},"filename":"/home/runner/work/xet-core/xet-core/xet_client/src/cas_client/retry_wrapper.rs","line_number":274}
{"timestamp":"2026-07-30T10:17:08.087755Z","level":"INFO","fields":{"message":"Received CAS response","request_id":"01KYS8E827D4GVM9XFH3ZMZ8M9","status_code":206},"filename":"/home/runner/work/xet-core/xet-core/xet_client/src/common/http_client.rs","line_number":288}
{"timestamp":"2026-07-30T10:17:08.087784Z","level":"INFO","fields":{"message":"Request Success: s3::get_range api call succeeded (request id 01KYS8E827D4GVM9XFH3ZMZ8M9)."},"filename":"/home/runner/work/xet-core/xet-core/xet_client/src/cas_client/retry_wrapper.rs","line_number":237}
{"timestamp":"2026-07-30T10:17:08.104046Z","level":"INFO","fields":{"message":"Received CAS response","request_id":"01KYS8E825X3NZR7WSGRXT80QW","status_code":206},"filename":"/home/runner/work/xet-core/xet-core/xet_client/src/common/http_client.rs","line_number":288}
{"timestamp":"2026-07-30T10:17:08.104074Z","level":"INFO","fields":{"message":"Request Success: s3::get_range api call succeeded (request id 01KYS8E825X3NZR7WSGRXT80QW)."},"filename":"/home/runner/work/xet-core/xet-core/xet_client/src/cas_client/retry_wrapper.rs","line_number":237}
{"timestamp":"2026-07-30T10:17:08.109718Z","level":"INFO","fields":{"message":"Retry strategy","retry":"RetryWrapper { max_attempts: 5, base_delay: 3s, max_duration: 360s, no_retry_on_429: false, retry_on_403: true, expected_416: false, expected_404: false, log_errors_as_info: false, api_tag: \"s3::get_range\", has_connection_permit: true }"},"filename":"/home/runner/work/xet-core/xet-core/xet_client/src/cas_client/retry_wrapper.rs","line_number":274}
{"timestamp":"2026-07-30T10:17:08.118082Z","level":"INFO","fields":{"message":"Received CAS response","request_id":"01KYS8E828CWPB16YYY2BWVE0X","status_code":206},"filename":"/home/runner/work/xet-core/xet-core/xet_client/src/common/http_client.rs","line_number":288}
{"timestamp":"2026-07-30T10:17:08.118103Z","level":"INFO","fields":{"message":"Request Success: s3::get_range api call succeeded (request id 01KYS8E828CWPB16YYY2BWVE0X)."},"filename":"/home/runner/work/xet-core/xet-core/xet_client/src/cas_client/retry_wrapper.rs","line_number":237}
{"timestamp":"2026-07-30T10:17:08.123208Z","level":"INFO","fields":{"message":"Received CAS response","request_id":"01KYS8E82NCBHCSKFQHA20KZBN","status_code":206},"filename":"/home/runner/work/xet-core/xet-core/xet_client/src/common/http_client.rs","line_number":288}
{"timestamp":"2026-07-30T10:17:08.123230Z","level":"INFO","fields":{"message":"Request Success: s3::get_range api call succeeded (request id 01KYS8E82NCBHCSKFQHA20KZBN)."},"filename":"/home/runner/work/xet-core/xet-core/xet_client/src/cas_client/retry_wrapper.rs","line_number":237}
{"timestamp":"2026-07-30T10:17:08.132851Z","level":"INFO","fields":{"message":"Received CAS response","request_id":"01KYS8E84GGQQ4M3GBCXFH4M81","status_code":206},"filename":"/home/runner/work/xet-core/xet-core/xet_client/src/common/http_client.rs","line_number":288}
{"timestamp":"2026-07-30T10:17:08.132879Z","level":"INFO","fields":{"message":"Request Success: s3::get_range api call succeeded (request id 01KYS8E84GGQQ4M3GBCXFH4M81)."},"filename":"/home/runner/work/xet-core/xet-core/xet_client/src/cas_client/retry_wrapper.rs","line_number":237}
{"timestamp":"2026-07-30T10:17:08.133298Z","level":"INFO","fields":{"message":"Retry strategy","retry":"RetryWrapper { max_attempts: 5, base_delay: 3s, max_duration: 360s, no_retry_on_429: false, retry_on_403: true, expected_416: false, expected_404: false, log_errors_as_info: false, api_tag: \"s3::get_range\", has_connection_permit: true }"},"filename":"/home/runner/work/xet-core/xet-core/xet_client/src/cas_client/retry_wrapper.rs","line_number":274}
{"timestamp":"2026-07-30T10:17:08.139249Z","level":"INFO","fields":{"message":"Received CAS response","request_id":"01KYS8E83NTFC47SWXWTEFN3M1","status_code":206},"filename":"/home/runner/work/xet-core/xet-core/xet_client/src/common/http_client.rs","line_number":288}
{"timestamp":"2026-07-30T10:17:08.139267Z","level":"INFO","fields":{"message":"Request Success: s3::get_range api call succeeded (request id 01KYS8E83NTFC47SWXWTEFN3M1)."},"filename":"/home/runner/work/xet-core/xet-core/xet_client/src/cas_client/retry_wrapper.rs","line_number":237}
{"timestamp":"2026-07-30T10:17:08.141058Z","level":"INFO","fields":{"message":"Retry strategy","retry":"RetryWrapper { max_attempts: 5, base_delay: 3s, max_duration: 360s, no_retry_on_429: false, retry_on_403: true, expected_416: false, expected_404: false, log_errors_as_info: false, api_tag: \"s3::get_range\", has_connection_permit: true }"},"filename":"/home/runner/work/xet-core/xet-core/xet_client/src/cas_client/retry_wrapper.rs","line_number":274}
{"timestamp":"2026-07-30T10:17:08.144762Z","level":"INFO","fields":{"message":"Received CAS response","request_id":"01KYS8E8419Y0G2CV780JY7267","status_code":206},"filename":"/home/runner/work/xet-core/xet-core/xet_client/src/common/http_client.rs","line_number":288}
{"timestamp":"2026-07-30T10:17:08.144788Z","level":"INFO","fields":{"message":"Request Success: s3::get_range api call succeeded (request id 01KYS8E8419Y0G2CV780JY7267)."},"filename":"/home/runner/work/xet-core/xet-core/xet_client/src/cas_client/retry_wrapper.rs","line_number":237}
{"timestamp":"2026-07-30T10:17:08.168976Z","level":"INFO","fields":{"message":"Retry strategy","retry":"RetryWrapper { max_attempts: 5, base_delay: 3s, max_duration: 360s, no_retry_on_429: false, retry_on_403: true, expected_416: false, expected_404: false, log_errors_as_info: false, api_tag: \"s3::get_range\", has_connection_permit: true }"},"filename":"/home/runner/work/xet-core/xet-core/xet_client/src/cas_client/retry_wrapper.rs","line_number":274}
{"timestamp":"2026-07-30T10:17:08.174776Z","level":"INFO","fields":{"message":"Retry strategy","retry":"RetryWrapper { max_attempts: 5, base_delay: 3s, max_duration: 360s, no_retry_on_429: false, retry_on_403: true, expected_416: false, expected_404: false, log_errors_as_info: false, api_tag: \"s3::get_range\", has_connection_permit: true }"},"filename":"/home/runner/work/xet-core/xet-core/xet_client/src/cas_client/retry_wrapper.rs","line_number":274}
{"timestamp":"2026-07-30T10:17:08.192563Z","level":"INFO","fields":{"message":"Retry strategy","retry":"RetryWrapper { max_attempts: 5, base_delay: 3s, max_duration: 360s, no_retry_on_429: false, retry_on_403: true, expected_416: false, expected_404: false, log_errors_as_info: false, api_tag: \"s3::get_range\", has_connection_permit: true }"},"filename":"/home/runner/work/xet-core/xet-core/xet_client/src/cas_client/retry_wrapper.rs","line_number":274}
{"timestamp":"2026-07-30T10:17:08.206513Z","level":"INFO","fields":{"message":"Received CAS response","request_id":"01KYS8E83QS7KZ7J9XVH97G6ER","status_code":206},"filename":"/home/runner/work/xet-core/xet-core/xet_client/src/common/http_client.rs","line_number":288}
{"timestamp":"2026-07-30T10:17:08.206544Z","level":"INFO","fields":{"message":"Request Success: s3::get_range api call succeeded (request id 01KYS8E83QS7KZ7J9XVH97G6ER)."},"filename":"/home/runner/work/xet-core/xet-core/xet_client/src/cas_client/retry_wrapper.rs","line_number":237}
{"timestamp":"2026-07-30T10:17:08.208104Z","level":"INFO","fields":{"message":"Concurrency control for download: Increased concurrency from 12 to 13; reason: success ratio 1.000 is above threshold 0.800 and predicted RTT for 19MB at new concurrency is 2.42s < target 60.0s"},"filename":"/home/runner/work/xet-core/xet-core/xet_client/src/cas_client/adaptive_concurrency/controller.rs","line_number":548}
{"timestamp":"2026-07-30T10:17:08.208177Z","level":"INFO","fields":{"message":"Retry strategy","retry":"RetryWrapper { max_attempts: 5, base_delay: 3s, max_duration: 360s, no_retry_on_429: false, retry_on_403: true, expected_416: false, expected_404: false, log_errors_as_info: false, api_tag: \"s3::get_range\", has_connection_permit: true }"},"filename":"/home/runner/work/xet-core/xet-core/xet_client/src/cas_client/retry_wrapper.rs","line_number":274}
{"timestamp":"2026-07-30T10:17:08.225894Z","level":"INFO","fields":{"message":"Retry strategy","retry":"RetryWrapper { max_attempts: 5, base_delay: 3s, max_duration: 360s, no_retry_on_429: false, retry_on_403: true, expected_416: false, expected_404: false, log_errors_as_info: false, api_tag: \"s3::get_range\", has_connection_permit: true }"},"filename":"/home/runner/work/xet-core/xet-core/xet_client/src/cas_client/retry_wrapper.rs","line_number":274}
{"timestamp":"2026-07-30T10:17:08.228739Z","level":"INFO","fields":{"message":"Received CAS response","request_id":"01KYS8E87ANEMRFN2MEP3TJM07","status_code":206},"filename":"/home/runner/work/xet-core/xet-core/xet_client/src/common/http_client.rs","line_number":288}
{"timestamp":"2026-07-30T10:17:08.228793Z","level":"INFO","fields":{"message":"Request Success: s3::get_range api call succeeded (request id 01KYS8E87ANEMRFN2MEP3TJM07)."},"filename":"/home/runner/work/xet-core/xet-core/xet_client/src/cas_client/retry_wrapper.rs","line_number":237}
{"timestamp":"2026-07-30T10:17:08.241741Z","level":"INFO","fields":{"message":"Retry strategy","retry":"RetryWrapper { max_attempts: 5, base_delay: 3s, max_duration: 360s, no_retry_on_429: false, retry_on_403: true, expected_416: false, expected_404: false, log_errors_as_info: false, api_tag: \"s3::get_range\", has_connection_permit: true }"},"filename":"/home/runner/work/xet-core/xet-core/xet_client/src/cas_client/retry_wrapper.rs","line_number":274}
{"timestamp":"2026-07-30T10:17:08.252425Z","level":"INFO","fields":{"message":"Retry strategy","retry":"RetryWrapper { max_attempts: 5, base_delay: 3s, max_duration: 360s, no_retry_on_429: false, retry_on_403: true, expected_416: false, expected_404: false, log_errors_as_info: false, api_tag: \"s3::get_range\", has_connection_permit: true }"},"filename":"/home/runner/work/xet-core/xet-core/xet_client/src/cas_client/retry_wrapper.rs","line_number":274}
{"timestamp":"2026-07-30T10:17:08.316950Z","level":"INFO","fields":{"message":"Received CAS response","request_id":"01KYS8E89ABZYW5RPK1S1PZ4H7","status_code":206},"filename":"/home/runner/work/xet-core/xet-core/xet_client/src/common/http_client.rs","line_number":288}
{"timestamp":"2026-07-30T10:17:08.316973Z","level":"INFO","fields":{"message":"Request Success: s3::get_range api call succeeded (request id 01KYS8E89ABZYW5RPK1S1PZ4H7)."},"filename":"/home/runner/work/xet-core/xet-core/xet_client/src/cas_client/retry_wrapper.rs","line_number":237}
{"timestamp":"2026-07-30T10:17:08.322999Z","level":"INFO","fields":{"message":"Received CAS response","request_id":"01KYS8E87JTVQCJ688XAN3X3XN","status_code":206},"filename":"/home/runner/work/xet-core/xet-core/xet_client/src/common/http_client.rs","line_number":288}
{"timestamp":"2026-07-30T10:17:08.323018Z","level":"INFO","fields":{"message":"Request Success: s3::get_range api call succeeded (request id 01KYS8E87JTVQCJ688XAN3X3XN)."},"filename":"/home/runner/work/xet-core/xet-core/xet_client/src/cas_client/retry_wrapper.rs","line_number":237}
{"timestamp":"2026-07-30T10:17:08.327271Z","level":"INFO","fields":{"message":"Received CAS response","request_id":"01KYS8E8B0QFW1JJZ0T0WM2E40","status_code":206},"filename":"/home/runner/work/xet-core/xet-core/xet_client/src/common/http_client.rs","line_number":288}
{"timestamp":"2026-07-30T10:17:08.327294Z","level":"INFO","fields":{"message":"Request Success: s3::get_range api call succeeded (request id 01KYS8E8B0QFW1JJZ0T0WM2E40)."},"filename":"/home/runner/work/xet-core/xet-core/xet_client/src/cas_client/retry_wrapper.rs","line_number":237}
{"timestamp":"2026-07-30T10:17:08.327379Z","level":"INFO","fields":{"message":"Retry strategy","retry":"RetryWrapper { max_attempts: 5, base_delay: 3s, max_duration: 360s, no_retry_on_429: false, retry_on_403: true, expected_416: false, expected_404: false, log_errors_as_info: false, api_tag: \"s3::get_range\", has_connection_permit: true }"},"filename":"/home/runner/work/xet-core/xet-core/xet_client/src/cas_client/retry_wrapper.rs","line_number":274}
{"timestamp":"2026-07-30T10:17:08.351915Z","level":"INFO","fields":{"message":"Retry strategy","retry":"RetryWrapper { max_attempts: 5, base_delay: 3s, max_duration: 360s, no_retry_on_429: false, retry_on_403: true, expected_416: false, expected_404: false, log_errors_as_info: false, api_tag: \"s3::get_range\", has_connection_permit: true }"},"filename":"/home/runner/work/xet-core/xet-core/xet_client/src/cas_client/retry_wrapper.rs","line_number":274}
{"timestamp":"2026-07-30T10:17:08.354705Z","level":"INFO","fields":{"message":"Received CAS response","request_id":"01KYS8E89Y235FJMF8B8492XCB","status_code":206},"filename":"/home/runner/work/xet-core/xet-core/xet_client/src/common/http_client.rs","line_number":288}
{"timestamp":"2026-07-30T10:17:08.354729Z","level":"INFO","fields":{"message":"Request Success: s3::get_range api call succeeded (request id 01KYS8E89Y235FJMF8B8492XCB)."},"filename":"/home/runner/work/xet-core/xet-core/xet_client/src/cas_client/retry_wrapper.rs","line_number":237}
{"timestamp":"2026-07-30T10:17:08.356602Z","level":"INFO","fields":{"message":"Retry strategy","retry":"RetryWrapper { max_attempts: 5, base_delay: 3s, max_duration: 360s, no_retry_on_429: false, retry_on_403: true, expected_416: false, expected_404: false, log_errors_as_info: false, api_tag: \"s3::get_range\", has_connection_permit: true }"},"filename":"/home/runner/work/xet-core/xet-core/xet_client/src/cas_client/retry_wrapper.rs","line_number":274}
{"timestamp":"2026-07-30T10:17:08.357811Z","level":"INFO","fields":{"message":"Received CAS response","request_id":"01KYS8E89R10433C5DT0FR9PDQ","status_code":206},"filename":"/home/runner/work/xet-core/xet-core/xet_client/src/common/http_client.rs","line_number":288}
{"timestamp":"2026-07-30T10:17:08.357841Z","level":"INFO","fields":{"message":"Request Success: s3::get_range api call succeeded (request id 01KYS8E89R10433C5DT0FR9PDQ)."},"filename":"/home/runner/work/xet-core/xet-core/xet_client/src/cas_client/retry_wrapper.rs","line_number":237}
{"timestamp":"2026-07-30T10:17:08.358026Z","level":"INFO","fields":{"message":"Received CAS response","request_id":"01KYS8E8AXYEH612NJKDPVADD5","status_code":206},"filename":"/home/runner/work/xet-core/xet-core/xet_client/src/common/http_client.rs","line_number":288}
{"timestamp":"2026-07-30T10:17:08.358043Z","level":"INFO","fields":{"message":"Request Success: s3::get_range api call succeeded (request id 01KYS8E8AXYEH612NJKDPVADD5)."},"filename":"/home/runner/work/xet-core/xet-core/xet_client/src/cas_client/retry_wrapper.rs","line_number":237}
{"timestamp":"2026-07-30T10:17:08.366907Z","level":"INFO","fields":{"message":"Retry strategy","retry":"RetryWrapper { max_attempts: 5, base_delay: 3s, max_duration: 360s, no_retry_on_429: false, retry_on_403: true, expected_416: false, expected_404: false, log_errors_as_info: false, api_tag: \"s3::get_range\", has_connection_permit: true }"},"filename":"/home/runner/work/xet-core/xet-core/xet_client/src/cas_client/retry_wrapper.rs","line_number":274}
{"timestamp":"2026-07-30T10:17:08.377542Z","level":"INFO","fields":{"message":"Retry strategy","retry":"RetryWrapper { max_attempts: 5, base_delay: 3s, max_duration: 360s, no_retry_on_429: false, retry_on_403: true, expected_416: false, expected_404: false, log_errors_as_info: false, api_tag: \"s3::get_range\", has_connection_permit: true }"},"filename":"/home/runner/work/xet-core/xet-core/xet_client/src/cas_client/retry_wrapper.rs","line_number":274}
{"timestamp":"2026-07-30T10:17:08.384365Z","level":"INFO","fields":{"message":"Received CAS response","request_id":"01KYS8E8C4CWB6FMJQ7KNNZ18G","status_code":206},"filename":"/home/runner/work/xet-core/xet-core/xet_client/src/common/http_client.rs","line_number":288}
{"timestamp":"2026-07-30T10:17:08.384399Z","level":"INFO","fields":{"message":"Request Success: s3::get_range api call succeeded (request id 01KYS8E8C4CWB6FMJQ7KNNZ18G)."},"filename":"/home/runner/work/xet-core/xet-core/xet_client/src/cas_client/retry_wrapper.rs","line_number":237}
{"timestamp":"2026-07-30T10:17:08.398430Z","level":"INFO","fields":{"message":"Received CAS response","request_id":"01KYS8E8BKMKTRN716NRVE9JP2","status_code":206},"filename":"/home/runner/work/xet-core/xet-core/xet_client/src/common/http_client.rs","line_number":288}
{"timestamp":"2026-07-30T10:17:08.398465Z","level":"INFO","fields":{"message":"Request Success: s3::get_range api call succeeded (request id 01KYS8E8BKMKTRN716NRVE9JP2)."},"filename":"/home/runner/work/xet-core/xet-core/xet_client/src/cas_client/retry_wrapper.rs","line_number":237}
{"timestamp":"2026-07-30T10:17:08.410450Z","level":"INFO","fields":{"message":"Retry strategy","retry":"RetryWrapper { max_attempts: 5, base_delay: 3s, max_duration: 360s, no_retry_on_429: false, retry_on_403: true, expected_416: false, expected_404: false, log_errors_as_info: false, api_tag: \"s3::get_range\", has_connection_permit: true }"},"filename":"/home/runner/work/xet-core/xet-core/xet_client/src/cas_client/retry_wrapper.rs","line_number":274}
{"timestamp":"2026-07-30T10:17:08.438811Z","level":"INFO","fields":{"message":"Received CAS response","request_id":"01KYS8E8D20F71QF52FMSF2D2F","status_code":206},"filename":"/home/runner/work/xet-core/xet-core/xet_client/src/common/http_client.rs","line_number":288}
{"timestamp":"2026-07-30T10:17:08.438840Z","level":"INFO","fields":{"message":"Request Success: s3::get_range api call succeeded (request id 01KYS8E8D20F71QF52FMSF2D2F)."},"filename":"/home/runner/work/xet-core/xet-core/xet_client/src/cas_client/retry_wrapper.rs","line_number":237}
{"timestamp":"2026-07-30T10:17:08.442712Z","level":"INFO","fields":{"message":"Received CAS response","request_id":"01KYS8E8DDCMDN2PXD8NEBZPG2","status_code":206},"filename":"/home/runner/work/xet-core/xet-core/xet_client/src/common/http_client.rs","line_number":288}
{"timestamp":"2026-07-30T10:17:08.442726Z","level":"INFO","fields":{"message":"Request Success: s3::get_range api call succeeded (request id 01KYS8E8DDCMDN2PXD8NEBZPG2)."},"filename":"/home/runner/work/xet-core/xet-core/xet_client/src/cas_client/retry_wrapper.rs","line_number":237}
{"timestamp":"2026-07-30T10:17:08.467401Z","level":"INFO","fields":{"message":"Received CAS response","request_id":"01KYS8E8CM9VXTJVMH63P1NFK5","status_code":206},"filename":"/home/runner/work/xet-core/xet-core/xet_client/src/common/http_client.rs","line_number":288}
{"timestamp":"2026-07-30T10:17:08.467431Z","level":"INFO","fields":{"message":"Request Success: s3::get_range api call succeeded (request id 01KYS8E8CM9VXTJVMH63P1NFK5)."},"filename":"/home/runner/work/xet-core/xet-core/xet_client/src/cas_client/retry_wrapper.rs","line_number":237}
{"timestamp":"2026-07-30T10:17:08.485176Z","level":"INFO","fields":{"message":"Retry strategy","retry":"RetryWrapper { max_attempts: 5, base_delay: 3s, max_duration: 360s, no_retry_on_429: false, retry_on_403: true, expected_416: false, expected_404: false, log_errors_as_info: false, api_tag: \"s3::get_range\", has_connection_permit: true }"},"filename":"/home/runner/work/xet-core/xet-core/xet_client/src/cas_client/retry_wrapper.rs","line_number":274}
{"timestamp":"2026-07-30T10:17:08.488082Z","level":"INFO","fields":{"message":"Retry strategy","retry":"RetryWrapper { max_attempts: 5, base_delay: 3s, max_duration: 360s, no_retry_on_429: false, retry_on_403: true, expected_416: false, expected_404: false, log_errors_as_info: false, api_tag: \"s3::get_range\", has_connection_permit: true }"},"filename":"/home/runner/work/xet-core/xet-core/xet_client/src/cas_client/retry_wrapper.rs","line_number":274}
{"timestamp":"2026-07-30T10:17:08.489904Z","level":"INFO","fields":{"message":"Retry strategy","retry":"RetryWrapper { max_attempts: 5, base_delay: 3s, max_duration: 360s, no_retry_on_429: false, retry_on_403: true, expected_416: false, expected_404: false, log_errors_as_info: false, api_tag: \"s3::get_range\", has_connection_permit: true }"},"filename":"/home/runner/work/xet-core/xet-core/xet_client/src/cas_client/retry_wrapper.rs","line_number":274}
{"timestamp":"2026-07-30T10:17:08.532441Z","level":"INFO","fields":{"message":"Received CAS response","request_id":"01KYS8E8FS7Y89CQR66YF395Q8","status_code":206},"filename":"/home/runner/work/xet-core/xet-core/xet_client/src/common/http_client.rs","line_number":288}
{"timestamp":"2026-07-30T10:17:08.532470Z","level":"INFO","fields":{"message":"Request Success: s3::get_range api call succeeded (request id 01KYS8E8FS7Y89CQR66YF395Q8)."},"filename":"/home/runner/work/xet-core/xet-core/xet_client/src/cas_client/retry_wrapper.rs","line_number":237}
{"timestamp":"2026-07-30T10:17:08.539680Z","level":"INFO","fields":{"message":"Received CAS response","request_id":"01KYS8E8GHZBX29PJSCT4YCWY6","status_code":206},"filename":"/home/runner/work/xet-core/xet-core/xet_client/src/common/http_client.rs","line_number":288}
{"timestamp":"2026-07-30T10:17:08.539707Z","level":"INFO","fields":{"message":"Request Success: s3::get_range api call succeeded (request id 01KYS8E8GHZBX29PJSCT4YCWY6)."},"filename":"/home/runner/work/xet-core/xet-core/xet_client/src/cas_client/retry_wrapper.rs","line_number":237}
{"timestamp":"2026-07-30T10:17:08.540482Z","level":"INFO","fields":{"message":"Retry strategy","retry":"RetryWrapper { max_attempts: 5, base_delay: 3s, max_duration: 360s, no_retry_on_429: false, retry_on_403: true, expected_416: false, expected_404: false, log_errors_as_info: false, api_tag: \"s3::get_range\", has_connection_permit: true }"},"filename":"/home/runner/work/xet-core/xet-core/xet_client/src/cas_client/retry_wrapper.rs","line_number":274}
{"timestamp":"2026-07-30T10:17:08.546252Z","level":"INFO","fields":{"message":"Retry strategy","retry":"RetryWrapper { max_attempts: 5, base_delay: 3s, max_duration: 360s, no_retry_on_429: false, retry_on_403: true, expected_416: false, expected_404: false, log_errors_as_info: false, api_tag: \"s3::get_range\", has_connection_permit: true }"},"filename":"/home/runner/work/xet-core/xet-core/xet_client/src/cas_client/retry_wrapper.rs","line_number":274}
{"timestamp":"2026-07-30T10:17:08.551585Z","level":"INFO","fields":{"message":"Received CAS response","request_id":"01KYS8E8GNPSJ3KCPV34BEHAWM","status_code":206},"filename":"/home/runner/work/xet-core/xet-core/xet_client/src/common/http_client.rs","line_number":288}
{"timestamp":"2026-07-30T10:17:08.551606Z","level":"INFO","fields":{"message":"Request Success: s3::get_range api call succeeded (request id 01KYS8E8GNPSJ3KCPV34BEHAWM)."},"filename":"/home/runner/work/xet-core/xet-core/xet_client/src/cas_client/retry_wrapper.rs","line_number":237}
{"timestamp":"2026-07-30T10:17:08.562751Z","level":"INFO","fields":{"message":"Received CAS response","request_id":"01KYS8E8HEAJJAW2NQPWD8K8F5","status_code":206},"filename":"/home/runner/work/xet-core/xet-core/xet_client/src/common/http_client.rs","line_number":288}
{"timestamp":"2026-07-30T10:17:08.562765Z","level":"INFO","fields":{"message":"Request Success: s3::get_range api call succeeded (request id 01KYS8E8HEAJJAW2NQPWD8K8F5)."},"filename":"/home/runner/work/xet-core/xet-core/xet_client/src/cas_client/retry_wrapper.rs","line_number":237}
{"timestamp":"2026-07-30T10:17:08.566723Z","level":"INFO","fields":{"message":"Received CAS response","request_id":"01KYS8E8H0YAS6189KNPZ0DH4N","status_code":206},"filename":"/home/runner/work/xet-core/xet-core/xet_client/src/common/http_client.rs","line_number":288}
{"timestamp":"2026-07-30T10:17:08.566736Z","level":"INFO","fields":{"message":"Request Success: s3::get_range api call succeeded (request id 01KYS8E8H0YAS6189KNPZ0DH4N)."},"filename":"/home/runner/work/xet-core/xet-core/xet_client/src/cas_client/retry_wrapper.rs","line_number":237}
{"timestamp":"2026-07-30T10:17:08.571330Z","level":"INFO","fields":{"message":"Retry strategy","retry":"RetryWrapper { max_attempts: 5, base_delay: 3s, max_duration: 360s, no_retry_on_429: false, retry_on_403: true, expected_416: false, expected_404: false, log_errors_as_info: false, api_tag: \"s3::get_range\", has_connection_permit: true }"},"filename":"/home/runner/work/xet-core/xet-core/xet_client/src/cas_client/retry_wrapper.rs","line_number":274}
{"timestamp":"2026-07-30T10:17:08.584519Z","level":"INFO","fields":{"message":"Retry strategy","retry":"RetryWrapper { max_attempts: 5, base_delay: 3s, max_duration: 360s, no_retry_on_429: false, retry_on_403: true, expected_416: false, expected_404: false, log_errors_as_info: false, api_tag: \"s3::get_range\", has_connection_permit: true }"},"filename":"/home/runner/work/xet-core/xet-core/xet_client/src/cas_client/retry_wrapper.rs","line_number":274}
{"timestamp":"2026-07-30T10:17:08.588955Z","level":"INFO","fields":{"message":"Retry strategy","retry":"RetryWrapper { max_attempts: 5, base_delay: 3s, max_duration: 360s, no_retry_on_429: false, retry_on_403: true, expected_416: false, expected_404: false, log_errors_as_info: false, api_tag: \"s3::get_range\", has_connection_permit: true }"},"filename":"/home/runner/work/xet-core/xet-core/xet_client/src/cas_client/retry_wrapper.rs","line_number":274}
{"timestamp":"2026-07-30T10:17:08.595937Z","level":"INFO","fields":{"message":"Retry strategy","retry":"RetryWrapper { max_attempts: 5, base_delay: 3s, max_duration: 360s, no_retry_on_429: false, retry_on_403: true, expected_416: false, expected_404: false, log_errors_as_info: false, api_tag: \"s3::get_range\", has_connection_permit: true }"},"filename":"/home/runner/work/xet-core/xet-core/xet_client/src/cas_client/retry_wrapper.rs","line_number":274}
{"timestamp":"2026-07-30T10:17:08.620448Z","level":"INFO","fields":{"message":"Retry strategy","retry":"RetryWrapper { max_attempts: 5, base_delay: 3s, max_duration: 360s, no_retry_on_429: false, retry_on_403: true, expected_416: false, expected_404: false, log_errors_as_info: false, api_tag: \"s3::get_range\", has_connection_permit: true }"},"filename":"/home/runner/work/xet-core/xet-core/xet_client/src/cas_client/retry_wrapper.rs","line_number":274}
{"timestamp":"2026-07-30T10:17:08.625377Z","level":"INFO","fields":{"message":"Received CAS response","request_id":"01KYS8E8JCASFA54XHSNX9KS1K","status_code":206},"filename":"/home/runner/work/xet-core/xet-core/xet_client/src/common/http_client.rs","line_number":288}
{"timestamp":"2026-07-30T10:17:08.625402Z","level":"INFO","fields":{"message":"Request Success: s3::get_range api call succeeded (request id 01KYS8E8JCASFA54XHSNX9KS1K)."},"filename":"/home/runner/work/xet-core/xet-core/xet_client/src/cas_client/retry_wrapper.rs","line_number":237}
{"timestamp":"2026-07-30T10:17:08.654654Z","level":"INFO","fields":{"message":"Retry strategy","retry":"RetryWrapper { max_attempts: 5, base_delay: 3s, max_duration: 360s, no_retry_on_429: false, retry_on_403: true, expected_416: false, expected_404: false, log_errors_as_info: false, api_tag: \"s3::get_range\", has_connection_permit: true }"},"filename":"/home/runner/work/xet-core/xet-core/xet_client/src/cas_client/retry_wrapper.rs","line_number":274}
{"timestamp":"2026-07-30T10:17:08.708537Z","level":"INFO","fields":{"message":"Concurrency control for download: Increased concurrency from 13 to 14; reason: success ratio 1.000 is above threshold 0.800 and predicted RTT for 9MB at new concurrency is 1.32s < target 60.0s"},"filename":"/home/runner/work/xet-core/xet-core/xet_client/src/cas_client/adaptive_concurrency/controller.rs","line_number":548}
{"timestamp":"2026-07-30T10:17:08.708606Z","level":"INFO","fields":{"message":"Retry strategy","retry":"RetryWrapper { max_attempts: 5, base_delay: 3s, max_duration: 360s, no_retry_on_429: false, retry_on_403: true, expected_416: false, expected_404: false, log_errors_as_info: false, api_tag: \"s3::get_range\", has_connection_permit: true }"},"filename":"/home/runner/work/xet-core/xet-core/xet_client/src/cas_client/retry_wrapper.rs","line_number":274}
{"timestamp":"2026-07-30T10:17:08.708646Z","level":"INFO","fields":{"message":"Retry strategy","retry":"RetryWrapper { max_attempts: 5, base_delay: 3s, max_duration: 360s, no_retry_on_429: false, retry_on_403: true, expected_416: false, expected_404: false, log_errors_as_info: false, api_tag: \"s3::get_range\", has_connection_permit: true }"},"filename":"/home/runner/work/xet-core/xet-core/xet_client/src/cas_client/retry_wrapper.rs","line_number":274}
{"timestamp":"2026-07-30T10:17:08.710417Z","level":"INFO","fields":{"message":"Received CAS response","request_id":"01KYS8E8MP2KSQEDRJ0VSY22VZ","status_code":206},"filename":"/home/runner/work/xet-core/xet-core/xet_client/src/common/http_client.rs","line_number":288}
{"timestamp":"2026-07-30T10:17:08.711040Z","level":"INFO","fields":{"message":"Request Success: s3::get_range api call succeeded (request id 01KYS8E8MP2KSQEDRJ0VSY22VZ)."},"filename":"/home/runner/work/xet-core/xet-core/xet_client/src/cas_client/retry_wrapper.rs","line_number":237}
{"timestamp":"2026-07-30T10:17:08.718586Z","level":"INFO","fields":{"message":"Received CAS response","request_id":"01KYS8E8MV9CW8X000RHW0ACXE","status_code":206},"filename":"/home/runner/work/xet-core/xet-core/xet_client/src/common/http_client.rs","line_number":288}
{"timestamp":"2026-07-30T10:17:08.718609Z","level":"INFO","fields":{"message":"Request Success: s3::get_range api call succeeded (request id 01KYS8E8MV9CW8X000RHW0ACXE)."},"filename":"/home/runner/work/xet-core/xet-core/xet_client/src/cas_client/retry_wrapper.rs","line_number":237}
{"timestamp":"2026-07-30T10:17:08.721658Z","level":"INFO","fields":{"message":"Received CAS response","request_id":"01KYS8E8PKBKJHKHEZ6YHHZYGC","status_code":206},"filename":"/home/runner/work/xet-core/xet-core/xet_client/src/common/http_client.rs","line_number":288}
{"timestamp":"2026-07-30T10:17:08.721687Z","level":"INFO","fields":{"message":"Request Success: s3::get_range api call succeeded (request id 01KYS8E8PKBKJHKHEZ6YHHZYGC)."},"filename":"/home/runner/work/xet-core/xet-core/xet_client/src/cas_client/retry_wrapper.rs","line_number":237}
{"timestamp":"2026-07-30T10:17:08.722315Z","level":"INFO","fields":{"message":"Received CAS response","request_id":"01KYS8E8MTW2XBYYRPGHDAAQDF","status_code":206},"filename":"/home/runner/work/xet-core/xet-core/xet_client/src/common/http_client.rs","line_number":288}
{"timestamp":"2026-07-30T10:17:08.722327Z","level":"INFO","fields":{"message":"Request Success: s3::get_range api call succeeded (request id 01KYS8E8MTW2XBYYRPGHDAAQDF)."},"filename":"/home/runner/work/xet-core/xet-core/xet_client/src/cas_client/retry_wrapper.rs","line_number":237}
{"timestamp":"2026-07-30T10:17:08.725664Z","level":"INFO","fields":{"message":"Retry strategy","retry":"RetryWrapper { max_attempts: 5, base_delay: 3s, max_duration: 360s, no_retry_on_429: false, retry_on_403: true, expected_416: false, expected_404: false, log_errors_as_info: false, api_tag: \"s3::get_range\", has_connection_permit: true }"},"filename":"/home/runner/work/xet-core/xet-core/xet_client/src/cas_client/retry_wrapper.rs","line_number":274}
{"timestamp":"2026-07-30T10:17:08.736269Z","level":"INFO","fields":{"message":"Received CAS response","request_id":"01KYS8E8PERP15XNFWVTZXSX6J","status_code":206},"filename":"/home/runner/work/xet-core/xet-core/xet_client/src/common/http_client.rs","line_number":288}
{"timestamp":"2026-07-30T10:17:08.736283Z","level":"INFO","fields":{"message":"Request Success: s3::get_range api call succeeded (request id 01KYS8E8PERP15XNFWVTZXSX6J)."},"filename":"/home/runner/work/xet-core/xet-core/xet_client/src/cas_client/retry_wrapper.rs","line_number":237}
{"timestamp":"2026-07-30T10:17:08.737367Z","level":"INFO","fields":{"message":"Retry strategy","retry":"RetryWrapper { max_attempts: 5, base_delay: 3s, max_duration: 360s, no_retry_on_429: false, retry_on_403: true, expected_416: false, expected_404: false, log_errors_as_info: false, api_tag: \"s3::get_range\", has_connection_permit: true }"},"filename":"/home/runner/work/xet-core/xet-core/xet_client/src/cas_client/retry_wrapper.rs","line_number":274}
{"timestamp":"2026-07-30T10:17:08.742028Z","level":"INFO","fields":{"message":"Retry strategy","retry":"RetryWrapper { max_attempts: 5, base_delay: 3s, max_duration: 360s, no_retry_on_429: false, retry_on_403: true, expected_416: false, expected_404: false, log_errors_as_info: false, api_tag: \"s3::get_range\", has_connection_permit: true }"},"filename":"/home/runner/work/xet-core/xet-core/xet_client/src/cas_client/retry_wrapper.rs","line_number":274}
{"timestamp":"2026-07-30T10:17:08.751363Z","level":"INFO","fields":{"message":"Retry strategy","retry":"RetryWrapper { max_attempts: 5, base_delay: 3s, max_duration: 360s, no_retry_on_429: false, retry_on_403: true, expected_416: false, expected_404: false, log_errors_as_info: false, api_tag: \"s3::get_range\", has_connection_permit: true }"},"filename":"/home/runner/work/xet-core/xet-core/xet_client/src/cas_client/retry_wrapper.rs","line_number":274}
{"timestamp":"2026-07-30T10:17:08.764452Z","level":"INFO","fields":{"message":"Received CAS response","request_id":"01KYS8E8QJJQ8XZX7A8XB1T8WA","status_code":206},"filename":"/home/runner/work/xet-core/xet-core/xet_client/src/common/http_client.rs","line_number":288}
{"timestamp":"2026-07-30T10:17:08.764485Z","level":"INFO","fields":{"message":"Request Success: s3::get_range api call succeeded (request id 01KYS8E8QJJQ8XZX7A8XB1T8WA)."},"filename":"/home/runner/work/xet-core/xet-core/xet_client/src/cas_client/retry_wrapper.rs","line_number":237}
{"timestamp":"2026-07-30T10:17:08.765783Z","level":"INFO","fields":{"message":"Retry strategy","retry":"RetryWrapper { max_attempts: 5, base_delay: 3s, max_duration: 360s, no_retry_on_429: false, retry_on_403: true, expected_416: false, expected_404: false, log_errors_as_info: false, api_tag: \"s3::get_range\", has_connection_permit: true }"},"filename":"/home/runner/work/xet-core/xet-core/xet_client/src/cas_client/retry_wrapper.rs","line_number":274}
{"timestamp":"2026-07-30T10:17:08.766980Z","level":"INFO","fields":{"message":"Retry strategy","retry":"RetryWrapper { max_attempts: 5, base_delay: 3s, max_duration: 360s, no_retry_on_429: false, retry_on_403: true, expected_416: false, expected_404: false, log_errors_as_info: false, api_tag: \"s3::get_range\", has_connection_permit: true }"},"filename":"/home/runner/work/xet-core/xet-core/xet_client/src/cas_client/retry_wrapper.rs","line_number":274}
{"timestamp":"2026-07-30T10:17:08.775619Z","level":"INFO","fields":{"message":"Received CAS response","request_id":"01KYS8E8R5JB1H1CYDKFN8BM3X","status_code":206},"filename":"/home/runner/work/xet-core/xet-core/xet_client/src/common/http_client.rs","line_number":288}
{"timestamp":"2026-07-30T10:17:08.775650Z","level":"INFO","fields":{"message":"Request Success: s3::get_range api call succeeded (request id 01KYS8E8R5JB1H1CYDKFN8BM3X)."},"filename":"/home/runner/work/xet-core/xet-core/xet_client/src/cas_client/retry_wrapper.rs","line_number":237}
{"timestamp":"2026-07-30T10:17:08.777881Z","level":"INFO","fields":{"message":"Retry strategy","retry":"RetryWrapper { max_attempts: 5, base_delay: 3s, max_duration: 360s, no_retry_on_429: false, retry_on_403: true, expected_416: false, expected_404: false, log_errors_as_info: false, api_tag: \"s3::get_range\", has_connection_permit: true }"},"filename":"/home/runner/work/xet-core/xet-core/xet_client/src/cas_client/retry_wrapper.rs","line_number":274}
{"timestamp":"2026-07-30T10:17:08.799404Z","level":"INFO","fields":{"message":"Received CAS response","request_id":"01KYS8E8QYFYMS6EHDSQXF3KPB","status_code":206},"filename":"/home/runner/work/xet-core/xet-core/xet_client/src/common/http_client.rs","line_number":288}
{"timestamp":"2026-07-30T10:17:08.799432Z","level":"INFO","fields":{"message":"Request Success: s3::get_range api call succeeded (request id 01KYS8E8QYFYMS6EHDSQXF3KPB)."},"filename":"/home/runner/work/xet-core/xet-core/xet_client/src/cas_client/retry_wrapper.rs","line_number":237}
{"timestamp":"2026-07-30T10:17:08.804203Z","level":"INFO","fields":{"message":"Retry strategy","retry":"RetryWrapper { max_attempts: 5, base_delay: 3s, max_duration: 360s, no_retry_on_429: false, retry_on_403: true, expected_416: false, expected_404: false, log_errors_as_info: false, api_tag: \"s3::get_range\", has_connection_permit: true }"},"filename":"/home/runner/work/xet-core/xet-core/xet_client/src/cas_client/retry_wrapper.rs","line_number":274}
{"timestamp":"2026-07-30T10:17:08.813532Z","level":"INFO","fields":{"message":"Retry strategy","retry":"RetryWrapper { max_attempts: 5, base_delay: 3s, max_duration: 360s, no_retry_on_429: false, retry_on_403: true, expected_416: false, expected_404: false, log_errors_as_info: false, api_tag: \"s3::get_range\", has_connection_permit: true }"},"filename":"/home/runner/work/xet-core/xet-core/xet_client/src/cas_client/retry_wrapper.rs","line_number":274}
{"timestamp":"2026-07-30T10:17:08.836903Z","level":"INFO","fields":{"message":"Received CAS response","request_id":"01KYS8E8QSMFNNN1GC4XQHJK7J","status_code":206},"filename":"/home/runner/work/xet-core/xet-core/xet_client/src/common/http_client.rs","line_number":288}
{"timestamp":"2026-07-30T10:17:08.836929Z","level":"INFO","fields":{"message":"Request Success: s3::get_range api call succeeded (request id 01KYS8E8QSMFNNN1GC4XQHJK7J)."},"filename":"/home/runner/work/xet-core/xet-core/xet_client/src/cas_client/retry_wrapper.rs","line_number":237}
{"timestamp":"2026-07-30T10:17:08.837293Z","level":"INFO","fields":{"message":"Received CAS response","request_id":"01KYS8E8SZ97DQTDES6F79VTDB","status_code":206},"filename":"/home/runner/work/xet-core/xet-core/xet_client/src/common/http_client.rs","line_number":288}
{"timestamp":"2026-07-30T10:17:08.837307Z","level":"INFO","fields":{"message":"Request Success: s3::get_range api call succeeded (request id 01KYS8E8SZ97DQTDES6F79VTDB)."},"filename":"/home/runner/work/xet-core/xet-core/xet_client/src/cas_client/retry_wrapper.rs","line_number":237}
{"timestamp":"2026-07-30T10:17:08.840563Z","level":"INFO","fields":{"message":"Retry strategy","retry":"RetryWrapper { max_attempts: 5, base_delay: 3s, max_duration: 360s, no_retry_on_429: false, retry_on_403: true, expected_416: false, expected_404: false, log_errors_as_info: false, api_tag: \"s3::get_range\", has_connection_permit: true }"},"filename":"/home/runner/work/xet-core/xet-core/xet_client/src/cas_client/retry_wrapper.rs","line_number":274}
{"timestamp":"2026-07-30T10:17:08.847731Z","level":"INFO","fields":{"message":"Received CAS response","request_id":"01KYS8E8RYK0G21PYPYVNSW01N","status_code":206},"filename":"/home/runner/work/xet-core/xet-core/xet_client/src/common/http_client.rs","line_number":288}
{"timestamp":"2026-07-30T10:17:08.847743Z","level":"INFO","fields":{"message":"Request Success: s3::get_range api call succeeded (request id 01KYS8E8RYK0G21PYPYVNSW01N)."},"filename":"/home/runner/work/xet-core/xet-core/xet_client/src/cas_client/retry_wrapper.rs","line_number":237}
{"timestamp":"2026-07-30T10:17:08.902909Z","level":"INFO","fields":{"message":"Retry strategy","retry":"RetryWrapper { max_attempts: 5, base_delay: 3s, max_duration: 360s, no_retry_on_429: false, retry_on_403: true, expected_416: false, expected_404: false, log_errors_as_info: false, api_tag: \"s3::get_range\", has_connection_permit: true }"},"filename":"/home/runner/work/xet-core/xet-core/xet_client/src/cas_client/retry_wrapper.rs","line_number":274}
{"timestamp":"2026-07-30T10:17:08.914267Z","level":"INFO","fields":{"message":"Received CAS response","request_id":"01KYS8E8W7QNSRD0KE24734H3Y","status_code":206},"filename":"/home/runner/work/xet-core/xet-core/xet_client/src/common/http_client.rs","line_number":288}
{"timestamp":"2026-07-30T10:17:08.914293Z","level":"INFO","fields":{"message":"Request Success: s3::get_range api call succeeded (request id 01KYS8E8W7QNSRD0KE24734H3Y)."},"filename":"/home/runner/work/xet-core/xet-core/xet_client/src/cas_client/retry_wrapper.rs","line_number":237}
{"timestamp":"2026-07-30T10:17:08.916000Z","level":"INFO","fields":{"message":"Received CAS response","request_id":"01KYS8E8WJD25DGT9BM01ASEPX","status_code":206},"filename":"/home/runner/work/xet-core/xet-core/xet_client/src/common/http_client.rs","line_number":288}
{"timestamp":"2026-07-30T10:17:08.916022Z","level":"INFO","fields":{"message":"Request Success: s3::get_range api call succeeded (request id 01KYS8E8WJD25DGT9BM01ASEPX)."},"filename":"/home/runner/work/xet-core/xet-core/xet_client/src/cas_client/retry_wrapper.rs","line_number":237}
{"timestamp":"2026-07-30T10:17:08.920694Z","level":"INFO","fields":{"message":"Received CAS response","request_id":"01KYS8E8XWFF5SDKRVJMXS9TRH","status_code":206},"filename":"/home/runner/work/xet-core/xet-core/xet_client/src/common/http_client.rs","line_number":288}
{"timestamp":"2026-07-30T10:17:08.920710Z","level":"INFO","fields":{"message":"Request Success: s3::get_range api call succeeded (request id 01KYS8E8XWFF5SDKRVJMXS9TRH)."},"filename":"/home/runner/work/xet-core/xet-core/xet_client/src/cas_client/retry_wrapper.rs","line_number":237}
{"timestamp":"2026-07-30T10:17:08.920790Z","level":"INFO","fields":{"message":"Retry strategy","retry":"RetryWrapper { max_attempts: 5, base_delay: 3s, max_duration: 360s, no_retry_on_429: false, retry_on_403: true, expected_416: false, expected_404: false, log_errors_as_info: false, api_tag: \"s3::get_range\", has_connection_permit: true }"},"filename":"/home/runner/work/xet-core/xet-core/xet_client/src/cas_client/retry_wrapper.rs","line_number":274}
{"timestamp":"2026-07-30T10:17:08.921629Z","level":"INFO","fields":{"message":"Received CAS response","request_id":"01KYS8E8VRZQ5GECW13F15CHPZ","status_code":206},"filename":"/home/runner/work/xet-core/xet-core/xet_client/src/common/http_client.rs","line_number":288}
{"timestamp":"2026-07-30T10:17:08.921663Z","level":"INFO","fields":{"message":"Request Success: s3::get_range api call succeeded (request id 01KYS8E8VRZQ5GECW13F15CHPZ)."},"filename":"/home/runner/work/xet-core/xet-core/xet_client/src/cas_client/retry_wrapper.rs","line_number":237}
{"timestamp":"2026-07-30T10:17:08.931401Z","level":"INFO","fields":{"message":"Retry strategy","retry":"RetryWrapper { max_attempts: 5, base_delay: 3s, max_duration: 360s, no_retry_on_429: false, retry_on_403: true, expected_416: false, expected_404: false, log_errors_as_info: false, api_tag: \"s3::get_range\", has_connection_permit: true }"},"filename":"/home/runner/work/xet-core/xet-core/xet_client/src/cas_client/retry_wrapper.rs","line_number":274}
{"timestamp":"2026-07-30T10:17:08.933540Z","level":"INFO","fields":{"message":"Received CAS response","request_id":"01KYS8E8VVKQ09JM0N7VRQ48RA","status_code":206},"filename":"/home/runner/work/xet-core/xet-core/xet_client/src/common/http_client.rs","line_number":288}
{"timestamp":"2026-07-30T10:17:08.933549Z","level":"INFO","fields":{"message":"Request Success: s3::get_range api call succeeded (request id 01KYS8E8VVKQ09JM0N7VRQ48RA)."},"filename":"/home/runner/work/xet-core/xet-core/xet_client/src/cas_client/retry_wrapper.rs","line_number":237}
{"timestamp":"2026-07-30T10:17:08.936145Z","level":"INFO","fields":{"message":"Received CAS response","request_id":"01KYS8E8WQ16SD5M5B3DNCKNW6","status_code":206},"filename":"/home/runner/work/xet-core/xet-core/xet_client/src/common/http_client.rs","line_number":288}
{"timestamp":"2026-07-30T10:17:08.936152Z","level":"INFO","fields":{"message":"Request Success: s3::get_range api call succeeded (request id 01KYS8E8WQ16SD5M5B3DNCKNW6)."},"filename":"/home/runner/work/xet-core/xet-core/xet_client/src/cas_client/retry_wrapper.rs","line_number":237}
{"timestamp":"2026-07-30T10:17:08.945033Z","level":"INFO","fields":{"message":"Retry strategy","retry":"RetryWrapper { max_attempts: 5, base_delay: 3s, max_duration: 360s, no_retry_on_429: false, retry_on_403: true, expected_416: false, expected_404: false, log_errors_as_info: false, api_tag: \"s3::get_range\", has_connection_permit: true }"},"filename":"/home/runner/work/xet-core/xet-core/xet_client/src/cas_client/retry_wrapper.rs","line_number":274}
{"timestamp":"2026-07-30T10:17:08.973589Z","level":"INFO","fields":{"message":"Received CAS response","request_id":"01KYS8E8XECJJHYQ4DAJV8HC2W","status_code":206},"filename":"/home/runner/work/xet-core/xet-core/xet_client/src/common/http_client.rs","line_number":288}
{"timestamp":"2026-07-30T10:17:08.973608Z","level":"INFO","fields":{"message":"Request Success: s3::get_range api call succeeded (request id 01KYS8E8XECJJHYQ4DAJV8HC2W)."},"filename":"/home/runner/work/xet-core/xet-core/xet_client/src/cas_client/retry_wrapper.rs","line_number":237}
{"timestamp":"2026-07-30T10:17:08.978383Z","level":"INFO","fields":{"message":"Received CAS response","request_id":"01KYS8E8XHHTM8FFJ3JRDGKE2C","status_code":206},"filename":"/home/runner/work/xet-core/xet-core/xet_client/src/common/http_client.rs","line_number":288}
{"timestamp":"2026-07-30T10:17:08.978391Z","level":"INFO","fields":{"message":"Request Success: s3::get_range api call succeeded (request id 01KYS8E8XHHTM8FFJ3JRDGKE2C)."},"filename":"/home/runner/work/xet-core/xet-core/xet_client/src/cas_client/retry_wrapper.rs","line_number":237}
{"timestamp":"2026-07-30T10:17:09.001352Z","level":"INFO","fields":{"message":"Received CAS response","request_id":"01KYS8E8Z0CNXKZ3R7QB908VTP","status_code":206},"filename":"/home/runner/work/xet-core/xet-core/xet_client/src/common/http_client.rs","line_number":288}
{"timestamp":"2026-07-30T10:17:09.001386Z","level":"INFO","fields":{"message":"Request Success: s3::get_range api call succeeded (request id 01KYS8E8Z0CNXKZ3R7QB908VTP)."},"filename":"/home/runner/work/xet-core/xet-core/xet_client/src/cas_client/retry_wrapper.rs","line_number":237}
{"timestamp":"2026-07-30T10:17:09.015515Z","level":"INFO","fields":{"message":"Received CAS response","request_id":"01KYS8E8YN5XCCM8B989HQ1NWN","status_code":206},"filename":"/home/runner/work/xet-core/xet-core/xet_client/src/common/http_client.rs","line_number":288}
{"timestamp":"2026-07-30T10:17:09.015529Z","level":"INFO","fields":{"message":"Request Success: s3::get_range api call succeeded (request id 01KYS8E8YN5XCCM8B989HQ1NWN)."},"filename":"/home/runner/work/xet-core/xet-core/xet_client/src/cas_client/retry_wrapper.rs","line_number":237}
{"timestamp":"2026-07-30T10:17:09.016281Z","level":"INFO","fields":{"message":"Retry strategy","retry":"RetryWrapper { max_attempts: 5, base_delay: 3s, max_duration: 360s, no_retry_on_429: false, retry_on_403: true, expected_416: false, expected_404: false, log_errors_as_info: false, api_tag: \"s3::get_range\", has_connection_permit: true }"},"filename":"/home/runner/work/xet-core/xet-core/xet_client/src/cas_client/retry_wrapper.rs","line_number":274}
{"timestamp":"2026-07-30T10:17:09.019850Z","level":"INFO","fields":{"message":"Received CAS response","request_id":"01KYS8E8X0HD77Z96WVB3TA21V","status_code":206},"filename":"/home/runner/work/xet-core/xet-core/xet_client/src/common/http_client.rs","line_number":288}
{"timestamp":"2026-07-30T10:17:09.019874Z","level":"INFO","fields":{"message":"Request Success: s3::get_range api call succeeded (request id 01KYS8E8X0HD77Z96WVB3TA21V)."},"filename":"/home/runner/work/xet-core/xet-core/xet_client/src/cas_client/retry_wrapper.rs","line_number":237}
{"timestamp":"2026-07-30T10:17:09.020149Z","level":"INFO","fields":{"message":"Retry strategy","retry":"RetryWrapper { max_attempts: 5, base_delay: 3s, max_duration: 360s, no_retry_on_429: false, retry_on_403: true, expected_416: false, expected_404: false, log_errors_as_info: false, api_tag: \"s3::get_range\", has_connection_permit: true }"},"filename":"/home/runner/work/xet-core/xet-core/xet_client/src/cas_client/retry_wrapper.rs","line_number":274}
{"timestamp":"2026-07-30T10:17:09.023250Z","level":"INFO","fields":{"message":"Retry strategy","retry":"RetryWrapper { max_attempts: 5, base_delay: 3s, max_duration: 360s, no_retry_on_429: false, retry_on_403: true, expected_416: false, expected_404: false, log_errors_as_info: false, api_tag: \"s3::get_range\", has_connection_permit: true }"},"filename":"/home/runner/work/xet-core/xet-core/xet_client/src/cas_client/retry_wrapper.rs","line_number":274}
{"timestamp":"2026-07-30T10:17:09.027597Z","level":"INFO","fields":{"message":"Retry strategy","retry":"RetryWrapper { max_attempts: 5, base_delay: 3s, max_duration: 360s, no_retry_on_429: false, retry_on_403: true, expected_416: false, expected_404: false, log_errors_as_info: false, api_tag: \"s3::get_range\", has_connection_permit: true }"},"filename":"/home/runner/work/xet-core/xet-core/xet_client/src/cas_client/retry_wrapper.rs","line_number":274}
{"timestamp":"2026-07-30T10:17:09.030975Z","level":"INFO","fields":{"message":"Retry strategy","retry":"RetryWrapper { max_attempts: 5, base_delay: 3s, max_duration: 360s, no_retry_on_429: false, retry_on_403: true, expected_416: false, expected_404: false, log_errors_as_info: false, api_tag: \"s3::get_range\", has_connection_permit: true }"},"filename":"/home/runner/work/xet-core/xet-core/xet_client/src/cas_client/retry_wrapper.rs","line_number":274}
{"timestamp":"2026-07-30T10:17:09.040189Z","level":"INFO","fields":{"message":"Retry strategy","retry":"RetryWrapper { max_attempts: 5, base_delay: 3s, max_duration: 360s, no_retry_on_429: false, retry_on_403: true, expected_416: false, expected_404: false, log_errors_as_info: false, api_tag: \"s3::get_range\", has_connection_permit: true }"},"filename":"/home/runner/work/xet-core/xet-core/xet_client/src/cas_client/retry_wrapper.rs","line_number":274}
{"timestamp":"2026-07-30T10:17:09.053503Z","level":"INFO","fields":{"message":"Retry strategy","retry":"RetryWrapper { max_attempts: 5, base_delay: 3s, max_duration: 360s, no_retry_on_429: false, retry_on_403: true, expected_416: false, expected_404: false, log_errors_as_info: false, api_tag: \"s3::get_range\", has_connection_permit: true }"},"filename":"/home/runner/work/xet-core/xet-core/xet_client/src/cas_client/retry_wrapper.rs","line_number":274}
{"timestamp":"2026-07-30T10:17:09.059080Z","level":"INFO","fields":{"message":"Received CAS response","request_id":"01KYS8E8ZS06EJXA6Q1AGTV8PE","status_code":206},"filename":"/home/runner/work/xet-core/xet-core/xet_client/src/common/http_client.rs","line_number":288}
{"timestamp":"2026-07-30T10:17:09.059111Z","level":"INFO","fields":{"message":"Request Success: s3::get_range api call succeeded (request id 01KYS8E8ZS06EJXA6Q1AGTV8PE)."},"filename":"/home/runner/work/xet-core/xet-core/xet_client/src/cas_client/retry_wrapper.rs","line_number":237}
{"timestamp":"2026-07-30T10:17:09.069773Z","level":"INFO","fields":{"message":"Retry strategy","retry":"RetryWrapper { max_attempts: 5, base_delay: 3s, max_duration: 360s, no_retry_on_429: false, retry_on_403: true, expected_416: false, expected_404: false, log_errors_as_info: false, api_tag: \"s3::get_range\", has_connection_permit: true }"},"filename":"/home/runner/work/xet-core/xet-core/xet_client/src/cas_client/retry_wrapper.rs","line_number":274}
{"timestamp":"2026-07-30T10:17:09.109078Z","level":"INFO","fields":{"message":"Received CAS response","request_id":"01KYS8E92BYZ3SFYPPBECTA7TE","status_code":206},"filename":"/home/runner/work/xet-core/xet-core/xet_client/src/common/http_client.rs","line_number":288}
{"timestamp":"2026-07-30T10:17:09.109104Z","level":"INFO","fields":{"message":"Request Success: s3::get_range api call succeeded (request id 01KYS8E92BYZ3SFYPPBECTA7TE)."},"filename":"/home/runner/work/xet-core/xet-core/xet_client/src/cas_client/retry_wrapper.rs","line_number":237}
{"timestamp":"2026-07-30T10:17:09.113268Z","level":"INFO","fields":{"message":"Received CAS response","request_id":"01KYS8E92M2SPAMBZ69GK754VB","status_code":206},"filename":"/home/runner/work/xet-core/xet-core/xet_client/src/common/http_client.rs","line_number":288}
{"timestamp":"2026-07-30T10:17:09.113292Z","level":"INFO","fields":{"message":"Request Success: s3::get_range api call succeeded (request id 01KYS8E92M2SPAMBZ69GK754VB)."},"filename":"/home/runner/work/xet-core/xet-core/xet_client/src/cas_client/retry_wrapper.rs","line_number":237}
{"timestamp":"2026-07-30T10:17:09.118100Z","level":"INFO","fields":{"message":"Retry strategy","retry":"RetryWrapper { max_attempts: 5, base_delay: 3s, max_duration: 360s, no_retry_on_429: false, retry_on_403: true, expected_416: false, expected_404: false, log_errors_as_info: false, api_tag: \"s3::get_range\", has_connection_permit: true }"},"filename":"/home/runner/work/xet-core/xet-core/xet_client/src/cas_client/retry_wrapper.rs","line_number":274}
{"timestamp":"2026-07-30T10:17:09.120086Z","level":"INFO","fields":{"message":"Retry strategy","retry":"RetryWrapper { max_attempts: 5, base_delay: 3s, max_duration: 360s, no_retry_on_429: false, retry_on_403: true, expected_416: false, expected_404: false, log_errors_as_info: false, api_tag: \"s3::get_range\", has_connection_permit: true }"},"filename":"/home/runner/work/xet-core/xet-core/xet_client/src/cas_client/retry_wrapper.rs","line_number":274}
{"timestamp":"2026-07-30T10:17:09.127260Z","level":"INFO","fields":{"message":"Retry strategy","retry":"RetryWrapper { max_attempts: 5, base_delay: 3s, max_duration: 360s, no_retry_on_429: false, retry_on_403: true, expected_416: false, expected_404: false, log_errors_as_info: false, api_tag: \"s3::get_range\", has_connection_permit: true }"},"filename":"/home/runner/work/xet-core/xet-core/xet_client/src/cas_client/retry_wrapper.rs","line_number":274}
{"timestamp":"2026-07-30T10:17:09.160605Z","level":"INFO","fields":{"message":"Received CAS response","request_id":"01KYS8E91QPW3NVXPP6YE75NT8","status_code":206},"filename":"/home/runner/work/xet-core/xet-core/xet_client/src/common/http_client.rs","line_number":288}
{"timestamp":"2026-07-30T10:17:09.160638Z","level":"INFO","fields":{"message":"Request Success: s3::get_range api call succeeded (request id 01KYS8E91QPW3NVXPP6YE75NT8)."},"filename":"/home/runner/work/xet-core/xet-core/xet_client/src/cas_client/retry_wrapper.rs","line_number":237}
{"timestamp":"2026-07-30T10:17:09.182975Z","level":"INFO","fields":{"message":"Received CAS response","request_id":"01KYS8E934FZ8WY1425XN2TARM","status_code":206},"filename":"/home/runner/work/xet-core/xet-core/xet_client/src/common/http_client.rs","line_number":288}
{"timestamp":"2026-07-30T10:17:09.183011Z","level":"INFO","fields":{"message":"Request Success: s3::get_range api call succeeded (request id 01KYS8E934FZ8WY1425XN2TARM)."},"filename":"/home/runner/work/xet-core/xet-core/xet_client/src/cas_client/retry_wrapper.rs","line_number":237}
{"timestamp":"2026-07-30T10:17:09.214913Z","level":"INFO","fields":{"message":"Concurrency control for download: Increased concurrency from 14 to 15; reason: success ratio 1.000 is above threshold 0.800 and predicted RTT for 6MB at new concurrency is 1.01s < target 60.0s"},"filename":"/home/runner/work/xet-core/xet-core/xet_client/src/cas_client/adaptive_concurrency/controller.rs","line_number":548}
{"timestamp":"2026-07-30T10:17:09.214975Z","level":"INFO","fields":{"message":"Retry strategy","retry":"RetryWrapper { max_attempts: 5, base_delay: 3s, max_duration: 360s, no_retry_on_429: false, retry_on_403: true, expected_416: false, expected_404: false, log_errors_as_info: false, api_tag: \"s3::get_range\", has_connection_permit: true }"},"filename":"/home/runner/work/xet-core/xet-core/xet_client/src/cas_client/retry_wrapper.rs","line_number":274}
{"timestamp":"2026-07-30T10:17:09.214979Z","level":"INFO","fields":{"message":"Retry strategy","retry":"RetryWrapper { max_attempts: 5, base_delay: 3s, max_duration: 360s, no_retry_on_429: false, retry_on_403: true, expected_416: false, expected_404: false, log_errors_as_info: false, api_tag: \"s3::get_range\", has_connection_permit: true }"},"filename":"/home/runner/work/xet-core/xet-core/xet_client/src/cas_client/retry_wrapper.rs","line_number":274}
{"timestamp":"2026-07-30T10:17:09.221923Z","level":"INFO","fields":{"message":"Received CAS response","request_id":"01KYS8E95HY25AF5RGCY7G4CFM","status_code":206},"filename":"/home/runner/work/xet-core/xet-core/xet_client/src/common/http_client.rs","line_number":288}
{"timestamp":"2026-07-30T10:17:09.221937Z","level":"INFO","fields":{"message":"Request Success: s3::get_range api call succeeded (request id 01KYS8E95HY25AF5RGCY7G4CFM)."},"filename":"/home/runner/work/xet-core/xet-core/xet_client/src/cas_client/retry_wrapper.rs","line_number":237}
{"timestamp":"2026-07-30T10:17:09.235230Z","level":"INFO","fields":{"message":"Received CAS response","request_id":"01KYS8E95MAG495RW2Q9TYXNWQ","status_code":206},"filename":"/home/runner/work/xet-core/xet-core/xet_client/src/common/http_client.rs","line_number":288}
{"timestamp":"2026-07-30T10:17:09.235242Z","level":"INFO","fields":{"message":"Request Success: s3::get_range api call succeeded (request id 01KYS8E95MAG495RW2Q9TYXNWQ)."},"filename":"/home/runner/work/xet-core/xet-core/xet_client/src/cas_client/retry_wrapper.rs","line_number":237}
{"timestamp":"2026-07-30T10:17:09.236881Z","level":"INFO","fields":{"message":"Retry strategy","retry":"RetryWrapper { max_attempts: 5, base_delay: 3s, max_duration: 360s, no_retry_on_429: false, retry_on_403: true, expected_416: false, expected_404: false, log_errors_as_info: false, api_tag: \"s3::get_range\", has_connection_permit: true }"},"filename":"/home/runner/work/xet-core/xet-core/xet_client/src/cas_client/retry_wrapper.rs","line_number":274}
{"timestamp":"2026-07-30T10:17:09.237855Z","level":"INFO","fields":{"message":"Received CAS response","request_id":"01KYS8E9618263ST59PZ5MYYWT","status_code":206},"filename":"/home/runner/work/xet-core/xet-core/xet_client/src/common/http_client.rs","line_number":288}
{"timestamp":"2026-07-30T10:17:09.237885Z","level":"INFO","fields":{"message":"Request Success: s3::get_range api call succeeded (request id 01KYS8E9618263ST59PZ5MYYWT)."},"filename":"/home/runner/work/xet-core/xet-core/xet_client/src/cas_client/retry_wrapper.rs","line_number":237}
{"timestamp":"2026-07-30T10:17:09.239060Z","level":"INFO","fields":{"message":"Received CAS response","request_id":"01KYS8E95EPNETHTN9TXSJ892B","status_code":206},"filename":"/home/runner/work/xet-core/xet-core/xet_client/src/common/http_client.rs","line_number":288}
{"timestamp":"2026-07-30T10:17:09.239092Z","level":"INFO","fields":{"message":"Request Success: s3::get_range api call succeeded (request id 01KYS8E95EPNETHTN9TXSJ892B)."},"filename":"/home/runner/work/xet-core/xet-core/xet_client/src/cas_client/retry_wrapper.rs","line_number":237}
{"timestamp":"2026-07-30T10:17:09.250821Z","level":"INFO","fields":{"message":"Received CAS response","request_id":"01KYS8E95RHDNCQWTKJB1C62ZF","status_code":206},"filename":"/home/runner/work/xet-core/xet-core/xet_client/src/common/http_client.rs","line_number":288}
{"timestamp":"2026-07-30T10:17:09.250834Z","level":"INFO","fields":{"message":"Request Success: s3::get_range api call succeeded (request id 01KYS8E95RHDNCQWTKJB1C62ZF)."},"filename":"/home/runner/work/xet-core/xet-core/xet_client/src/cas_client/retry_wrapper.rs","line_number":237}
{"timestamp":"2026-07-30T10:17:09.252955Z","level":"INFO","fields":{"message":"Received CAS response","request_id":"01KYS8E959JHXWTRR1MSR0QJHB","status_code":206},"filename":"/home/runner/work/xet-core/xet-core/xet_client/src/common/http_client.rs","line_number":288}
{"timestamp":"2026-07-30T10:17:09.252963Z","level":"INFO","fields":{"message":"Request Success: s3::get_range api call succeeded (request id 01KYS8E959JHXWTRR1MSR0QJHB)."},"filename":"/home/runner/work/xet-core/xet-core/xet_client/src/cas_client/retry_wrapper.rs","line_number":237}
{"timestamp":"2026-07-30T10:17:09.253547Z","level":"INFO","fields":{"message":"Retry strategy","retry":"RetryWrapper { max_attempts: 5, base_delay: 3s, max_duration: 360s, no_retry_on_429: false, retry_on_403: true, expected_416: false, expected_404: false, log_errors_as_info: false, api_tag: \"s3::get_range\", has_connection_permit: true }"},"filename":"/home/runner/work/xet-core/xet-core/xet_client/src/cas_client/retry_wrapper.rs","line_number":274}
{"timestamp":"2026-07-30T10:17:09.263417Z","level":"INFO","fields":{"message":"Retry strategy","retry":"RetryWrapper { max_attempts: 5, base_delay: 3s, max_duration: 360s, no_retry_on_429: false, retry_on_403: true, expected_416: false, expected_404: false, log_errors_as_info: false, api_tag: \"s3::get_range\", has_connection_permit: true }"},"filename":"/home/runner/work/xet-core/xet-core/xet_client/src/cas_client/retry_wrapper.rs","line_number":274}
{"timestamp":"2026-07-30T10:17:09.267582Z","level":"INFO","fields":{"message":"Received CAS response","request_id":"01KYS8E96FJ064ZVQFYEN2NRG8","status_code":206},"filename":"/home/runner/work/xet-core/xet-core/xet_client/src/common/http_client.rs","line_number":288}
{"timestamp":"2026-07-30T10:17:09.267610Z","level":"INFO","fields":{"message":"Request Success: s3::get_range api call succeeded (request id 01KYS8E96FJ064ZVQFYEN2NRG8)."},"filename":"/home/runner/work/xet-core/xet-core/xet_client/src/cas_client/retry_wrapper.rs","line_number":237}
{"timestamp":"2026-07-30T10:17:09.277117Z","level":"INFO","fields":{"message":"Received CAS response","request_id":"01KYS8E96ZZXS0B39R2M763EBB","status_code":206},"filename":"/home/runner/work/xet-core/xet-core/xet_client/src/common/http_client.rs","line_number":288}
{"timestamp":"2026-07-30T10:17:09.277143Z","level":"INFO","fields":{"message":"Request Success: s3::get_range api call succeeded (request id 01KYS8E96ZZXS0B39R2M763EBB)."},"filename":"/home/runner/work/xet-core/xet-core/xet_client/src/cas_client/retry_wrapper.rs","line_number":237}
{"timestamp":"2026-07-30T10:17:09.281167Z","level":"INFO","fields":{"message":"Received CAS response","request_id":"01KYS8E98KCQ35JZAAZPKFR4BC","status_code":206},"filename":"/home/runner/work/xet-core/xet-core/xet_client/src/common/http_client.rs","line_number":288}
{"timestamp":"2026-07-30T10:17:09.281202Z","level":"INFO","fields":{"message":"Request Success: s3::get_range api call succeeded (request id 01KYS8E98KCQ35JZAAZPKFR4BC)."},"filename":"/home/runner/work/xet-core/xet-core/xet_client/src/cas_client/retry_wrapper.rs","line_number":237}
{"timestamp":"2026-07-30T10:17:09.281469Z","level":"INFO","fields":{"message":"Retry strategy","retry":"RetryWrapper { max_attempts: 5, base_delay: 3s, max_duration: 360s, no_retry_on_429: false, retry_on_403: true, expected_416: false, expected_404: false, log_errors_as_info: false, api_tag: \"s3::get_range\", has_connection_permit: true }"},"filename":"/home/runner/work/xet-core/xet-core/xet_client/src/cas_client/retry_wrapper.rs","line_number":274}
{"timestamp":"2026-07-30T10:17:09.283344Z","level":"INFO","fields":{"message":"Retry strategy","retry":"RetryWrapper { max_attempts: 5, base_delay: 3s, max_duration: 360s, no_retry_on_429: false, retry_on_403: true, expected_416: false, expected_404: false, log_errors_as_info: false, api_tag: \"s3::get_range\", has_connection_permit: true }"},"filename":"/home/runner/work/xet-core/xet-core/xet_client/src/cas_client/retry_wrapper.rs","line_number":274}
{"timestamp":"2026-07-30T10:17:09.288042Z","level":"INFO","fields":{"message":"Retry strategy","retry":"RetryWrapper { max_attempts: 5, base_delay: 3s, max_duration: 360s, no_retry_on_429: false, retry_on_403: true, expected_416: false, expected_404: false, log_errors_as_info: false, api_tag: \"s3::get_range\", has_connection_permit: true }"},"filename":"/home/runner/work/xet-core/xet-core/xet_client/src/cas_client/retry_wrapper.rs","line_number":274}
{"timestamp":"2026-07-30T10:17:09.289263Z","level":"INFO","fields":{"message":"Retry strategy","retry":"RetryWrapper { max_attempts: 5, base_delay: 3s, max_duration: 360s, no_retry_on_429: false, retry_on_403: true, expected_416: false, expected_404: false, log_errors_as_info: false, api_tag: \"s3::get_range\", has_connection_permit: true }"},"filename":"/home/runner/work/xet-core/xet-core/xet_client/src/cas_client/retry_wrapper.rs","line_number":274}
{"timestamp":"2026-07-30T10:17:09.293717Z","level":"INFO","fields":{"message":"Retry strategy","retry":"RetryWrapper { max_attempts: 5, base_delay: 3s, max_duration: 360s, no_retry_on_429: false, retry_on_403: true, expected_416: false, expected_404: false, log_errors_as_info: false, api_tag: \"s3::get_range\", has_connection_permit: true }"},"filename":"/home/runner/work/xet-core/xet-core/xet_client/src/cas_client/retry_wrapper.rs","line_number":274}
{"timestamp":"2026-07-30T10:17:09.308477Z","level":"INFO","fields":{"message":"Received CAS response","request_id":"01KYS8E98HH9KFYN2CJ3A54J55","status_code":206},"filename":"/home/runner/work/xet-core/xet-core/xet_client/src/common/http_client.rs","line_number":288}
{"timestamp":"2026-07-30T10:17:09.308489Z","level":"INFO","fields":{"message":"Request Success: s3::get_range api call succeeded (request id 01KYS8E98HH9KFYN2CJ3A54J55)."},"filename":"/home/runner/work/xet-core/xet-core/xet_client/src/cas_client/retry_wrapper.rs","line_number":237}
{"timestamp":"2026-07-30T10:17:09.314389Z","level":"INFO","fields":{"message":"Received CAS response","request_id":"01KYS8E98S4BD1837KJ42231Y5","status_code":206},"filename":"/home/runner/work/xet-core/xet-core/xet_client/src/common/http_client.rs","line_number":288}
{"timestamp":"2026-07-30T10:17:09.314416Z","level":"INFO","fields":{"message":"Request Success: s3::get_range api call succeeded (request id 01KYS8E98S4BD1837KJ42231Y5)."},"filename":"/home/runner/work/xet-core/xet-core/xet_client/src/cas_client/retry_wrapper.rs","line_number":237}
{"timestamp":"2026-07-30T10:17:09.315504Z","level":"INFO","fields":{"message":"Retry strategy","retry":"RetryWrapper { max_attempts: 5, base_delay: 3s, max_duration: 360s, no_retry_on_429: false, retry_on_403: true, expected_416: false, expected_404: false, log_errors_as_info: false, api_tag: \"s3::get_range\", has_connection_permit: true }"},"filename":"/home/runner/work/xet-core/xet-core/xet_client/src/cas_client/retry_wrapper.rs","line_number":274}
{"timestamp":"2026-07-30T10:17:09.317106Z","level":"INFO","fields":{"message":"Retry strategy","retry":"RetryWrapper { max_attempts: 5, base_delay: 3s, max_duration: 360s, no_retry_on_429: false, retry_on_403: true, expected_416: false, expected_404: false, log_errors_as_info: false, api_tag: \"s3::get_range\", has_connection_permit: true }"},"filename":"/home/runner/work/xet-core/xet-core/xet_client/src/cas_client/retry_wrapper.rs","line_number":274}
{"timestamp":"2026-07-30T10:17:09.360731Z","level":"INFO","fields":{"message":"Retry strategy","retry":"RetryWrapper { max_attempts: 5, base_delay: 3s, max_duration: 360s, no_retry_on_429: false, retry_on_403: true, expected_416: false, expected_404: false, log_errors_as_info: false, api_tag: \"s3::get_range\", has_connection_permit: true }"},"filename":"/home/runner/work/xet-core/xet-core/xet_client/src/cas_client/retry_wrapper.rs","line_number":274}
{"timestamp":"2026-07-30T10:17:09.392296Z","level":"INFO","fields":{"message":"Received CAS response","request_id":"01KYS8E9BM06BAP46AP2QQVNKR","status_code":206},"filename":"/home/runner/work/xet-core/xet-core/xet_client/src/common/http_client.rs","line_number":288}
{"timestamp":"2026-07-30T10:17:09.392328Z","level":"INFO","fields":{"message":"Request Success: s3::get_range api call succeeded (request id 01KYS8E9BM06BAP46AP2QQVNKR)."},"filename":"/home/runner/work/xet-core/xet-core/xet_client/src/cas_client/retry_wrapper.rs","line_number":237}
{"timestamp":"2026-07-30T10:17:09.393570Z","level":"INFO","fields":{"message":"Received CAS response","request_id":"01KYS8E9C55MKWD1AFGK190911","status_code":206},"filename":"/home/runner/work/xet-core/xet-core/xet_client/src/common/http_client.rs","line_number":288}
{"timestamp":"2026-07-30T10:17:09.393600Z","level":"INFO","fields":{"message":"Request Success: s3::get_range api call succeeded (request id 01KYS8E9C55MKWD1AFGK190911)."},"filename":"/home/runner/work/xet-core/xet-core/xet_client/src/cas_client/retry_wrapper.rs","line_number":237}
{"timestamp":"2026-07-30T10:17:09.394074Z","level":"INFO","fields":{"message":"Retry strategy","retry":"RetryWrapper { max_attempts: 5, base_delay: 3s, max_duration: 360s, no_retry_on_429: false, retry_on_403: true, expected_416: false, expected_404: false, log_errors_as_info: false, api_tag: \"s3::get_range\", has_connection_permit: true }"},"filename":"/home/runner/work/xet-core/xet-core/xet_client/src/cas_client/retry_wrapper.rs","line_number":274}
{"timestamp":"2026-07-30T10:17:09.397273Z","level":"INFO","fields":{"message":"Retry strategy","retry":"RetryWrapper { max_attempts: 5, base_delay: 3s, max_duration: 360s, no_retry_on_429: false, retry_on_403: true, expected_416: false, expected_404: false, log_errors_as_info: false, api_tag: \"s3::get_range\", has_connection_permit: true }"},"filename":"/home/runner/work/xet-core/xet-core/xet_client/src/cas_client/retry_wrapper.rs","line_number":274}
{"timestamp":"2026-07-30T10:17:09.399984Z","level":"INFO","fields":{"message":"Retry strategy","retry":"RetryWrapper { max_attempts: 5, base_delay: 3s, max_duration: 360s, no_retry_on_429: false, retry_on_403: true, expected_416: false, expected_404: false, log_errors_as_info: false, api_tag: \"s3::get_range\", has_connection_permit: true }"},"filename":"/home/runner/work/xet-core/xet-core/xet_client/src/cas_client/retry_wrapper.rs","line_number":274}
{"timestamp":"2026-07-30T10:17:09.432502Z","level":"INFO","fields":{"message":"Received CAS response","request_id":"01KYS8E9BHCJRPSDQKX7DHK77N","status_code":206},"filename":"/home/runner/work/xet-core/xet-core/xet_client/src/common/http_client.rs","line_number":288}
{"timestamp":"2026-07-30T10:17:09.432523Z","level":"INFO","fields":{"message":"Request Success: s3::get_range api call succeeded (request id 01KYS8E9BHCJRPSDQKX7DHK77N)."},"filename":"/home/runner/work/xet-core/xet-core/xet_client/src/cas_client/retry_wrapper.rs","line_number":237}
{"timestamp":"2026-07-30T10:17:09.451626Z","level":"INFO","fields":{"message":"Retry strategy","retry":"RetryWrapper { max_attempts: 5, base_delay: 3s, max_duration: 360s, no_retry_on_429: false, retry_on_403: true, expected_416: false, expected_404: false, log_errors_as_info: false, api_tag: \"s3::get_range\", has_connection_permit: true }"},"filename":"/home/runner/work/xet-core/xet-core/xet_client/src/cas_client/retry_wrapper.rs","line_number":274}
{"timestamp":"2026-07-30T10:17:09.452724Z","level":"INFO","fields":{"message":"Received CAS response","request_id":"01KYS8E9D1GY7NZEEH0DF678CT","status_code":206},"filename":"/home/runner/work/xet-core/xet-core/xet_client/src/common/http_client.rs","line_number":288}
{"timestamp":"2026-07-30T10:17:09.452749Z","level":"INFO","fields":{"message":"Request Success: s3::get_range api call succeeded (request id 01KYS8E9D1GY7NZEEH0DF678CT)."},"filename":"/home/runner/work/xet-core/xet-core/xet_client/src/cas_client/retry_wrapper.rs","line_number":237}
{"timestamp":"2026-07-30T10:17:09.471214Z","level":"INFO","fields":{"message":"Received CAS response","request_id":"01KYS8E9CRY9AAJABQY585HJPP","status_code":206},"filename":"/home/runner/work/xet-core/xet-core/xet_client/src/common/http_client.rs","line_number":288}
{"timestamp":"2026-07-30T10:17:09.471232Z","level":"INFO","fields":{"message":"Request Success: s3::get_range api call succeeded (request id 01KYS8E9CRY9AAJABQY585HJPP)."},"filename":"/home/runner/work/xet-core/xet-core/xet_client/src/cas_client/retry_wrapper.rs","line_number":237}
{"timestamp":"2026-07-30T10:17:09.477236Z","level":"INFO","fields":{"message":"Retry strategy","retry":"RetryWrapper { max_attempts: 5, base_delay: 3s, max_duration: 360s, no_retry_on_429: false, retry_on_403: true, expected_416: false, expected_404: false, log_errors_as_info: false, api_tag: \"s3::get_range\", has_connection_permit: true }"},"filename":"/home/runner/work/xet-core/xet-core/xet_client/src/cas_client/retry_wrapper.rs","line_number":274}
{"timestamp":"2026-07-30T10:17:09.478568Z","level":"INFO","fields":{"message":"Received CAS response","request_id":"01KYS8E9DNBREPJE5K68QQN8VA","status_code":206},"filename":"/home/runner/work/xet-core/xet-core/xet_client/src/common/http_client.rs","line_number":288}
{"timestamp":"2026-07-30T10:17:09.478591Z","level":"INFO","fields":{"message":"Request Success: s3::get_range api call succeeded (request id 01KYS8E9DNBREPJE5K68QQN8VA)."},"filename":"/home/runner/work/xet-core/xet-core/xet_client/src/cas_client/retry_wrapper.rs","line_number":237}
{"timestamp":"2026-07-30T10:17:09.480096Z","level":"INFO","fields":{"message":"Received CAS response","request_id":"01KYS8E9DN7R3H1SF7VEH36TGB","status_code":206},"filename":"/home/runner/work/xet-core/xet-core/xet_client/src/common/http_client.rs","line_number":288}
{"timestamp":"2026-07-30T10:17:09.480118Z","level":"INFO","fields":{"message":"Request Success: s3::get_range api call succeeded (request id 01KYS8E9DN7R3H1SF7VEH36TGB)."},"filename":"/home/runner/work/xet-core/xet-core/xet_client/src/cas_client/retry_wrapper.rs","line_number":237}
{"timestamp":"2026-07-30T10:17:09.484591Z","level":"INFO","fields":{"message":"Retry strategy","retry":"RetryWrapper { max_attempts: 5, base_delay: 3s, max_duration: 360s, no_retry_on_429: false, retry_on_403: true, expected_416: false, expected_404: false, log_errors_as_info: false, api_tag: \"s3::get_range\", has_connection_permit: true }"},"filename":"/home/runner/work/xet-core/xet-core/xet_client/src/cas_client/retry_wrapper.rs","line_number":274}
{"timestamp":"2026-07-30T10:17:09.486047Z","level":"INFO","fields":{"message":"Received CAS response","request_id":"01KYS8E9DYXAHP1WT37X489ZNQ","status_code":206},"filename":"/home/runner/work/xet-core/xet-core/xet_client/src/common/http_client.rs","line_number":288}
{"timestamp":"2026-07-30T10:17:09.486058Z","level":"INFO","fields":{"message":"Request Success: s3::get_range api call succeeded (request id 01KYS8E9DYXAHP1WT37X489ZNQ)."},"filename":"/home/runner/work/xet-core/xet-core/xet_client/src/cas_client/retry_wrapper.rs","line_number":237}
{"timestamp":"2026-07-30T10:17:09.488768Z","level":"INFO","fields":{"message":"Retry strategy","retry":"RetryWrapper { max_attempts: 5, base_delay: 3s, max_duration: 360s, no_retry_on_429: false, retry_on_403: true, expected_416: false, expected_404: false, log_errors_as_info: false, api_tag: \"s3::get_range\", has_connection_permit: true }"},"filename":"/home/runner/work/xet-core/xet-core/xet_client/src/cas_client/retry_wrapper.rs","line_number":274}
{"timestamp":"2026-07-30T10:17:09.495062Z","level":"INFO","fields":{"message":"Received CAS response","request_id":"01KYS8E9EPTHQT9KB9S641Q6D8","status_code":206},"filename":"/home/runner/work/xet-core/xet-core/xet_client/src/common/http_client.rs","line_number":288}
{"timestamp":"2026-07-30T10:17:09.495073Z","level":"INFO","fields":{"message":"Request Success: s3::get_range api call succeeded (request id 01KYS8E9EPTHQT9KB9S641Q6D8)."},"filename":"/home/runner/work/xet-core/xet-core/xet_client/src/cas_client/retry_wrapper.rs","line_number":237}
{"timestamp":"2026-07-30T10:17:09.495459Z","level":"INFO","fields":{"message":"Received CAS response","request_id":"01KYS8E9DR8WJH3K5VHTGCRNJP","status_code":206},"filename":"/home/runner/work/xet-core/xet-core/xet_client/src/common/http_client.rs","line_number":288}
{"timestamp":"2026-07-30T10:17:09.495472Z","level":"INFO","fields":{"message":"Request Success: s3::get_range api call succeeded (request id 01KYS8E9DR8WJH3K5VHTGCRNJP)."},"filename":"/home/runner/work/xet-core/xet-core/xet_client/src/cas_client/retry_wrapper.rs","line_number":237}
{"timestamp":"2026-07-30T10:17:09.499829Z","level":"INFO","fields":{"message":"Retry strategy","retry":"RetryWrapper { max_attempts: 5, base_delay: 3s, max_duration: 360s, no_retry_on_429: false, retry_on_403: true, expected_416: false, expected_404: false, log_errors_as_info: false, api_tag: \"s3::get_range\", has_connection_permit: true }"},"filename":"/home/runner/work/xet-core/xet-core/xet_client/src/cas_client/retry_wrapper.rs","line_number":274}
{"timestamp":"2026-07-30T10:17:09.501550Z","level":"INFO","fields":{"message":"Retry strategy","retry":"RetryWrapper { max_attempts: 5, base_delay: 3s, max_duration: 360s, no_retry_on_429: false, retry_on_403: true, expected_416: false, expected_404: false, log_errors_as_info: false, api_tag: \"s3::get_range\", has_connection_permit: true }"},"filename":"/home/runner/work/xet-core/xet-core/xet_client/src/cas_client/retry_wrapper.rs","line_number":274}
{"timestamp":"2026-07-30T10:17:09.503295Z","level":"INFO","fields":{"message":"Received CAS response","request_id":"01KYS8E9DTGBN1124AYW6KKDQK","status_code":206},"filename":"/home/runner/work/xet-core/xet-core/xet_client/src/common/http_client.rs","line_number":288}
{"timestamp":"2026-07-30T10:17:09.503313Z","level":"INFO","fields":{"message":"Request Success: s3::get_range api call succeeded (request id 01KYS8E9DTGBN1124AYW6KKDQK)."},"filename":"/home/runner/work/xet-core/xet-core/xet_client/src/cas_client/retry_wrapper.rs","line_number":237}
{"timestamp":"2026-07-30T10:17:09.509162Z","level":"INFO","fields":{"message":"Retry strategy","retry":"RetryWrapper { max_attempts: 5, base_delay: 3s, max_duration: 360s, no_retry_on_429: false, retry_on_403: true, expected_416: false, expected_404: false, log_errors_as_info: false, api_tag: \"s3::get_range\", has_connection_permit: true }"},"filename":"/home/runner/work/xet-core/xet-core/xet_client/src/cas_client/retry_wrapper.rs","line_number":274}
{"timestamp":"2026-07-30T10:17:09.521250Z","level":"INFO","fields":{"message":"Retry strategy","retry":"RetryWrapper { max_attempts: 5, base_delay: 3s, max_duration: 360s, no_retry_on_429: false, retry_on_403: true, expected_416: false, expected_404: false, log_errors_as_info: false, api_tag: \"s3::get_range\", has_connection_permit: true }"},"filename":"/home/runner/work/xet-core/xet-core/xet_client/src/cas_client/retry_wrapper.rs","line_number":274}
{"timestamp":"2026-07-30T10:17:09.526466Z","level":"INFO","fields":{"message":"Retry strategy","retry":"RetryWrapper { max_attempts: 5, base_delay: 3s, max_duration: 360s, no_retry_on_429: false, retry_on_403: true, expected_416: false, expected_404: false, log_errors_as_info: false, api_tag: \"s3::get_range\", has_connection_permit: true }"},"filename":"/home/runner/work/xet-core/xet-core/xet_client/src/cas_client/retry_wrapper.rs","line_number":274}
{"timestamp":"2026-07-30T10:17:09.528304Z","level":"INFO","fields":{"message":"Received CAS response","request_id":"01KYS8E9EP0G2NTC5K62VAC40H","status_code":206},"filename":"/home/runner/work/xet-core/xet-core/xet_client/src/common/http_client.rs","line_number":288}
{"timestamp":"2026-07-30T10:17:09.528333Z","level":"INFO","fields":{"message":"Request Success: s3::get_range api call succeeded (request id 01KYS8E9EP0G2NTC5K62VAC40H)."},"filename":"/home/runner/work/xet-core/xet-core/xet_client/src/cas_client/retry_wrapper.rs","line_number":237}
{"timestamp":"2026-07-30T10:17:09.548295Z","level":"INFO","fields":{"message":"Received CAS response","request_id":"01KYS8E9G30VTPHHAD8KY7PKFS","status_code":206},"filename":"/home/runner/work/xet-core/xet-core/xet_client/src/common/http_client.rs","line_number":288}
{"timestamp":"2026-07-30T10:17:09.548311Z","level":"INFO","fields":{"message":"Request Success: s3::get_range api call succeeded (request id 01KYS8E9G30VTPHHAD8KY7PKFS)."},"filename":"/home/runner/work/xet-core/xet-core/xet_client/src/cas_client/retry_wrapper.rs","line_number":237}
{"timestamp":"2026-07-30T10:17:09.558856Z","level":"INFO","fields":{"message":"Retry strategy","retry":"RetryWrapper { max_attempts: 5, base_delay: 3s, max_duration: 360s, no_retry_on_429: false, retry_on_403: true, expected_416: false, expected_404: false, log_errors_as_info: false, api_tag: \"s3::get_range\", has_connection_permit: true }"},"filename":"/home/runner/work/xet-core/xet-core/xet_client/src/cas_client/retry_wrapper.rs","line_number":274}
{"timestamp":"2026-07-30T10:17:09.575762Z","level":"INFO","fields":{"message":"Received CAS response","request_id":"01KYS8E9H2CFYKWPK8A161NAVJ","status_code":206},"filename":"/home/runner/work/xet-core/xet-core/xet_client/src/common/http_client.rs","line_number":288}
{"timestamp":"2026-07-30T10:17:09.575775Z","level":"INFO","fields":{"message":"Request Success: s3::get_range api call succeeded (request id 01KYS8E9H2CFYKWPK8A161NAVJ)."},"filename":"/home/runner/work/xet-core/xet-core/xet_client/src/cas_client/retry_wrapper.rs","line_number":237}
{"timestamp":"2026-07-30T10:17:09.576214Z","level":"INFO","fields":{"message":"Retry strategy","retry":"RetryWrapper { max_attempts: 5, base_delay: 3s, max_duration: 360s, no_retry_on_429: false, retry_on_403: true, expected_416: false, expected_404: false, log_errors_as_info: false, api_tag: \"s3::get_range\", has_connection_permit: true }"},"filename":"/home/runner/work/xet-core/xet-core/xet_client/src/cas_client/retry_wrapper.rs","line_number":274}
{"timestamp":"2026-07-30T10:17:09.593343Z","level":"INFO","fields":{"message":"Received CAS response","request_id":"01KYS8E9H6JMPZFVZ2PH353GAB","status_code":206},"filename":"/home/runner/work/xet-core/xet-core/xet_client/src/common/http_client.rs","line_number":288}
{"timestamp":"2026-07-30T10:17:09.593369Z","level":"INFO","fields":{"message":"Request Success: s3::get_range api call succeeded (request id 01KYS8E9H6JMPZFVZ2PH353GAB)."},"filename":"/home/runner/work/xet-core/xet-core/xet_client/src/cas_client/retry_wrapper.rs","line_number":237}
{"timestamp":"2026-07-30T10:17:09.619144Z","level":"INFO","fields":{"message":"Received CAS response","request_id":"01KYS8E9H9BS3KMFQQ5X1ZZY3G","status_code":206},"filename":"/home/runner/work/xet-core/xet-core/xet_client/src/common/http_client.rs","line_number":288}
{"timestamp":"2026-07-30T10:17:09.619159Z","level":"INFO","fields":{"message":"Request Success: s3::get_range api call succeeded (request id 01KYS8E9H9BS3KMFQQ5X1ZZY3G)."},"filename":"/home/runner/work/xet-core/xet-core/xet_client/src/cas_client/retry_wrapper.rs","line_number":237}
{"timestamp":"2026-07-30T10:17:09.620594Z","level":"INFO","fields":{"message":"Retry strategy","retry":"RetryWrapper { max_attempts: 5, base_delay: 3s, max_duration: 360s, no_retry_on_429: false, retry_on_403: true, expected_416: false, expected_404: false, log_errors_as_info: false, api_tag: \"s3::get_range\", has_connection_permit: true }"},"filename":"/home/runner/work/xet-core/xet-core/xet_client/src/cas_client/retry_wrapper.rs","line_number":274}
{"timestamp":"2026-07-30T10:17:09.635414Z","level":"INFO","fields":{"message":"Retry strategy","retry":"RetryWrapper { max_attempts: 5, base_delay: 3s, max_duration: 360s, no_retry_on_429: false, retry_on_403: true, expected_416: false, expected_404: false, log_errors_as_info: false, api_tag: \"s3::get_range\", has_connection_permit: true }"},"filename":"/home/runner/work/xet-core/xet-core/xet_client/src/cas_client/retry_wrapper.rs","line_number":274}
{"timestamp":"2026-07-30T10:17:09.637292Z","level":"INFO","fields":{"message":"Received CAS response","request_id":"01KYS8E9JWBPDDR9ZSNTJTKBJV","status_code":206},"filename":"/home/runner/work/xet-core/xet-core/xet_client/src/common/http_client.rs","line_number":288}
{"timestamp":"2026-07-30T10:17:09.637311Z","level":"INFO","fields":{"message":"Request Success: s3::get_range api call succeeded (request id 01KYS8E9JWBPDDR9ZSNTJTKBJV)."},"filename":"/home/runner/work/xet-core/xet-core/xet_client/src/cas_client/retry_wrapper.rs","line_number":237}
{"timestamp":"2026-07-30T10:17:09.652757Z","level":"INFO","fields":{"message":"Retry strategy","retry":"RetryWrapper { max_attempts: 5, base_delay: 3s, max_duration: 360s, no_retry_on_429: false, retry_on_403: true, expected_416: false, expected_404: false, log_errors_as_info: false, api_tag: \"s3::get_range\", has_connection_permit: true }"},"filename":"/home/runner/work/xet-core/xet-core/xet_client/src/cas_client/retry_wrapper.rs","line_number":274}
{"timestamp":"2026-07-30T10:17:09.652798Z","level":"INFO","fields":{"message":"Received CAS response","request_id":"01KYS8E9KNKVWXV81H03JCFRQZ","status_code":206},"filename":"/home/runner/work/xet-core/xet-core/xet_client/src/common/http_client.rs","line_number":288}
{"timestamp":"2026-07-30T10:17:09.652810Z","level":"INFO","fields":{"message":"Request Success: s3::get_range api call succeeded (request id 01KYS8E9KNKVWXV81H03JCFRQZ)."},"filename":"/home/runner/work/xet-core/xet-core/xet_client/src/cas_client/retry_wrapper.rs","line_number":237}
{"timestamp":"2026-07-30T10:17:09.666839Z","level":"INFO","fields":{"message":"Retry strategy","retry":"RetryWrapper { max_attempts: 5, base_delay: 3s, max_duration: 360s, no_retry_on_429: false, retry_on_403: true, expected_416: false, expected_404: false, log_errors_as_info: false, api_tag: \"s3::get_range\", has_connection_permit: true }"},"filename":"/home/runner/work/xet-core/xet-core/xet_client/src/cas_client/retry_wrapper.rs","line_number":274}
{"timestamp":"2026-07-30T10:17:09.673734Z","level":"INFO","fields":{"message":"Received CAS response","request_id":"01KYS8E9N7W3XRP016E3NDQCQF","status_code":206},"filename":"/home/runner/work/xet-core/xet-core/xet_client/src/common/http_client.rs","line_number":288}
{"timestamp":"2026-07-30T10:17:09.673753Z","level":"INFO","fields":{"message":"Request Success: s3::get_range api call succeeded (request id 01KYS8E9N7W3XRP016E3NDQCQF)."},"filename":"/home/runner/work/xet-core/xet-core/xet_client/src/cas_client/retry_wrapper.rs","line_number":237}
{"timestamp":"2026-07-30T10:17:09.676268Z","level":"INFO","fields":{"message":"Retry strategy","retry":"RetryWrapper { max_attempts: 5, base_delay: 3s, max_duration: 360s, no_retry_on_429: false, retry_on_403: true, expected_416: false, expected_404: false, log_errors_as_info: false, api_tag: \"s3::get_range\", has_connection_permit: true }"},"filename":"/home/runner/work/xet-core/xet-core/xet_client/src/cas_client/retry_wrapper.rs","line_number":274}
{"timestamp":"2026-07-30T10:17:09.685829Z","level":"INFO","fields":{"message":"Received CAS response","request_id":"01KYS8E9MPKEVQRMZ368ETCW62","status_code":206},"filename":"/home/runner/work/xet-core/xet-core/xet_client/src/common/http_client.rs","line_number":288}
{"timestamp":"2026-07-30T10:17:09.685848Z","level":"INFO","fields":{"message":"Request Success: s3::get_range api call succeeded (request id 01KYS8E9MPKEVQRMZ368ETCW62)."},"filename":"/home/runner/work/xet-core/xet-core/xet_client/src/cas_client/retry_wrapper.rs","line_number":237}
{"timestamp":"2026-07-30T10:17:09.686108Z","level":"INFO","fields":{"message":"Retry strategy","retry":"RetryWrapper { max_attempts: 5, base_delay: 3s, max_duration: 360s, no_retry_on_429: false, retry_on_403: true, expected_416: false, expected_404: false, log_errors_as_info: false, api_tag: \"s3::get_range\", has_connection_permit: true }"},"filename":"/home/runner/work/xet-core/xet-core/xet_client/src/cas_client/retry_wrapper.rs","line_number":274}
{"timestamp":"2026-07-30T10:17:09.686120Z","level":"INFO","fields":{"message":"Received CAS response","request_id":"01KYS8E9KYW1X5BJW84D57FB1Q","status_code":206},"filename":"/home/runner/work/xet-core/xet-core/xet_client/src/common/http_client.rs","line_number":288}
{"timestamp":"2026-07-30T10:17:09.686129Z","level":"INFO","fields":{"message":"Request Success: s3::get_range api call succeeded (request id 01KYS8E9KYW1X5BJW84D57FB1Q)."},"filename":"/home/runner/work/xet-core/xet-core/xet_client/src/cas_client/retry_wrapper.rs","line_number":237}
{"timestamp":"2026-07-30T10:17:09.689562Z","level":"INFO","fields":{"message":"Received CAS response","request_id":"01KYS8E9MDAA0KMAKG3S79RRDZ","status_code":206},"filename":"/home/runner/work/xet-core/xet-core/xet_client/src/common/http_client.rs","line_number":288}
{"timestamp":"2026-07-30T10:17:09.689576Z","level":"INFO","fields":{"message":"Request Success: s3::get_range api call succeeded (request id 01KYS8E9MDAA0KMAKG3S79RRDZ)."},"filename":"/home/runner/work/xet-core/xet-core/xet_client/src/cas_client/retry_wrapper.rs","line_number":237}
{"timestamp":"2026-07-30T10:17:09.696434Z","level":"INFO","fields":{"message":"Retry strategy","retry":"RetryWrapper { max_attempts: 5, base_delay: 3s, max_duration: 360s, no_retry_on_429: false, retry_on_403: true, expected_416: false, expected_404: false, log_errors_as_info: false, api_tag: \"s3::get_range\", has_connection_permit: true }"},"filename":"/home/runner/work/xet-core/xet-core/xet_client/src/cas_client/retry_wrapper.rs","line_number":274}
{"timestamp":"2026-07-30T10:17:09.697716Z","level":"INFO","fields":{"message":"Retry strategy","retry":"RetryWrapper { max_attempts: 5, base_delay: 3s, max_duration: 360s, no_retry_on_429: false, retry_on_403: true, expected_416: false, expected_404: false, log_errors_as_info: false, api_tag: \"s3::get_range\", has_connection_permit: true }"},"filename":"/home/runner/work/xet-core/xet-core/xet_client/src/cas_client/retry_wrapper.rs","line_number":274}
{"timestamp":"2026-07-30T10:17:09.717492Z","level":"INFO","fields":{"message":"Received CAS response","request_id":"01KYS8E9M2981Q376JCE88X9DE","status_code":206},"filename":"/home/runner/work/xet-core/xet-core/xet_client/src/common/http_client.rs","line_number":288}
{"timestamp":"2026-07-30T10:17:09.717512Z","level":"INFO","fields":{"message":"Request Success: s3::get_range api call succeeded (request id 01KYS8E9M2981Q376JCE88X9DE)."},"filename":"/home/runner/work/xet-core/xet-core/xet_client/src/cas_client/retry_wrapper.rs","line_number":237}
{"timestamp":"2026-07-30T10:17:09.718255Z","level":"INFO","fields":{"message":"Concurrency control for download: Increased concurrency from 15 to 16; reason: success ratio 1.000 is above threshold 0.800 and predicted RTT for 3MB at new concurrency is 0.73s < target 60.0s"},"filename":"/home/runner/work/xet-core/xet-core/xet_client/src/cas_client/adaptive_concurrency/controller.rs","line_number":548}
{"timestamp":"2026-07-30T10:17:09.718301Z","level":"INFO","fields":{"message":"Retry strategy","retry":"RetryWrapper { max_attempts: 5, base_delay: 3s, max_duration: 360s, no_retry_on_429: false, retry_on_403: true, expected_416: false, expected_404: false, log_errors_as_info: false, api_tag: \"s3::get_range\", has_connection_permit: true }"},"filename":"/home/runner/work/xet-core/xet-core/xet_client/src/cas_client/retry_wrapper.rs","line_number":274}
{"timestamp":"2026-07-30T10:17:09.725530Z","level":"INFO","fields":{"message":"Received CAS response","request_id":"01KYS8E9MGW6R911BQWWSPGM4R","status_code":206},"filename":"/home/runner/work/xet-core/xet-core/xet_client/src/common/http_client.rs","line_number":288}
{"timestamp":"2026-07-30T10:17:09.725583Z","level":"INFO","fields":{"message":"Request Success: s3::get_range api call succeeded (request id 01KYS8E9MGW6R911BQWWSPGM4R)."},"filename":"/home/runner/work/xet-core/xet-core/xet_client/src/cas_client/retry_wrapper.rs","line_number":237}
{"timestamp":"2026-07-30T10:17:09.731900Z","level":"INFO","fields":{"message":"Received CAS response","request_id":"01KYS8E9NA4ANS7EBFF51P6CQY","status_code":206},"filename":"/home/runner/work/xet-core/xet-core/xet_client/src/common/http_client.rs","line_number":288}
{"timestamp":"2026-07-30T10:17:09.731916Z","level":"INFO","fields":{"message":"Request Success: s3::get_range api call succeeded (request id 01KYS8E9NA4ANS7EBFF51P6CQY)."},"filename":"/home/runner/work/xet-core/xet-core/xet_client/src/cas_client/retry_wrapper.rs","line_number":237}
{"timestamp":"2026-07-30T10:17:09.736687Z","level":"INFO","fields":{"message":"Retry strategy","retry":"RetryWrapper { max_attempts: 5, base_delay: 3s, max_duration: 360s, no_retry_on_429: false, retry_on_403: true, expected_416: false, expected_404: false, log_errors_as_info: false, api_tag: \"s3::get_range\", has_connection_permit: true }"},"filename":"/home/runner/work/xet-core/xet-core/xet_client/src/cas_client/retry_wrapper.rs","line_number":274}
{"timestamp":"2026-07-30T10:17:09.739209Z","level":"INFO","fields":{"message":"Retry strategy","retry":"RetryWrapper { max_attempts: 5, base_delay: 3s, max_duration: 360s, no_retry_on_429: false, retry_on_403: true, expected_416: false, expected_404: false, log_errors_as_info: false, api_tag: \"s3::get_range\", has_connection_permit: true }"},"filename":"/home/runner/work/xet-core/xet-core/xet_client/src/cas_client/retry_wrapper.rs","line_number":274}
{"timestamp":"2026-07-30T10:17:09.743622Z","level":"INFO","fields":{"message":"Received CAS response","request_id":"01KYS8E9P9BYKS2D8FSF9Q4PRV","status_code":206},"filename":"/home/runner/work/xet-core/xet-core/xet_client/src/common/http_client.rs","line_number":288}
{"timestamp":"2026-07-30T10:17:09.743644Z","level":"INFO","fields":{"message":"Request Success: s3::get_range api call succeeded (request id 01KYS8E9P9BYKS2D8FSF9Q4PRV)."},"filename":"/home/runner/work/xet-core/xet-core/xet_client/src/cas_client/retry_wrapper.rs","line_number":237}
{"timestamp":"2026-07-30T10:17:09.760380Z","level":"INFO","fields":{"message":"Retry strategy","retry":"RetryWrapper { max_attempts: 5, base_delay: 3s, max_duration: 360s, no_retry_on_429: false, retry_on_403: true, expected_416: false, expected_404: false, log_errors_as_info: false, api_tag: \"s3::get_range\", has_connection_permit: true }"},"filename":"/home/runner/work/xet-core/xet-core/xet_client/src/cas_client/retry_wrapper.rs","line_number":274}
{"timestamp":"2026-07-30T10:17:09.773966Z","level":"INFO","fields":{"message":"Received CAS response","request_id":"01KYS8E9PTF5K7RF5AACQDT7DR","status_code":206},"filename":"/home/runner/work/xet-core/xet-core/xet_client/src/common/http_client.rs","line_number":288}
{"timestamp":"2026-07-30T10:17:09.773998Z","level":"INFO","fields":{"message":"Request Success: s3::get_range api call succeeded (request id 01KYS8E9PTF5K7RF5AACQDT7DR)."},"filename":"/home/runner/work/xet-core/xet-core/xet_client/src/cas_client/retry_wrapper.rs","line_number":237}
{"timestamp":"2026-07-30T10:17:09.779404Z","level":"INFO","fields":{"message":"Retry strategy","retry":"RetryWrapper { max_attempts: 5, base_delay: 3s, max_duration: 360s, no_retry_on_429: false, retry_on_403: true, expected_416: false, expected_404: false, log_errors_as_info: false, api_tag: \"s3::get_range\", has_connection_permit: true }"},"filename":"/home/runner/work/xet-core/xet-core/xet_client/src/cas_client/retry_wrapper.rs","line_number":274}
{"timestamp":"2026-07-30T10:17:09.784722Z","level":"INFO","fields":{"message":"Retry strategy","retry":"RetryWrapper { max_attempts: 5, base_delay: 3s, max_duration: 360s, no_retry_on_429: false, retry_on_403: true, expected_416: false, expected_404: false, log_errors_as_info: false, api_tag: \"s3::get_range\", has_connection_permit: true }"},"filename":"/home/runner/work/xet-core/xet-core/xet_client/src/cas_client/retry_wrapper.rs","line_number":274}
{"timestamp":"2026-07-30T10:17:09.807362Z","level":"INFO","fields":{"message":"Received CAS response","request_id":"01KYS8E9R7ZR9AHD3DQTQP5XEY","status_code":206},"filename":"/home/runner/work/xet-core/xet-core/xet_client/src/common/http_client.rs","line_number":288}
{"timestamp":"2026-07-30T10:17:09.807391Z","level":"INFO","fields":{"message":"Request Success: s3::get_range api call succeeded (request id 01KYS8E9R7ZR9AHD3DQTQP5XEY)."},"filename":"/home/runner/work/xet-core/xet-core/xet_client/src/cas_client/retry_wrapper.rs","line_number":237}
{"timestamp":"2026-07-30T10:17:09.837850Z","level":"INFO","fields":{"message":"Retry strategy","retry":"RetryWrapper { max_attempts: 5, base_delay: 3s, max_duration: 360s, no_retry_on_429: false, retry_on_403: true, expected_416: false, expected_404: false, log_errors_as_info: false, api_tag: \"s3::get_range\", has_connection_permit: true }"},"filename":"/home/runner/work/xet-core/xet-core/xet_client/src/cas_client/retry_wrapper.rs","line_number":274}
{"timestamp":"2026-07-30T10:17:09.860218Z","level":"INFO","fields":{"message":"Received CAS response","request_id":"01KYS8E9S6YWVCC491472ETVSC","status_code":206},"filename":"/home/runner/work/xet-core/xet-core/xet_client/src/common/http_client.rs","line_number":288}
{"timestamp":"2026-07-30T10:17:09.860250Z","level":"INFO","fields":{"message":"Request Success: s3::get_range api call succeeded (request id 01KYS8E9S6YWVCC491472ETVSC)."},"filename":"/home/runner/work/xet-core/xet-core/xet_client/src/cas_client/retry_wrapper.rs","line_number":237}
{"timestamp":"2026-07-30T10:17:09.866739Z","level":"INFO","fields":{"message":"Received CAS response","request_id":"01KYS8E9SYAN6ZM67HKPD4ZTTJ","status_code":206},"filename":"/home/runner/work/xet-core/xet-core/xet_client/src/common/http_client.rs","line_number":288}
{"timestamp":"2026-07-30T10:17:09.866756Z","level":"INFO","fields":{"message":"Request Success: s3::get_range api call succeeded (request id 01KYS8E9SYAN6ZM67HKPD4ZTTJ)."},"filename":"/home/runner/work/xet-core/xet-core/xet_client/src/cas_client/retry_wrapper.rs","line_number":237}
{"timestamp":"2026-07-30T10:17:09.870070Z","level":"INFO","fields":{"message":"Retry strategy","retry":"RetryWrapper { max_attempts: 5, base_delay: 3s, max_duration: 360s, no_retry_on_429: false, retry_on_403: true, expected_416: false, expected_404: false, log_errors_as_info: false, api_tag: \"s3::get_range\", has_connection_permit: true }"},"filename":"/home/runner/work/xet-core/xet-core/xet_client/src/cas_client/retry_wrapper.rs","line_number":274}
{"timestamp":"2026-07-30T10:17:09.870203Z","level":"INFO","fields":{"message":"Retry strategy","retry":"RetryWrapper { max_attempts: 5, base_delay: 3s, max_duration: 360s, no_retry_on_429: false, retry_on_403: true, expected_416: false, expected_404: false, log_errors_as_info: false, api_tag: \"s3::get_range\", has_connection_permit: true }"},"filename":"/home/runner/work/xet-core/xet-core/xet_client/src/cas_client/retry_wrapper.rs","line_number":274}
{"timestamp":"2026-07-30T10:17:09.883615Z","level":"INFO","fields":{"message":"Received CAS response","request_id":"01KYS8E9SNTWFJW3JHZTMS73FF","status_code":206},"filename":"/home/runner/work/xet-core/xet-core/xet_client/src/common/http_client.rs","line_number":288}
{"timestamp":"2026-07-30T10:17:09.883636Z","level":"INFO","fields":{"message":"Request Success: s3::get_range api call succeeded (request id 01KYS8E9SNTWFJW3JHZTMS73FF)."},"filename":"/home/runner/work/xet-core/xet-core/xet_client/src/cas_client/retry_wrapper.rs","line_number":237}
{"timestamp":"2026-07-30T10:17:09.886843Z","level":"INFO","fields":{"message":"Received CAS response","request_id":"01KYS8E9RPFJK0FZB10P3E8D8K","status_code":206},"filename":"/home/runner/work/xet-core/xet-core/xet_client/src/common/http_client.rs","line_number":288}
{"timestamp":"2026-07-30T10:17:09.886856Z","level":"INFO","fields":{"message":"Request Success: s3::get_range api call succeeded (request id 01KYS8E9RPFJK0FZB10P3E8D8K)."},"filename":"/home/runner/work/xet-core/xet-core/xet_client/src/cas_client/retry_wrapper.rs","line_number":237}
{"timestamp":"2026-07-30T10:17:09.892333Z","level":"INFO","fields":{"message":"Received CAS response","request_id":"01KYS8E9T7Q469J45ZQJGBDRWS","status_code":206},"filename":"/home/runner/work/xet-core/xet-core/xet_client/src/common/http_client.rs","line_number":288}
{"timestamp":"2026-07-30T10:17:09.892358Z","level":"INFO","fields":{"message":"Request Success: s3::get_range api call succeeded (request id 01KYS8E9T7Q469J45ZQJGBDRWS)."},"filename":"/home/runner/work/xet-core/xet-core/xet_client/src/cas_client/retry_wrapper.rs","line_number":237}
{"timestamp":"2026-07-30T10:17:09.913560Z","level":"INFO","fields":{"message":"Received CAS response","request_id":"01KYS8E9TK1MESZMAZMA5ZC33A","status_code":206},"filename":"/home/runner/work/xet-core/xet-core/xet_client/src/common/http_client.rs","line_number":288}
{"timestamp":"2026-07-30T10:17:09.913579Z","level":"INFO","fields":{"message":"Request Success: s3::get_range api call succeeded (request id 01KYS8E9TK1MESZMAZMA5ZC33A)."},"filename":"/home/runner/work/xet-core/xet-core/xet_client/src/cas_client/retry_wrapper.rs","line_number":237}
{"timestamp":"2026-07-30T10:17:09.914559Z","level":"INFO","fields":{"message":"Retry strategy","retry":"RetryWrapper { max_attempts: 5, base_delay: 3s, max_duration: 360s, no_retry_on_429: false, retry_on_403: true, expected_416: false, expected_404: false, log_errors_as_info: false, api_tag: \"s3::get_range\", has_connection_permit: true }"},"filename":"/home/runner/work/xet-core/xet-core/xet_client/src/cas_client/retry_wrapper.rs","line_number":274}
{"timestamp":"2026-07-30T10:17:09.918475Z","level":"INFO","fields":{"message":"Received CAS response","request_id":"01KYS8E9VWTEV3FFA522YZ80BK","status_code":206},"filename":"/home/runner/work/xet-core/xet-core/xet_client/src/common/http_client.rs","line_number":288}
{"timestamp":"2026-07-30T10:17:09.918495Z","level":"INFO","fields":{"message":"Request Success: s3::get_range api call succeeded (request id 01KYS8E9VWTEV3FFA522YZ80BK)."},"filename":"/home/runner/work/xet-core/xet-core/xet_client/src/cas_client/retry_wrapper.rs","line_number":237}
{"timestamp":"2026-07-30T10:17:09.924901Z","level":"INFO","fields":{"message":"Received CAS response","request_id":"01KYS8E9THJJJA6QEGJTSRX2D0","status_code":206},"filename":"/home/runner/work/xet-core/xet-core/xet_client/src/common/http_client.rs","line_number":288}
{"timestamp":"2026-07-30T10:17:09.924921Z","level":"INFO","fields":{"message":"Request Success: s3::get_range api call succeeded (request id 01KYS8E9THJJJA6QEGJTSRX2D0)."},"filename":"/home/runner/work/xet-core/xet-core/xet_client/src/cas_client/retry_wrapper.rs","line_number":237}
{"timestamp":"2026-07-30T10:17:09.926228Z","level":"INFO","fields":{"message":"Received CAS response","request_id":"01KYS8E9V9DM357ZCT9H28V2DK","status_code":206},"filename":"/home/runner/work/xet-core/xet-core/xet_client/src/common/http_client.rs","line_number":288}
{"timestamp":"2026-07-30T10:17:09.926238Z","level":"INFO","fields":{"message":"Request Success: s3::get_range api call succeeded (request id 01KYS8E9V9DM357ZCT9H28V2DK)."},"filename":"/home/runner/work/xet-core/xet-core/xet_client/src/cas_client/retry_wrapper.rs","line_number":237}
{"timestamp":"2026-07-30T10:17:09.927144Z","level":"INFO","fields":{"message":"Retry strategy","retry":"RetryWrapper { max_attempts: 5, base_delay: 3s, max_duration: 360s, no_retry_on_429: false, retry_on_403: true, expected_416: false, expected_404: false, log_errors_as_info: false, api_tag: \"s3::get_range\", has_connection_permit: true }"},"filename":"/home/runner/work/xet-core/xet-core/xet_client/src/cas_client/retry_wrapper.rs","line_number":274}
{"timestamp":"2026-07-30T10:17:09.929165Z","level":"INFO","fields":{"message":"Retry strategy","retry":"RetryWrapper { max_attempts: 5, base_delay: 3s, max_duration: 360s, no_retry_on_429: false, retry_on_403: true, expected_416: false, expected_404: false, log_errors_as_info: false, api_tag: \"s3::get_range\", has_connection_permit: true }"},"filename":"/home/runner/work/xet-core/xet-core/xet_client/src/cas_client/retry_wrapper.rs","line_number":274}
{"timestamp":"2026-07-30T10:17:09.930035Z","level":"INFO","fields":{"message":"Retry strategy","retry":"RetryWrapper { max_attempts: 5, base_delay: 3s, max_duration: 360s, no_retry_on_429: false, retry_on_403: true, expected_416: false, expected_404: false, log_errors_as_info: false, api_tag: \"s3::get_range\", has_connection_permit: true }"},"filename":"/home/runner/work/xet-core/xet-core/xet_client/src/cas_client/retry_wrapper.rs","line_number":274}
{"timestamp":"2026-07-30T10:17:09.930465Z","level":"INFO","fields":{"message":"Retry strategy","retry":"RetryWrapper { max_attempts: 5, base_delay: 3s, max_duration: 360s, no_retry_on_429: false, retry_on_403: true, expected_416: false, expected_404: false, log_errors_as_info: false, api_tag: \"s3::get_range\", has_connection_permit: true }"},"filename":"/home/runner/work/xet-core/xet-core/xet_client/src/cas_client/retry_wrapper.rs","line_number":274}
{"timestamp":"2026-07-30T10:17:09.945515Z","level":"INFO","fields":{"message":"Received CAS response","request_id":"01KYS8E9VTPEZFBPDHGDPSKWND","status_code":206},"filename":"/home/runner/work/xet-core/xet-core/xet_client/src/common/http_client.rs","line_number":288}
{"timestamp":"2026-07-30T10:17:09.945533Z","level":"INFO","fields":{"message":"Request Success: s3::get_range api call succeeded (request id 01KYS8E9VTPEZFBPDHGDPSKWND)."},"filename":"/home/runner/work/xet-core/xet-core/xet_client/src/cas_client/retry_wrapper.rs","line_number":237}
{"timestamp":"2026-07-30T10:17:09.946302Z","level":"INFO","fields":{"message":"Retry strategy","retry":"RetryWrapper { max_attempts: 5, base_delay: 3s, max_duration: 360s, no_retry_on_429: false, retry_on_403: true, expected_416: false, expected_404: false, log_errors_as_info: false, api_tag: \"s3::get_range\", has_connection_permit: true }"},"filename":"/home/runner/work/xet-core/xet-core/xet_client/src/cas_client/retry_wrapper.rs","line_number":274}
{"timestamp":"2026-07-30T10:17:09.951446Z","level":"INFO","fields":{"message":"Retry strategy","retry":"RetryWrapper { max_attempts: 5, base_delay: 3s, max_duration: 360s, no_retry_on_429: false, retry_on_403: true, expected_416: false, expected_404: false, log_errors_as_info: false, api_tag: \"s3::get_range\", has_connection_permit: true }"},"filename":"/home/runner/work/xet-core/xet-core/xet_client/src/cas_client/retry_wrapper.rs","line_number":274}
{"timestamp":"2026-07-30T10:17:09.962716Z","level":"INFO","fields":{"message":"Retry strategy","retry":"RetryWrapper { max_attempts: 5, base_delay: 3s, max_duration: 360s, no_retry_on_429: false, retry_on_403: true, expected_416: false, expected_404: false, log_errors_as_info: false, api_tag: \"s3::get_range\", has_connection_permit: true }"},"filename":"/home/runner/work/xet-core/xet-core/xet_client/src/cas_client/retry_wrapper.rs","line_number":274}
{"timestamp":"2026-07-30T10:17:09.975841Z","level":"INFO","fields":{"message":"Received CAS response","request_id":"01KYS8E9X42F45E4GTWXM0PMCB","status_code":206},"filename":"/home/runner/work/xet-core/xet-core/xet_client/src/common/http_client.rs","line_number":288}
{"timestamp":"2026-07-30T10:17:09.975853Z","level":"INFO","fields":{"message":"Request Success: s3::get_range api call succeeded (request id 01KYS8E9X42F45E4GTWXM0PMCB)."},"filename":"/home/runner/work/xet-core/xet-core/xet_client/src/cas_client/retry_wrapper.rs","line_number":237}
{"timestamp":"2026-07-30T10:17:09.989798Z","level":"INFO","fields":{"message":"Received CAS response","request_id":"01KYS8E9WJ21XY64Z76KP0C5T3","status_code":206},"filename":"/home/runner/work/xet-core/xet-core/xet_client/src/common/http_client.rs","line_number":288}
{"timestamp":"2026-07-30T10:17:09.989826Z","level":"INFO","fields":{"message":"Request Success: s3::get_range api call succeeded (request id 01KYS8E9WJ21XY64Z76KP0C5T3)."},"filename":"/home/runner/work/xet-core/xet-core/xet_client/src/cas_client/retry_wrapper.rs","line_number":237}
{"timestamp":"2026-07-30T10:17:09.996824Z","level":"INFO","fields":{"message":"Retry strategy","retry":"RetryWrapper { max_attempts: 5, base_delay: 3s, max_duration: 360s, no_retry_on_429: false, retry_on_403: true, expected_416: false, expected_404: false, log_errors_as_info: false, api_tag: \"s3::get_range\", has_connection_permit: true }"},"filename":"/home/runner/work/xet-core/xet-core/xet_client/src/cas_client/retry_wrapper.rs","line_number":274}
{"timestamp":"2026-07-30T10:17:10.014428Z","level":"INFO","fields":{"message":"Received CAS response","request_id":"01KYS8EA012QB50BR76A40EPNP","status_code":206},"filename":"/home/runner/work/xet-core/xet-core/xet_client/src/common/http_client.rs","line_number":288}
{"timestamp":"2026-07-30T10:17:10.014451Z","level":"INFO","fields":{"message":"Request Success: s3::get_range api call succeeded (request id 01KYS8EA012QB50BR76A40EPNP)."},"filename":"/home/runner/work/xet-core/xet-core/xet_client/src/cas_client/retry_wrapper.rs","line_number":237}
{"timestamp":"2026-07-30T10:17:10.018970Z","level":"INFO","fields":{"message":"Retry strategy","retry":"RetryWrapper { max_attempts: 5, base_delay: 3s, max_duration: 360s, no_retry_on_429: false, retry_on_403: true, expected_416: false, expected_404: false, log_errors_as_info: false, api_tag: \"s3::get_range\", has_connection_permit: true }"},"filename":"/home/runner/work/xet-core/xet-core/xet_client/src/cas_client/retry_wrapper.rs","line_number":274}
{"timestamp":"2026-07-30T10:17:10.022897Z","level":"INFO","fields":{"message":"Received CAS response","request_id":"01KYS8E9X9BHSSWHKN5893Z0GT","status_code":206},"filename":"/home/runner/work/xet-core/xet-core/xet_client/src/common/http_client.rs","line_number":288}
{"timestamp":"2026-07-30T10:17:10.022927Z","level":"INFO","fields":{"message":"Request Success: s3::get_range api call succeeded (request id 01KYS8E9X9BHSSWHKN5893Z0GT)."},"filename":"/home/runner/work/xet-core/xet-core/xet_client/src/cas_client/retry_wrapper.rs","line_number":237}
{"timestamp":"2026-07-30T10:17:10.023541Z","level":"INFO","fields":{"message":"Retry strategy","retry":"RetryWrapper { max_attempts: 5, base_delay: 3s, max_duration: 360s, no_retry_on_429: false, retry_on_403: true, expected_416: false, expected_404: false, log_errors_as_info: false, api_tag: \"s3::get_range\", has_connection_permit: true }"},"filename":"/home/runner/work/xet-core/xet-core/xet_client/src/cas_client/retry_wrapper.rs","line_number":274}
{"timestamp":"2026-07-30T10:17:10.026748Z","level":"INFO","fields":{"message":"Received CAS response","request_id":"01KYS8EA043JA8DPAFXS8VEGGK","status_code":206},"filename":"/home/runner/work/xet-core/xet-core/xet_client/src/common/http_client.rs","line_number":288}
{"timestamp":"2026-07-30T10:17:10.026769Z","level":"INFO","fields":{"message":"Request Success: s3::get_range api call succeeded (request id 01KYS8EA043JA8DPAFXS8VEGGK)."},"filename":"/home/runner/work/xet-core/xet-core/xet_client/src/cas_client/retry_wrapper.rs","line_number":237}
{"timestamp":"2026-07-30T10:17:10.043834Z","level":"INFO","fields":{"message":"Received CAS response","request_id":"01KYS8E9YYGRRP73BKFW7BJZF0","status_code":206},"filename":"/home/runner/work/xet-core/xet-core/xet_client/src/common/http_client.rs","line_number":288}
{"timestamp":"2026-07-30T10:17:10.043851Z","level":"INFO","fields":{"message":"Request Success: s3::get_range api call succeeded (request id 01KYS8E9YYGRRP73BKFW7BJZF0)."},"filename":"/home/runner/work/xet-core/xet-core/xet_client/src/cas_client/retry_wrapper.rs","line_number":237}
{"timestamp":"2026-07-30T10:17:10.049299Z","level":"INFO","fields":{"message":"Retry strategy","retry":"RetryWrapper { max_attempts: 5, base_delay: 3s, max_duration: 360s, no_retry_on_429: false, retry_on_403: true, expected_416: false, expected_404: false, log_errors_as_info: false, api_tag: \"s3::get_range\", has_connection_permit: true }"},"filename":"/home/runner/work/xet-core/xet-core/xet_client/src/cas_client/retry_wrapper.rs","line_number":274}
{"timestamp":"2026-07-30T10:17:10.062208Z","level":"INFO","fields":{"message":"Retry strategy","retry":"RetryWrapper { max_attempts: 5, base_delay: 3s, max_duration: 360s, no_retry_on_429: false, retry_on_403: true, expected_416: false, expected_404: false, log_errors_as_info: false, api_tag: \"s3::get_range\", has_connection_permit: true }"},"filename":"/home/runner/work/xet-core/xet-core/xet_client/src/cas_client/retry_wrapper.rs","line_number":274}
{"timestamp":"2026-07-30T10:17:10.080256Z","level":"INFO","fields":{"message":"Retry strategy","retry":"RetryWrapper { max_attempts: 5, base_delay: 3s, max_duration: 360s, no_retry_on_429: false, retry_on_403: true, expected_416: false, expected_404: false, log_errors_as_info: false, api_tag: \"s3::get_range\", has_connection_permit: true }"},"filename":"/home/runner/work/xet-core/xet-core/xet_client/src/cas_client/retry_wrapper.rs","line_number":274}
{"timestamp":"2026-07-30T10:17:10.101643Z","level":"INFO","fields":{"message":"Received CAS response","request_id":"01KYS8EA2HCDZCASGY7WQS430P","status_code":206},"filename":"/home/runner/work/xet-core/xet-core/xet_client/src/common/http_client.rs","line_number":288}
{"timestamp":"2026-07-30T10:17:10.101676Z","level":"INFO","fields":{"message":"Request Success: s3::get_range api call succeeded (request id 01KYS8EA2HCDZCASGY7WQS430P)."},"filename":"/home/runner/work/xet-core/xet-core/xet_client/src/cas_client/retry_wrapper.rs","line_number":237}
{"timestamp":"2026-07-30T10:17:10.101872Z","level":"INFO","fields":{"message":"Retry strategy","retry":"RetryWrapper { max_attempts: 5, base_delay: 3s, max_duration: 360s, no_retry_on_429: false, retry_on_403: true, expected_416: false, expected_404: false, log_errors_as_info: false, api_tag: \"s3::get_range\", has_connection_permit: true }"},"filename":"/home/runner/work/xet-core/xet-core/xet_client/src/cas_client/retry_wrapper.rs","line_number":274}
{"timestamp":"2026-07-30T10:17:10.111419Z","level":"INFO","fields":{"message":"Received CAS response","request_id":"01KYS8EA1DVWC1V16J5Z7FX2NT","status_code":206},"filename":"/home/runner/work/xet-core/xet-core/xet_client/src/common/http_client.rs","line_number":288}
{"timestamp":"2026-07-30T10:17:10.111446Z","level":"INFO","fields":{"message":"Request Success: s3::get_range api call succeeded (request id 01KYS8EA1DVWC1V16J5Z7FX2NT)."},"filename":"/home/runner/work/xet-core/xet-core/xet_client/src/cas_client/retry_wrapper.rs","line_number":237}
{"timestamp":"2026-07-30T10:17:10.119360Z","level":"INFO","fields":{"message":"Received CAS response","request_id":"01KYS8EA2V18VCVCRG3YE442YD","status_code":206},"filename":"/home/runner/work/xet-core/xet-core/xet_client/src/common/http_client.rs","line_number":288}
{"timestamp":"2026-07-30T10:17:10.119374Z","level":"INFO","fields":{"message":"Request Success: s3::get_range api call succeeded (request id 01KYS8EA2V18VCVCRG3YE442YD)."},"filename":"/home/runner/work/xet-core/xet-core/xet_client/src/cas_client/retry_wrapper.rs","line_number":237}
{"timestamp":"2026-07-30T10:17:10.129131Z","level":"INFO","fields":{"message":"Received CAS response","request_id":"01KYS8EA1R4GTWA7HE45KG6224","status_code":206},"filename":"/home/runner/work/xet-core/xet-core/xet_client/src/common/http_client.rs","line_number":288}
{"timestamp":"2026-07-30T10:17:10.129176Z","level":"INFO","fields":{"message":"Request Success: s3::get_range api call succeeded (request id 01KYS8EA1R4GTWA7HE45KG6224)."},"filename":"/home/runner/work/xet-core/xet-core/xet_client/src/cas_client/retry_wrapper.rs","line_number":237}
{"timestamp":"2026-07-30T10:17:10.131876Z","level":"INFO","fields":{"message":"Retry strategy","retry":"RetryWrapper { max_attempts: 5, base_delay: 3s, max_duration: 360s, no_retry_on_429: false, retry_on_403: true, expected_416: false, expected_404: false, log_errors_as_info: false, api_tag: \"s3::get_range\", has_connection_permit: true }"},"filename":"/home/runner/work/xet-core/xet-core/xet_client/src/cas_client/retry_wrapper.rs","line_number":274}
{"timestamp":"2026-07-30T10:17:10.134712Z","level":"INFO","fields":{"message":"Received CAS response","request_id":"01KYS8EA1WFKQX12Y36Q6EGMHE","status_code":206},"filename":"/home/runner/work/xet-core/xet-core/xet_client/src/common/http_client.rs","line_number":288}
{"timestamp":"2026-07-30T10:17:10.134736Z","level":"INFO","fields":{"message":"Request Success: s3::get_range api call succeeded (request id 01KYS8EA1WFKQX12Y36Q6EGMHE)."},"filename":"/home/runner/work/xet-core/xet-core/xet_client/src/cas_client/retry_wrapper.rs","line_number":237}
{"timestamp":"2026-07-30T10:17:10.139801Z","level":"INFO","fields":{"message":"Received CAS response","request_id":"01KYS8EA2B3WC30273BJFKN2AJ","status_code":206},"filename":"/home/runner/work/xet-core/xet-core/xet_client/src/common/http_client.rs","line_number":288}
{"timestamp":"2026-07-30T10:17:10.139818Z","level":"INFO","fields":{"message":"Request Success: s3::get_range api call succeeded (request id 01KYS8EA2B3WC30273BJFKN2AJ)."},"filename":"/home/runner/work/xet-core/xet-core/xet_client/src/cas_client/retry_wrapper.rs","line_number":237}
{"timestamp":"2026-07-30T10:17:10.145926Z","level":"INFO","fields":{"message":"Retry strategy","retry":"RetryWrapper { max_attempts: 5, base_delay: 3s, max_duration: 360s, no_retry_on_429: false, retry_on_403: true, expected_416: false, expected_404: false, log_errors_as_info: false, api_tag: \"s3::get_range\", has_connection_permit: true }"},"filename":"/home/runner/work/xet-core/xet-core/xet_client/src/cas_client/retry_wrapper.rs","line_number":274}
{"timestamp":"2026-07-30T10:17:10.156590Z","level":"INFO","fields":{"message":"Received CAS response","request_id":"01KYS8EA4R632FK36DC2FZA3RQ","status_code":206},"filename":"/home/runner/work/xet-core/xet-core/xet_client/src/common/http_client.rs","line_number":288}
{"timestamp":"2026-07-30T10:17:10.156622Z","level":"INFO","fields":{"message":"Request Success: s3::get_range api call succeeded (request id 01KYS8EA4R632FK36DC2FZA3RQ)."},"filename":"/home/runner/work/xet-core/xet-core/xet_client/src/cas_client/retry_wrapper.rs","line_number":237}
{"timestamp":"2026-07-30T10:17:10.157973Z","level":"INFO","fields":{"message":"Received CAS response","request_id":"01KYS8EA1VRS9YJHB2HPTY4N8W","status_code":206},"filename":"/home/runner/work/xet-core/xet-core/xet_client/src/common/http_client.rs","line_number":288}
{"timestamp":"2026-07-30T10:17:10.157993Z","level":"INFO","fields":{"message":"Request Success: s3::get_range api call succeeded (request id 01KYS8EA1VRS9YJHB2HPTY4N8W)."},"filename":"/home/runner/work/xet-core/xet-core/xet_client/src/cas_client/retry_wrapper.rs","line_number":237}
{"timestamp":"2026-07-30T10:17:10.164567Z","level":"INFO","fields":{"message":"Retry strategy","retry":"RetryWrapper { max_attempts: 5, base_delay: 3s, max_duration: 360s, no_retry_on_429: false, retry_on_403: true, expected_416: false, expected_404: false, log_errors_as_info: false, api_tag: \"s3::get_range\", has_connection_permit: true }"},"filename":"/home/runner/work/xet-core/xet-core/xet_client/src/cas_client/retry_wrapper.rs","line_number":274}
{"timestamp":"2026-07-30T10:17:10.173397Z","level":"INFO","fields":{"message":"Received CAS response","request_id":"01KYS8EA4RQ49QTJ2A1R130KFS","status_code":206},"filename":"/home/runner/work/xet-core/xet-core/xet_client/src/common/http_client.rs","line_number":288}
{"timestamp":"2026-07-30T10:17:10.173426Z","level":"INFO","fields":{"message":"Request Success: s3::get_range api call succeeded (request id 01KYS8EA4RQ49QTJ2A1R130KFS)."},"filename":"/home/runner/work/xet-core/xet-core/xet_client/src/cas_client/retry_wrapper.rs","line_number":237}
{"timestamp":"2026-07-30T10:17:10.173504Z","level":"INFO","fields":{"message":"Retry strategy","retry":"RetryWrapper { max_attempts: 5, base_delay: 3s, max_duration: 360s, no_retry_on_429: false, retry_on_403: true, expected_416: false, expected_404: false, log_errors_as_info: false, api_tag: \"s3::get_range\", has_connection_permit: true }"},"filename":"/home/runner/work/xet-core/xet-core/xet_client/src/cas_client/retry_wrapper.rs","line_number":274}
{"timestamp":"2026-07-30T10:17:10.173818Z","level":"INFO","fields":{"message":"Received CAS response","request_id":"01KYS8EA1VJC1E7Q4195H407T7","status_code":206},"filename":"/home/runner/work/xet-core/xet-core/xet_client/src/common/http_client.rs","line_number":288}
{"timestamp":"2026-07-30T10:17:10.173835Z","level":"INFO","fields":{"message":"Request Success: s3::get_range api call succeeded (request id 01KYS8EA1VJC1E7Q4195H407T7)."},"filename":"/home/runner/work/xet-core/xet-core/xet_client/src/cas_client/retry_wrapper.rs","line_number":237}
{"timestamp":"2026-07-30T10:17:10.192200Z","level":"INFO","fields":{"message":"Retry strategy","retry":"RetryWrapper { max_attempts: 5, base_delay: 3s, max_duration: 360s, no_retry_on_429: false, retry_on_403: true, expected_416: false, expected_404: false, log_errors_as_info: false, api_tag: \"s3::get_range\", has_connection_permit: true }"},"filename":"/home/runner/work/xet-core/xet-core/xet_client/src/cas_client/retry_wrapper.rs","line_number":274}
{"timestamp":"2026-07-30T10:17:10.211638Z","level":"INFO","fields":{"message":"Received CAS response","request_id":"01KYS8EA5JKP9FQK3JTE6JS7VD","status_code":206},"filename":"/home/runner/work/xet-core/xet-core/xet_client/src/common/http_client.rs","line_number":288}
{"timestamp":"2026-07-30T10:17:10.211669Z","level":"INFO","fields":{"message":"Request Success: s3::get_range api call succeeded (request id 01KYS8EA5JKP9FQK3JTE6JS7VD)."},"filename":"/home/runner/work/xet-core/xet-core/xet_client/src/cas_client/retry_wrapper.rs","line_number":237}
{"timestamp":"2026-07-30T10:17:10.217103Z","level":"INFO","fields":{"message":"Retry strategy","retry":"RetryWrapper { max_attempts: 5, base_delay: 3s, max_duration: 360s, no_retry_on_429: false, retry_on_403: true, expected_416: false, expected_404: false, log_errors_as_info: false, api_tag: \"s3::get_range\", has_connection_permit: true }"},"filename":"/home/runner/work/xet-core/xet-core/xet_client/src/cas_client/retry_wrapper.rs","line_number":274}
{"timestamp":"2026-07-30T10:17:10.218808Z","level":"INFO","fields":{"message":"Received CAS response","request_id":"01KYS8EA5ZHYBCXYVSX3HPSYWN","status_code":206},"filename":"/home/runner/work/xet-core/xet-core/xet_client/src/common/http_client.rs","line_number":288}
{"timestamp":"2026-07-30T10:17:10.218831Z","level":"INFO","fields":{"message":"Request Success: s3::get_range api call succeeded (request id 01KYS8EA5ZHYBCXYVSX3HPSYWN)."},"filename":"/home/runner/work/xet-core/xet-core/xet_client/src/cas_client/retry_wrapper.rs","line_number":237}
{"timestamp":"2026-07-30T10:17:10.220030Z","level":"INFO","fields":{"message":"Concurrency control for download: Increased concurrency from 16 to 17; reason: success ratio 1.000 is above threshold 0.800 and predicted RTT for 3MB at new concurrency is 0.71s < target 60.0s"},"filename":"/home/runner/work/xet-core/xet-core/xet_client/src/cas_client/adaptive_concurrency/controller.rs","line_number":548}
{"timestamp":"2026-07-30T10:17:10.220085Z","level":"INFO","fields":{"message":"Retry strategy","retry":"RetryWrapper { max_attempts: 5, base_delay: 3s, max_duration: 360s, no_retry_on_429: false, retry_on_403: true, expected_416: false, expected_404: false, log_errors_as_info: false, api_tag: \"s3::get_range\", has_connection_permit: true }"},"filename":"/home/runner/work/xet-core/xet-core/xet_client/src/cas_client/retry_wrapper.rs","line_number":274}
{"timestamp":"2026-07-30T10:17:10.222331Z","level":"INFO","fields":{"message":"Received CAS response","request_id":"01KYS8EA3XS2FETH46Q1MNMVNQ","status_code":206},"filename":"/home/runner/work/xet-core/xet-core/xet_client/src/common/http_client.rs","line_number":288}
{"timestamp":"2026-07-30T10:17:10.222349Z","level":"INFO","fields":{"message":"Request Success: s3::get_range api call succeeded (request id 01KYS8EA3XS2FETH46Q1MNMVNQ)."},"filename":"/home/runner/work/xet-core/xet-core/xet_client/src/cas_client/retry_wrapper.rs","line_number":237}
{"timestamp":"2026-07-30T10:17:10.223051Z","level":"INFO","fields":{"message":"Retry strategy","retry":"RetryWrapper { max_attempts: 5, base_delay: 3s, max_duration: 360s, no_retry_on_429: false, retry_on_403: true, expected_416: false, expected_404: false, log_errors_as_info: false, api_tag: \"s3::get_range\", has_connection_permit: true }"},"filename":"/home/runner/work/xet-core/xet-core/xet_client/src/cas_client/retry_wrapper.rs","line_number":274}
{"timestamp":"2026-07-30T10:17:10.228167Z","level":"INFO","fields":{"message":"Received CAS response","request_id":"01KYS8EA6NDZTEZ5FRN8VKFAR6","status_code":206},"filename":"/home/runner/work/xet-core/xet-core/xet_client/src/common/http_client.rs","line_number":288}
{"timestamp":"2026-07-30T10:17:10.228204Z","level":"INFO","fields":{"message":"Request Success: s3::get_range api call succeeded (request id 01KYS8EA6NDZTEZ5FRN8VKFAR6)."},"filename":"/home/runner/work/xet-core/xet-core/xet_client/src/cas_client/retry_wrapper.rs","line_number":237}
{"timestamp":"2026-07-30T10:17:10.243669Z","level":"INFO","fields":{"message":"Retry strategy","retry":"RetryWrapper { max_attempts: 5, base_delay: 3s, max_duration: 360s, no_retry_on_429: false, retry_on_403: true, expected_416: false, expected_404: false, log_errors_as_info: false, api_tag: \"s3::get_range\", has_connection_permit: true }"},"filename":"/home/runner/work/xet-core/xet-core/xet_client/src/cas_client/retry_wrapper.rs","line_number":274}
{"timestamp":"2026-07-30T10:17:10.245386Z","level":"INFO","fields":{"message":"Retry strategy","retry":"RetryWrapper { max_attempts: 5, base_delay: 3s, max_duration: 360s, no_retry_on_429: false, retry_on_403: true, expected_416: false, expected_404: false, log_errors_as_info: false, api_tag: \"s3::get_range\", has_connection_permit: true }"},"filename":"/home/runner/work/xet-core/xet-core/xet_client/src/cas_client/retry_wrapper.rs","line_number":274}
{"timestamp":"2026-07-30T10:17:10.261715Z","level":"INFO","fields":{"message":"Received CAS response","request_id":"01KYS8EA77XV7T5YX8E0EKVRV5","status_code":206},"filename":"/home/runner/work/xet-core/xet-core/xet_client/src/common/http_client.rs","line_number":288}
{"timestamp":"2026-07-30T10:17:10.261750Z","level":"INFO","fields":{"message":"Request Success: s3::get_range api call succeeded (request id 01KYS8EA77XV7T5YX8E0EKVRV5)."},"filename":"/home/runner/work/xet-core/xet-core/xet_client/src/cas_client/retry_wrapper.rs","line_number":237}
{"timestamp":"2026-07-30T10:17:10.276072Z","level":"INFO","fields":{"message":"Retry strategy","retry":"RetryWrapper { max_attempts: 5, base_delay: 3s, max_duration: 360s, no_retry_on_429: false, retry_on_403: true, expected_416: false, expected_404: false, log_errors_as_info: false, api_tag: \"s3::get_range\", has_connection_permit: true }"},"filename":"/home/runner/work/xet-core/xet-core/xet_client/src/cas_client/retry_wrapper.rs","line_number":274}
{"timestamp":"2026-07-30T10:17:10.278129Z","level":"INFO","fields":{"message":"Retry strategy","retry":"RetryWrapper { max_attempts: 5, base_delay: 3s, max_duration: 360s, no_retry_on_429: false, retry_on_403: true, expected_416: false, expected_404: false, log_errors_as_info: false, api_tag: \"s3::get_range\", has_connection_permit: true }"},"filename":"/home/runner/work/xet-core/xet-core/xet_client/src/cas_client/retry_wrapper.rs","line_number":274}
{"timestamp":"2026-07-30T10:17:10.304714Z","level":"INFO","fields":{"message":"Received CAS response","request_id":"01KYS8EA862K05VZA1RDCB0YMZ","status_code":206},"filename":"/home/runner/work/xet-core/xet-core/xet_client/src/common/http_client.rs","line_number":288}
{"timestamp":"2026-07-30T10:17:10.304754Z","level":"INFO","fields":{"message":"Request Success: s3::get_range api call succeeded (request id 01KYS8EA862K05VZA1RDCB0YMZ)."},"filename":"/home/runner/work/xet-core/xet-core/xet_client/src/cas_client/retry_wrapper.rs","line_number":237}
{"timestamp":"2026-07-30T10:17:10.306151Z","level":"INFO","fields":{"message":"Received CAS response","request_id":"01KYS8EA8MSH8PT91HB14GWWE5","status_code":206},"filename":"/home/runner/work/xet-core/xet-core/xet_client/src/common/http_client.rs","line_number":288}
{"timestamp":"2026-07-30T10:17:10.306175Z","level":"INFO","fields":{"message":"Request Success: s3::get_range api call succeeded (request id 01KYS8EA8MSH8PT91HB14GWWE5)."},"filename":"/home/runner/work/xet-core/xet-core/xet_client/src/cas_client/retry_wrapper.rs","line_number":237}
{"timestamp":"2026-07-30T10:17:10.306244Z","level":"INFO","fields":{"message":"Concurrency control for download: Current concurrency = 17; predicted bandwidth = 35450676; success_ratio = 1.000; reference_size = 3.3MB; observed bytes sent so far = 256201545; completed transmissions = 165"},"filename":"/home/runner/work/xet-core/xet-core/xet_client/src/cas_client/adaptive_concurrency/controller.rs","line_number":602}
{"timestamp":"2026-07-30T10:17:10.307578Z","level":"INFO","fields":{"message":"Received CAS response","request_id":"01KYS8EA9EYZVRETR8VARG96EA","status_code":206},"filename":"/home/runner/work/xet-core/xet-core/xet_client/src/common/http_client.rs","line_number":288}
{"timestamp":"2026-07-30T10:17:10.307587Z","level":"INFO","fields":{"message":"Request Success: s3::get_range api call succeeded (request id 01KYS8EA9EYZVRETR8VARG96EA)."},"filename":"/home/runner/work/xet-core/xet-core/xet_client/src/cas_client/retry_wrapper.rs","line_number":237}
{"timestamp":"2026-07-30T10:17:10.319216Z","level":"INFO","fields":{"message":"Retry strategy","retry":"RetryWrapper { max_attempts: 5, base_delay: 3s, max_duration: 360s, no_retry_on_429: false, retry_on_403: true, expected_416: false, expected_404: false, log_errors_as_info: false, api_tag: \"s3::get_range\", has_connection_permit: true }"},"filename":"/home/runner/work/xet-core/xet-core/xet_client/src/cas_client/retry_wrapper.rs","line_number":274}
{"timestamp":"2026-07-30T10:17:10.322309Z","level":"INFO","fields":{"message":"Retry strategy","retry":"RetryWrapper { max_attempts: 5, base_delay: 3s, max_duration: 360s, no_retry_on_429: false, retry_on_403: true, expected_416: false, expected_404: false, log_errors_as_info: false, api_tag: \"s3::get_range\", has_connection_permit: true }"},"filename":"/home/runner/work/xet-core/xet-core/xet_client/src/cas_client/retry_wrapper.rs","line_number":274}
{"timestamp":"2026-07-30T10:17:10.330168Z","level":"INFO","fields":{"message":"Retry strategy","retry":"RetryWrapper { max_attempts: 5, base_delay: 3s, max_duration: 360s, no_retry_on_429: false, retry_on_403: true, expected_416: false, expected_404: false, log_errors_as_info: false, api_tag: \"s3::get_range\", has_connection_permit: true }"},"filename":"/home/runner/work/xet-core/xet-core/xet_client/src/cas_client/retry_wrapper.rs","line_number":274}
{"timestamp":"2026-07-30T10:17:10.333158Z","level":"INFO","fields":{"message":"Received CAS response","request_id":"01KYS8EA95RP6QBBD00MT438YX","status_code":206},"filename":"/home/runner/work/xet-core/xet-core/xet_client/src/common/http_client.rs","line_number":288}
{"timestamp":"2026-07-30T10:17:10.333201Z","level":"INFO","fields":{"message":"Request Success: s3::get_range api call succeeded (request id 01KYS8EA95RP6QBBD00MT438YX)."},"filename":"/home/runner/work/xet-core/xet-core/xet_client/src/cas_client/retry_wrapper.rs","line_number":237}
{"timestamp":"2026-07-30T10:17:10.340418Z","level":"INFO","fields":{"message":"Retry strategy","retry":"RetryWrapper { max_attempts: 5, base_delay: 3s, max_duration: 360s, no_retry_on_429: false, retry_on_403: true, expected_416: false, expected_404: false, log_errors_as_info: false, api_tag: \"s3::get_range\", has_connection_permit: true }"},"filename":"/home/runner/work/xet-core/xet-core/xet_client/src/cas_client/retry_wrapper.rs","line_number":274}
{"timestamp":"2026-07-30T10:17:10.340443Z","level":"INFO","fields":{"message":"Received CAS response","request_id":"01KYS8EAA1TD3EJ2PX7C7XAE8F","status_code":206},"filename":"/home/runner/work/xet-core/xet-core/xet_client/src/common/http_client.rs","line_number":288}
{"timestamp":"2026-07-30T10:17:10.340460Z","level":"INFO","fields":{"message":"Request Success: s3::get_range api call succeeded (request id 01KYS8EAA1TD3EJ2PX7C7XAE8F)."},"filename":"/home/runner/work/xet-core/xet-core/xet_client/src/cas_client/retry_wrapper.rs","line_number":237}
{"timestamp":"2026-07-30T10:17:10.363675Z","level":"INFO","fields":{"message":"Retry strategy","retry":"RetryWrapper { max_attempts: 5, base_delay: 3s, max_duration: 360s, no_retry_on_429: false, retry_on_403: true, expected_416: false, expected_404: false, log_errors_as_info: false, api_tag: \"s3::get_range\", has_connection_permit: true }"},"filename":"/home/runner/work/xet-core/xet-core/xet_client/src/cas_client/retry_wrapper.rs","line_number":274}
{"timestamp":"2026-07-30T10:17:10.375704Z","level":"INFO","fields":{"message":"Received CAS response","request_id":"01KYS8EAAV27236K8YQKVAYE2H","status_code":206},"filename":"/home/runner/work/xet-core/xet-core/xet_client/src/common/http_client.rs","line_number":288}
{"timestamp":"2026-07-30T10:17:10.375734Z","level":"INFO","fields":{"message":"Request Success: s3::get_range api call succeeded (request id 01KYS8EAAV27236K8YQKVAYE2H)."},"filename":"/home/runner/work/xet-core/xet-core/xet_client/src/cas_client/retry_wrapper.rs","line_number":237}
{"timestamp":"2026-07-30T10:17:10.378715Z","level":"INFO","fields":{"message":"Received CAS response","request_id":"01KYS8EABPXZNC49BFM8YVZ29C","status_code":206},"filename":"/home/runner/work/xet-core/xet-core/xet_client/src/common/http_client.rs","line_number":288}
{"timestamp":"2026-07-30T10:17:10.378740Z","level":"INFO","fields":{"message":"Request Success: s3::get_range api call succeeded (request id 01KYS8EABPXZNC49BFM8YVZ29C)."},"filename":"/home/runner/work/xet-core/xet-core/xet_client/src/cas_client/retry_wrapper.rs","line_number":237}
{"timestamp":"2026-07-30T10:17:10.381500Z","level":"INFO","fields":{"message":"Retry strategy","retry":"RetryWrapper { max_attempts: 5, base_delay: 3s, max_duration: 360s, no_retry_on_429: false, retry_on_403: true, expected_416: false, expected_404: false, log_errors_as_info: false, api_tag: \"s3::get_range\", has_connection_permit: true }"},"filename":"/home/runner/work/xet-core/xet-core/xet_client/src/cas_client/retry_wrapper.rs","line_number":274}
{"timestamp":"2026-07-30T10:17:10.387577Z","level":"INFO","fields":{"message":"Received CAS response","request_id":"01KYS8EAB0AQ0NQQH8HP9RT4J7","status_code":206},"filename":"/home/runner/work/xet-core/xet-core/xet_client/src/common/http_client.rs","line_number":288}
{"timestamp":"2026-07-30T10:17:10.387616Z","level":"INFO","fields":{"message":"Request Success: s3::get_range api call succeeded (request id 01KYS8EAB0AQ0NQQH8HP9RT4J7)."},"filename":"/home/runner/work/xet-core/xet-core/xet_client/src/cas_client/retry_wrapper.rs","line_number":237}
{"timestamp":"2026-07-30T10:17:10.388255Z","level":"INFO","fields":{"message":"Received CAS response","request_id":"01KYS8EAB27FHWEVRP0RK7C52D","status_code":206},"filename":"/home/runner/work/xet-core/xet-core/xet_client/src/common/http_client.rs","line_number":288}
{"timestamp":"2026-07-30T10:17:10.388279Z","level":"INFO","fields":{"message":"Request Success: s3::get_range api call succeeded (request id 01KYS8EAB27FHWEVRP0RK7C52D)."},"filename":"/home/runner/work/xet-core/xet-core/xet_client/src/cas_client/retry_wrapper.rs","line_number":237}
{"timestamp":"2026-07-30T10:17:10.392375Z","level":"INFO","fields":{"message":"Retry strategy","retry":"RetryWrapper { max_attempts: 5, base_delay: 3s, max_duration: 360s, no_retry_on_429: false, retry_on_403: true, expected_416: false, expected_404: false, log_errors_as_info: false, api_tag: \"s3::get_range\", has_connection_permit: true }"},"filename":"/home/runner/work/xet-core/xet-core/xet_client/src/cas_client/retry_wrapper.rs","line_number":274}
{"timestamp":"2026-07-30T10:17:10.404395Z","level":"INFO","fields":{"message":"Received CAS response","request_id":"01KYS8EABTWNCTZXQBSE9B0ES2","status_code":206},"filename":"/home/runner/work/xet-core/xet-core/xet_client/src/common/http_client.rs","line_number":288}
{"timestamp":"2026-07-30T10:17:10.404425Z","level":"INFO","fields":{"message":"Request Success: s3::get_range api call succeeded (request id 01KYS8EABTWNCTZXQBSE9B0ES2)."},"filename":"/home/runner/work/xet-core/xet-core/xet_client/src/cas_client/retry_wrapper.rs","line_number":237}
{"timestamp":"2026-07-30T10:17:10.416679Z","level":"INFO","fields":{"message":"Retry strategy","retry":"RetryWrapper { max_attempts: 5, base_delay: 3s, max_duration: 360s, no_retry_on_429: false, retry_on_403: true, expected_416: false, expected_404: false, log_errors_as_info: false, api_tag: \"s3::get_range\", has_connection_permit: true }"},"filename":"/home/runner/work/xet-core/xet-core/xet_client/src/cas_client/retry_wrapper.rs","line_number":274}
{"timestamp":"2026-07-30T10:17:10.419870Z","level":"INFO","fields":{"message":"Received CAS response","request_id":"01KYS8EACP6HK844BGMDVZDM0E","status_code":206},"filename":"/home/runner/work/xet-core/xet-core/xet_client/src/common/http_client.rs","line_number":288}
{"timestamp":"2026-07-30T10:17:10.419908Z","level":"INFO","fields":{"message":"Request Success: s3::get_range api call succeeded (request id 01KYS8EACP6HK844BGMDVZDM0E)."},"filename":"/home/runner/work/xet-core/xet-core/xet_client/src/cas_client/retry_wrapper.rs","line_number":237}
{"timestamp":"2026-07-30T10:17:10.430582Z","level":"INFO","fields":{"message":"Retry strategy","retry":"RetryWrapper { max_attempts: 5, base_delay: 3s, max_duration: 360s, no_retry_on_429: false, retry_on_403: true, expected_416: false, expected_404: false, log_errors_as_info: false, api_tag: \"s3::get_range\", has_connection_permit: true }"},"filename":"/home/runner/work/xet-core/xet-core/xet_client/src/cas_client/retry_wrapper.rs","line_number":274}
{"timestamp":"2026-07-30T10:17:10.439089Z","level":"INFO","fields":{"message":"Retry strategy","retry":"RetryWrapper { max_attempts: 5, base_delay: 3s, max_duration: 360s, no_retry_on_429: false, retry_on_403: true, expected_416: false, expected_404: false, log_errors_as_info: false, api_tag: \"s3::get_range\", has_connection_permit: true }"},"filename":"/home/runner/work/xet-core/xet-core/xet_client/src/cas_client/retry_wrapper.rs","line_number":274}
{"timestamp":"2026-07-30T10:17:10.444658Z","level":"INFO","fields":{"message":"Received CAS response","request_id":"01KYS8EACPKKV7H0RYXF20PEJ4","status_code":206},"filename":"/home/runner/work/xet-core/xet-core/xet_client/src/common/http_client.rs","line_number":288}
{"timestamp":"2026-07-30T10:17:10.444681Z","level":"INFO","fields":{"message":"Request Success: s3::get_range api call succeeded (request id 01KYS8EACPKKV7H0RYXF20PEJ4)."},"filename":"/home/runner/work/xet-core/xet-core/xet_client/src/cas_client/retry_wrapper.rs","line_number":237}
{"timestamp":"2026-07-30T10:17:10.472458Z","level":"INFO","fields":{"message":"Retry strategy","retry":"RetryWrapper { max_attempts: 5, base_delay: 3s, max_duration: 360s, no_retry_on_429: false, retry_on_403: true, expected_416: false, expected_404: false, log_errors_as_info: false, api_tag: \"s3::get_range\", has_connection_permit: true }"},"filename":"/home/runner/work/xet-core/xet-core/xet_client/src/cas_client/retry_wrapper.rs","line_number":274}
{"timestamp":"2026-07-30T10:17:10.478468Z","level":"INFO","fields":{"message":"Retry strategy","retry":"RetryWrapper { max_attempts: 5, base_delay: 3s, max_duration: 360s, no_retry_on_429: false, retry_on_403: true, expected_416: false, expected_404: false, log_errors_as_info: false, api_tag: \"s3::get_range\", has_connection_permit: true }"},"filename":"/home/runner/work/xet-core/xet-core/xet_client/src/cas_client/retry_wrapper.rs","line_number":274}
{"timestamp":"2026-07-30T10:17:10.483547Z","level":"INFO","fields":{"message":"Received CAS response","request_id":"01KYS8EAE3TVPJ9BYG23G1WEH6","status_code":206},"filename":"/home/runner/work/xet-core/xet-core/xet_client/src/common/http_client.rs","line_number":288}
{"timestamp":"2026-07-30T10:17:10.483571Z","level":"INFO","fields":{"message":"Request Success: s3::get_range api call succeeded (request id 01KYS8EAE3TVPJ9BYG23G1WEH6)."},"filename":"/home/runner/work/xet-core/xet-core/xet_client/src/cas_client/retry_wrapper.rs","line_number":237}
{"timestamp":"2026-07-30T10:17:10.490534Z","level":"INFO","fields":{"message":"Received CAS response","request_id":"01KYS8EAE4ZZKES4X7AKR744P7","status_code":206},"filename":"/home/runner/work/xet-core/xet-core/xet_client/src/common/http_client.rs","line_number":288}
{"timestamp":"2026-07-30T10:17:10.490549Z","level":"INFO","fields":{"message":"Request Success: s3::get_range api call succeeded (request id 01KYS8EAE4ZZKES4X7AKR744P7)."},"filename":"/home/runner/work/xet-core/xet-core/xet_client/src/cas_client/retry_wrapper.rs","line_number":237}
{"timestamp":"2026-07-30T10:17:10.491979Z","level":"INFO","fields":{"message":"Received CAS response","request_id":"01KYS8EAEB8R82A73097HP0HJE","status_code":206},"filename":"/home/runner/work/xet-core/xet-core/xet_client/src/common/http_client.rs","line_number":288}
{"timestamp":"2026-07-30T10:17:10.491995Z","level":"INFO","fields":{"message":"Request Success: s3::get_range api call succeeded (request id 01KYS8EAEB8R82A73097HP0HJE)."},"filename":"/home/runner/work/xet-core/xet-core/xet_client/src/cas_client/retry_wrapper.rs","line_number":237}
{"timestamp":"2026-07-30T10:17:10.493810Z","level":"INFO","fields":{"message":"Received CAS response","request_id":"01KYS8EAENMQE6AJS2N07K1JWE","status_code":206},"filename":"/home/runner/work/xet-core/xet-core/xet_client/src/common/http_client.rs","line_number":288}
{"timestamp":"2026-07-30T10:17:10.493820Z","level":"INFO","fields":{"message":"Request Success: s3::get_range api call succeeded (request id 01KYS8EAENMQE6AJS2N07K1JWE)."},"filename":"/home/runner/work/xet-core/xet-core/xet_client/src/cas_client/retry_wrapper.rs","line_number":237}
{"timestamp":"2026-07-30T10:17:10.494367Z","level":"INFO","fields":{"message":"Retry strategy","retry":"RetryWrapper { max_attempts: 5, base_delay: 3s, max_duration: 360s, no_retry_on_429: false, retry_on_403: true, expected_416: false, expected_404: false, log_errors_as_info: false, api_tag: \"s3::get_range\", has_connection_permit: true }"},"filename":"/home/runner/work/xet-core/xet-core/xet_client/src/cas_client/retry_wrapper.rs","line_number":274}
{"timestamp":"2026-07-30T10:17:10.504101Z","level":"INFO","fields":{"message":"Retry strategy","retry":"RetryWrapper { max_attempts: 5, base_delay: 3s, max_duration: 360s, no_retry_on_429: false, retry_on_403: true, expected_416: false, expected_404: false, log_errors_as_info: false, api_tag: \"s3::get_range\", has_connection_permit: true }"},"filename":"/home/runner/work/xet-core/xet-core/xet_client/src/cas_client/retry_wrapper.rs","line_number":274}
{"timestamp":"2026-07-30T10:17:10.505350Z","level":"INFO","fields":{"message":"Retry strategy","retry":"RetryWrapper { max_attempts: 5, base_delay: 3s, max_duration: 360s, no_retry_on_429: false, retry_on_403: true, expected_416: false, expected_404: false, log_errors_as_info: false, api_tag: \"s3::get_range\", has_connection_permit: true }"},"filename":"/home/runner/work/xet-core/xet-core/xet_client/src/cas_client/retry_wrapper.rs","line_number":274}
{"timestamp":"2026-07-30T10:17:10.532808Z","level":"INFO","fields":{"message":"Received CAS response","request_id":"01KYS8EAFXMME34VJ5ZVDJJRPG","status_code":206},"filename":"/home/runner/work/xet-core/xet-core/xet_client/src/common/http_client.rs","line_number":288}
{"timestamp":"2026-07-30T10:17:10.532835Z","level":"INFO","fields":{"message":"Request Success: s3::get_range api call succeeded (request id 01KYS8EAFXMME34VJ5ZVDJJRPG)."},"filename":"/home/runner/work/xet-core/xet-core/xet_client/src/cas_client/retry_wrapper.rs","line_number":237}
{"timestamp":"2026-07-30T10:17:10.539333Z","level":"INFO","fields":{"message":"Retry strategy","retry":"RetryWrapper { max_attempts: 5, base_delay: 3s, max_duration: 360s, no_retry_on_429: false, retry_on_403: true, expected_416: false, expected_404: false, log_errors_as_info: false, api_tag: \"s3::get_range\", has_connection_permit: true }"},"filename":"/home/runner/work/xet-core/xet-core/xet_client/src/cas_client/retry_wrapper.rs","line_number":274}
{"timestamp":"2026-07-30T10:17:10.544734Z","level":"INFO","fields":{"message":"Received CAS response","request_id":"01KYS8EAGCEWV20FQAS5Q4CFGG","status_code":206},"filename":"/home/runner/work/xet-core/xet-core/xet_client/src/common/http_client.rs","line_number":288}
{"timestamp":"2026-07-30T10:17:10.544771Z","level":"INFO","fields":{"message":"Request Success: s3::get_range api call succeeded (request id 01KYS8EAGCEWV20FQAS5Q4CFGG)."},"filename":"/home/runner/work/xet-core/xet-core/xet_client/src/cas_client/retry_wrapper.rs","line_number":237}
{"timestamp":"2026-07-30T10:17:10.556704Z","level":"INFO","fields":{"message":"Retry strategy","retry":"RetryWrapper { max_attempts: 5, base_delay: 3s, max_duration: 360s, no_retry_on_429: false, retry_on_403: true, expected_416: false, expected_404: false, log_errors_as_info: false, api_tag: \"s3::get_range\", has_connection_permit: true }"},"filename":"/home/runner/work/xet-core/xet-core/xet_client/src/cas_client/retry_wrapper.rs","line_number":274}
{"timestamp":"2026-07-30T10:17:10.557310Z","level":"INFO","fields":{"message":"Retry strategy","retry":"RetryWrapper { max_attempts: 5, base_delay: 3s, max_duration: 360s, no_retry_on_429: false, retry_on_403: true, expected_416: false, expected_404: false, log_errors_as_info: false, api_tag: \"s3::get_range\", has_connection_permit: true }"},"filename":"/home/runner/work/xet-core/xet-core/xet_client/src/cas_client/retry_wrapper.rs","line_number":274}
{"timestamp":"2026-07-30T10:17:10.561491Z","level":"INFO","fields":{"message":"Received CAS response","request_id":"01KYS8EAHF4Q694205K81HB00S","status_code":206},"filename":"/home/runner/work/xet-core/xet-core/xet_client/src/common/http_client.rs","line_number":288}
{"timestamp":"2026-07-30T10:17:10.561513Z","level":"INFO","fields":{"message":"Request Success: s3::get_range api call succeeded (request id 01KYS8EAHF4Q694205K81HB00S)."},"filename":"/home/runner/work/xet-core/xet-core/xet_client/src/cas_client/retry_wrapper.rs","line_number":237}
{"timestamp":"2026-07-30T10:17:10.564960Z","level":"INFO","fields":{"message":"Received CAS response","request_id":"01KYS8EAH6P8S46J7NFYZBA1T7","status_code":206},"filename":"/home/runner/work/xet-core/xet-core/xet_client/src/common/http_client.rs","line_number":288}
{"timestamp":"2026-07-30T10:17:10.564984Z","level":"INFO","fields":{"message":"Request Success: s3::get_range api call succeeded (request id 01KYS8EAH6P8S46J7NFYZBA1T7)."},"filename":"/home/runner/work/xet-core/xet-core/xet_client/src/cas_client/retry_wrapper.rs","line_number":237}
{"timestamp":"2026-07-30T10:17:10.567541Z","level":"INFO","fields":{"message":"Retry strategy","retry":"RetryWrapper { max_attempts: 5, base_delay: 3s, max_duration: 360s, no_retry_on_429: false, retry_on_403: true, expected_416: false, expected_404: false, log_errors_as_info: false, api_tag: \"s3::get_range\", has_connection_permit: true }"},"filename":"/home/runner/work/xet-core/xet-core/xet_client/src/cas_client/retry_wrapper.rs","line_number":274}
{"timestamp":"2026-07-30T10:17:10.567990Z","level":"INFO","fields":{"message":"Received CAS response","request_id":"01KYS8EAFGFC33T0M86RDHANAF","status_code":206},"filename":"/home/runner/work/xet-core/xet-core/xet_client/src/common/http_client.rs","line_number":288}
{"timestamp":"2026-07-30T10:17:10.568018Z","level":"INFO","fields":{"message":"Request Success: s3::get_range api call succeeded (request id 01KYS8EAFGFC33T0M86RDHANAF)."},"filename":"/home/runner/work/xet-core/xet-core/xet_client/src/cas_client/retry_wrapper.rs","line_number":237}
{"timestamp":"2026-07-30T10:17:10.571370Z","level":"INFO","fields":{"message":"Retry strategy","retry":"RetryWrapper { max_attempts: 5, base_delay: 3s, max_duration: 360s, no_retry_on_429: false, retry_on_403: true, expected_416: false, expected_404: false, log_errors_as_info: false, api_tag: \"s3::get_range\", has_connection_permit: true }"},"filename":"/home/runner/work/xet-core/xet-core/xet_client/src/cas_client/retry_wrapper.rs","line_number":274}
{"timestamp":"2026-07-30T10:17:10.578973Z","level":"INFO","fields":{"message":"Retry strategy","retry":"RetryWrapper { max_attempts: 5, base_delay: 3s, max_duration: 360s, no_retry_on_429: false, retry_on_403: true, expected_416: false, expected_404: false, log_errors_as_info: false, api_tag: \"s3::get_range\", has_connection_permit: true }"},"filename":"/home/runner/work/xet-core/xet-core/xet_client/src/cas_client/retry_wrapper.rs","line_number":274}
{"timestamp":"2026-07-30T10:17:10.589447Z","level":"INFO","fields":{"message":"Retry strategy","retry":"RetryWrapper { max_attempts: 5, base_delay: 3s, max_duration: 360s, no_retry_on_429: false, retry_on_403: true, expected_416: false, expected_404: false, log_errors_as_info: false, api_tag: \"s3::get_range\", has_connection_permit: true }"},"filename":"/home/runner/work/xet-core/xet-core/xet_client/src/cas_client/retry_wrapper.rs","line_number":274}
{"timestamp":"2026-07-30T10:17:10.598553Z","level":"INFO","fields":{"message":"Received CAS response","request_id":"01KYS8EAHR5MT3MC1RNNV2NXM0","status_code":206},"filename":"/home/runner/work/xet-core/xet-core/xet_client/src/common/http_client.rs","line_number":288}
{"timestamp":"2026-07-30T10:17:10.598579Z","level":"INFO","fields":{"message":"Request Success: s3::get_range api call succeeded (request id 01KYS8EAHR5MT3MC1RNNV2NXM0)."},"filename":"/home/runner/work/xet-core/xet-core/xet_client/src/cas_client/retry_wrapper.rs","line_number":237}
{"timestamp":"2026-07-30T10:17:10.602372Z","level":"INFO","fields":{"message":"Retry strategy","retry":"RetryWrapper { max_attempts: 5, base_delay: 3s, max_duration: 360s, no_retry_on_429: false, retry_on_403: true, expected_416: false, expected_404: false, log_errors_as_info: false, api_tag: \"s3::get_range\", has_connection_permit: true }"},"filename":"/home/runner/work/xet-core/xet-core/xet_client/src/cas_client/retry_wrapper.rs","line_number":274}
{"timestamp":"2026-07-30T10:17:10.629003Z","level":"INFO","fields":{"message":"Received CAS response","request_id":"01KYS8EAJV232EQRSZ04RED7TM","status_code":206},"filename":"/home/runner/work/xet-core/xet-core/xet_client/src/common/http_client.rs","line_number":288}
{"timestamp":"2026-07-30T10:17:10.629021Z","level":"INFO","fields":{"message":"Request Success: s3::get_range api call succeeded (request id 01KYS8EAJV232EQRSZ04RED7TM)."},"filename":"/home/runner/work/xet-core/xet-core/xet_client/src/cas_client/retry_wrapper.rs","line_number":237}
{"timestamp":"2026-07-30T10:17:10.632061Z","level":"INFO","fields":{"message":"Received CAS response","request_id":"01KYS8EAJZWF52A5Z9WWZ62EKE","status_code":206},"filename":"/home/runner/work/xet-core/xet-core/xet_client/src/common/http_client.rs","line_number":288}
{"timestamp":"2026-07-30T10:17:10.632086Z","level":"INFO","fields":{"message":"Request Success: s3::get_range api call succeeded (request id 01KYS8EAJZWF52A5Z9WWZ62EKE)."},"filename":"/home/runner/work/xet-core/xet-core/xet_client/src/cas_client/retry_wrapper.rs","line_number":237}
{"timestamp":"2026-07-30T10:17:10.632627Z","level":"INFO","fields":{"message":"Retry strategy","retry":"RetryWrapper { max_attempts: 5, base_delay: 3s, max_duration: 360s, no_retry_on_429: false, retry_on_403: true, expected_416: false, expected_404: false, log_errors_as_info: false, api_tag: \"s3::get_range\", has_connection_permit: true }"},"filename":"/home/runner/work/xet-core/xet-core/xet_client/src/cas_client/retry_wrapper.rs","line_number":274}
{"timestamp":"2026-07-30T10:17:10.646938Z","level":"INFO","fields":{"message":"Received CAS response","request_id":"01KYS8EAKFEHK6EE1NFX4C6C5W","status_code":206},"filename":"/home/runner/work/xet-core/xet-core/xet_client/src/common/http_client.rs","line_number":288}
{"timestamp":"2026-07-30T10:17:10.646959Z","level":"INFO","fields":{"message":"Request Success: s3::get_range api call succeeded (request id 01KYS8EAKFEHK6EE1NFX4C6C5W)."},"filename":"/home/runner/work/xet-core/xet-core/xet_client/src/cas_client/retry_wrapper.rs","line_number":237}
{"timestamp":"2026-07-30T10:17:10.653826Z","level":"INFO","fields":{"message":"Received CAS response","request_id":"01KYS8EAM01MJ8QQA4MZT507AY","status_code":206},"filename":"/home/runner/work/xet-core/xet-core/xet_client/src/common/http_client.rs","line_number":288}
{"timestamp":"2026-07-30T10:17:10.653844Z","level":"INFO","fields":{"message":"Request Success: s3::get_range api call succeeded (request id 01KYS8EAM01MJ8QQA4MZT507AY)."},"filename":"/home/runner/work/xet-core/xet-core/xet_client/src/cas_client/retry_wrapper.rs","line_number":237}
{"timestamp":"2026-07-30T10:17:10.671179Z","level":"INFO","fields":{"message":"Received CAS response","request_id":"01KYS8EAKT1HJ2B03VCGG2TF6T","status_code":206},"filename":"/home/runner/work/xet-core/xet-core/xet_client/src/common/http_client.rs","line_number":288}
{"timestamp":"2026-07-30T10:17:10.671206Z","level":"INFO","fields":{"message":"Request Success: s3::get_range api call succeeded (request id 01KYS8EAKT1HJ2B03VCGG2TF6T)."},"filename":"/home/runner/work/xet-core/xet-core/xet_client/src/cas_client/retry_wrapper.rs","line_number":237}
{"timestamp":"2026-07-30T10:17:10.683441Z","level":"INFO","fields":{"message":"Retry strategy","retry":"RetryWrapper { max_attempts: 5, base_delay: 3s, max_duration: 360s, no_retry_on_429: false, retry_on_403: true, expected_416: false, expected_404: false, log_errors_as_info: false, api_tag: \"s3::get_range\", has_connection_permit: true }"},"filename":"/home/runner/work/xet-core/xet-core/xet_client/src/cas_client/retry_wrapper.rs","line_number":274}
{"timestamp":"2026-07-30T10:17:10.687598Z","level":"INFO","fields":{"message":"Retry strategy","retry":"RetryWrapper { max_attempts: 5, base_delay: 3s, max_duration: 360s, no_retry_on_429: false, retry_on_403: true, expected_416: false, expected_404: false, log_errors_as_info: false, api_tag: \"s3::get_range\", has_connection_permit: true }"},"filename":"/home/runner/work/xet-core/xet-core/xet_client/src/cas_client/retry_wrapper.rs","line_number":274}
{"timestamp":"2026-07-30T10:17:10.687773Z","level":"INFO","fields":{"message":"Retry strategy","retry":"RetryWrapper { max_attempts: 5, base_delay: 3s, max_duration: 360s, no_retry_on_429: false, retry_on_403: true, expected_416: false, expected_404: false, log_errors_as_info: false, api_tag: \"s3::get_range\", has_connection_permit: true }"},"filename":"/home/runner/work/xet-core/xet-core/xet_client/src/cas_client/retry_wrapper.rs","line_number":274}
{"timestamp":"2026-07-30T10:17:10.688738Z","level":"INFO","fields":{"message":"Received CAS response","request_id":"01KYS8EAMW1BHVTGPFVX7BFARA","status_code":206},"filename":"/home/runner/work/xet-core/xet-core/xet_client/src/common/http_client.rs","line_number":288}
{"timestamp":"2026-07-30T10:17:10.688781Z","level":"INFO","fields":{"message":"Request Success: s3::get_range api call succeeded (request id 01KYS8EAMW1BHVTGPFVX7BFARA)."},"filename":"/home/runner/work/xet-core/xet-core/xet_client/src/cas_client/retry_wrapper.rs","line_number":237}
{"timestamp":"2026-07-30T10:17:10.703696Z","level":"INFO","fields":{"message":"Received CAS response","request_id":"01KYS8EANEEBQPXN7TC1EVSDKP","status_code":206},"filename":"/home/runner/work/xet-core/xet-core/xet_client/src/common/http_client.rs","line_number":288}
{"timestamp":"2026-07-30T10:17:10.703716Z","level":"INFO","fields":{"message":"Request Success: s3::get_range api call succeeded (request id 01KYS8EANEEBQPXN7TC1EVSDKP)."},"filename":"/home/runner/work/xet-core/xet-core/xet_client/src/cas_client/retry_wrapper.rs","line_number":237}
{"timestamp":"2026-07-30T10:17:10.718121Z","level":"INFO","fields":{"message":"Retry strategy","retry":"RetryWrapper { max_attempts: 5, base_delay: 3s, max_duration: 360s, no_retry_on_429: false, retry_on_403: true, expected_416: false, expected_404: false, log_errors_as_info: false, api_tag: \"s3::get_range\", has_connection_permit: true }"},"filename":"/home/runner/work/xet-core/xet-core/xet_client/src/cas_client/retry_wrapper.rs","line_number":274}
{"timestamp":"2026-07-30T10:17:10.721174Z","level":"INFO","fields":{"message":"Concurrency control for download: Increased concurrency from 17 to 18; reason: success ratio 1.000 is above threshold 0.800 and predicted RTT for 3MB at new concurrency is 0.45s < target 60.0s"},"filename":"/home/runner/work/xet-core/xet-core/xet_client/src/cas_client/adaptive_concurrency/controller.rs","line_number":548}
{"timestamp":"2026-07-30T10:17:10.721253Z","level":"INFO","fields":{"message":"Retry strategy","retry":"RetryWrapper { max_attempts: 5, base_delay: 3s, max_duration: 360s, no_retry_on_429: false, retry_on_403: true, expected_416: false, expected_404: false, log_errors_as_info: false, api_tag: \"s3::get_range\", has_connection_permit: true }"},"filename":"/home/runner/work/xet-core/xet-core/xet_client/src/cas_client/retry_wrapper.rs","line_number":274}
{"timestamp":"2026-07-30T10:17:10.721293Z","level":"INFO","fields":{"message":"Retry strategy","retry":"RetryWrapper { max_attempts: 5, base_delay: 3s, max_duration: 360s, no_retry_on_429: false, retry_on_403: true, expected_416: false, expected_404: false, log_errors_as_info: false, api_tag: \"s3::get_range\", has_connection_permit: true }"},"filename":"/home/runner/work/xet-core/xet-core/xet_client/src/cas_client/retry_wrapper.rs","line_number":274}
{"timestamp":"2026-07-30T10:17:10.729726Z","level":"INFO","fields":{"message":"Received CAS response","request_id":"01KYS8EANSHSQRAMHJ5TTMWKDD","status_code":206},"filename":"/home/runner/work/xet-core/xet-core/xet_client/src/common/http_client.rs","line_number":288}
{"timestamp":"2026-07-30T10:17:10.729751Z","level":"INFO","fields":{"message":"Request Success: s3::get_range api call succeeded (request id 01KYS8EANSHSQRAMHJ5TTMWKDD)."},"filename":"/home/runner/work/xet-core/xet-core/xet_client/src/cas_client/retry_wrapper.rs","line_number":237}
{"timestamp":"2026-07-30T10:17:10.730057Z","level":"INFO","fields":{"message":"Received CAS response","request_id":"01KYS8EAP9CJAJXX8KYJHSN7AE","status_code":206},"filename":"/home/runner/work/xet-core/xet-core/xet_client/src/common/http_client.rs","line_number":288}
{"timestamp":"2026-07-30T10:17:10.730065Z","level":"INFO","fields":{"message":"Request Success: s3::get_range api call succeeded (request id 01KYS8EAP9CJAJXX8KYJHSN7AE)."},"filename":"/home/runner/work/xet-core/xet-core/xet_client/src/cas_client/retry_wrapper.rs","line_number":237}
{"timestamp":"2026-07-30T10:17:10.730261Z","level":"INFO","fields":{"message":"Retry strategy","retry":"RetryWrapper { max_attempts: 5, base_delay: 3s, max_duration: 360s, no_retry_on_429: false, retry_on_403: true, expected_416: false, expected_404: false, log_errors_as_info: false, api_tag: \"s3::get_range\", has_connection_permit: true }"},"filename":"/home/runner/work/xet-core/xet-core/xet_client/src/cas_client/retry_wrapper.rs","line_number":274}
{"timestamp":"2026-07-30T10:17:10.730874Z","level":"INFO","fields":{"message":"Received CAS response","request_id":"01KYS8EANWE4GGY51B75S6CA55","status_code":206},"filename":"/home/runner/work/xet-core/xet-core/xet_client/src/common/http_client.rs","line_number":288}
{"timestamp":"2026-07-30T10:17:10.730885Z","level":"INFO","fields":{"message":"Request Success: s3::get_range api call succeeded (request id 01KYS8EANWE4GGY51B75S6CA55)."},"filename":"/home/runner/work/xet-core/xet-core/xet_client/src/cas_client/retry_wrapper.rs","line_number":237}
{"timestamp":"2026-07-30T10:17:10.734057Z","level":"INFO","fields":{"message":"Retry strategy","retry":"RetryWrapper { max_attempts: 5, base_delay: 3s, max_duration: 360s, no_retry_on_429: false, retry_on_403: true, expected_416: false, expected_404: false, log_errors_as_info: false, api_tag: \"s3::get_range\", has_connection_permit: true }"},"filename":"/home/runner/work/xet-core/xet-core/xet_client/src/cas_client/retry_wrapper.rs","line_number":274}
{"timestamp":"2026-07-30T10:17:10.743290Z","level":"INFO","fields":{"message":"Retry strategy","retry":"RetryWrapper { max_attempts: 5, base_delay: 3s, max_duration: 360s, no_retry_on_429: false, retry_on_403: true, expected_416: false, expected_404: false, log_errors_as_info: false, api_tag: \"s3::get_range\", has_connection_permit: true }"},"filename":"/home/runner/work/xet-core/xet-core/xet_client/src/cas_client/retry_wrapper.rs","line_number":274}
{"timestamp":"2026-07-30T10:17:10.748617Z","level":"INFO","fields":{"message":"Received CAS response","request_id":"01KYS8EANE63HBJJ8EPN92WSEG","status_code":206},"filename":"/home/runner/work/xet-core/xet-core/xet_client/src/common/http_client.rs","line_number":288}
{"timestamp":"2026-07-30T10:17:10.748641Z","level":"INFO","fields":{"message":"Request Success: s3::get_range api call succeeded (request id 01KYS8EANE63HBJJ8EPN92WSEG)."},"filename":"/home/runner/work/xet-core/xet-core/xet_client/src/cas_client/retry_wrapper.rs","line_number":237}
{"timestamp":"2026-07-30T10:17:10.749338Z","level":"INFO","fields":{"message":"Received CAS response","request_id":"01KYS8EAPVCTPY1GSZ1HQM95CB","status_code":206},"filename":"/home/runner/work/xet-core/xet-core/xet_client/src/common/http_client.rs","line_number":288}
{"timestamp":"2026-07-30T10:17:10.749351Z","level":"INFO","fields":{"message":"Request Success: s3::get_range api call succeeded (request id 01KYS8EAPVCTPY1GSZ1HQM95CB)."},"filename":"/home/runner/work/xet-core/xet-core/xet_client/src/cas_client/retry_wrapper.rs","line_number":237}
{"timestamp":"2026-07-30T10:17:10.751910Z","level":"INFO","fields":{"message":"Retry strategy","retry":"RetryWrapper { max_attempts: 5, base_delay: 3s, max_duration: 360s, no_retry_on_429: false, retry_on_403: true, expected_416: false, expected_404: false, log_errors_as_info: false, api_tag: \"s3::get_range\", has_connection_permit: true }"},"filename":"/home/runner/work/xet-core/xet-core/xet_client/src/cas_client/retry_wrapper.rs","line_number":274}
{"timestamp":"2026-07-30T10:17:10.755055Z","level":"INFO","fields":{"message":"Retry strategy","retry":"RetryWrapper { max_attempts: 5, base_delay: 3s, max_duration: 360s, no_retry_on_429: false, retry_on_403: true, expected_416: false, expected_404: false, log_errors_as_info: false, api_tag: \"s3::get_range\", has_connection_permit: true }"},"filename":"/home/runner/work/xet-core/xet-core/xet_client/src/cas_client/retry_wrapper.rs","line_number":274}
{"timestamp":"2026-07-30T10:17:10.756506Z","level":"INFO","fields":{"message":"Retry strategy","retry":"RetryWrapper { max_attempts: 5, base_delay: 3s, max_duration: 360s, no_retry_on_429: false, retry_on_403: true, expected_416: false, expected_404: false, log_errors_as_info: false, api_tag: \"s3::get_range\", has_connection_permit: true }"},"filename":"/home/runner/work/xet-core/xet-core/xet_client/src/cas_client/retry_wrapper.rs","line_number":274}
{"timestamp":"2026-07-30T10:17:10.762534Z","level":"INFO","fields":{"message":"Received CAS response","request_id":"01KYS8EAPE8JR9PNXTBV08TEWA","status_code":206},"filename":"/home/runner/work/xet-core/xet-core/xet_client/src/common/http_client.rs","line_number":288}
{"timestamp":"2026-07-30T10:17:10.762559Z","level":"INFO","fields":{"message":"Request Success: s3::get_range api call succeeded (request id 01KYS8EAPE8JR9PNXTBV08TEWA)."},"filename":"/home/runner/work/xet-core/xet-core/xet_client/src/cas_client/retry_wrapper.rs","line_number":237}
{"timestamp":"2026-07-30T10:17:10.773153Z","level":"INFO","fields":{"message":"Retry strategy","retry":"RetryWrapper { max_attempts: 5, base_delay: 3s, max_duration: 360s, no_retry_on_429: false, retry_on_403: true, expected_416: false, expected_404: false, log_errors_as_info: false, api_tag: \"s3::get_range\", has_connection_permit: true }"},"filename":"/home/runner/work/xet-core/xet-core/xet_client/src/cas_client/retry_wrapper.rs","line_number":274}
{"timestamp":"2026-07-30T10:17:10.788459Z","level":"INFO","fields":{"message":"Retry strategy","retry":"RetryWrapper { max_attempts: 5, base_delay: 3s, max_duration: 360s, no_retry_on_429: false, retry_on_403: true, expected_416: false, expected_404: false, log_errors_as_info: false, api_tag: \"s3::get_range\", has_connection_permit: true }"},"filename":"/home/runner/work/xet-core/xet-core/xet_client/src/cas_client/retry_wrapper.rs","line_number":274}
{"timestamp":"2026-07-30T10:17:10.815851Z","level":"INFO","fields":{"message":"Received CAS response","request_id":"01KYS8EAQTY8PT9NWDGD4SSCFK","status_code":206},"filename":"/home/runner/work/xet-core/xet-core/xet_client/src/common/http_client.rs","line_number":288}
{"timestamp":"2026-07-30T10:17:10.815877Z","level":"INFO","fields":{"message":"Request Success: s3::get_range api call succeeded (request id 01KYS8EAQTY8PT9NWDGD4SSCFK)."},"filename":"/home/runner/work/xet-core/xet-core/xet_client/src/cas_client/retry_wrapper.rs","line_number":237}
{"timestamp":"2026-07-30T10:17:10.847003Z","level":"INFO","fields":{"message":"Received CAS response","request_id":"01KYS8EASK3GBGZD7V82YWVYS2","status_code":206},"filename":"/home/runner/work/xet-core/xet-core/xet_client/src/common/http_client.rs","line_number":288}
{"timestamp":"2026-07-30T10:17:10.847028Z","level":"INFO","fields":{"message":"Request Success: s3::get_range api call succeeded (request id 01KYS8EASK3GBGZD7V82YWVYS2)."},"filename":"/home/runner/work/xet-core/xet-core/xet_client/src/cas_client/retry_wrapper.rs","line_number":237}
{"timestamp":"2026-07-30T10:17:10.859963Z","level":"INFO","fields":{"message":"Received CAS response","request_id":"01KYS8EASJG78QCWZDENS9EKZK","status_code":206},"filename":"/home/runner/work/xet-core/xet-core/xet_client/src/common/http_client.rs","line_number":288}
{"timestamp":"2026-07-30T10:17:10.859988Z","level":"INFO","fields":{"message":"Request Success: s3::get_range api call succeeded (request id 01KYS8EASJG78QCWZDENS9EKZK)."},"filename":"/home/runner/work/xet-core/xet-core/xet_client/src/cas_client/retry_wrapper.rs","line_number":237}
{"timestamp":"2026-07-30T10:17:10.866572Z","level":"INFO","fields":{"message":"Retry strategy","retry":"RetryWrapper { max_attempts: 5, base_delay: 3s, max_duration: 360s, no_retry_on_429: false, retry_on_403: true, expected_416: false, expected_404: false, log_errors_as_info: false, api_tag: \"s3::get_range\", has_connection_permit: true }"},"filename":"/home/runner/work/xet-core/xet-core/xet_client/src/cas_client/retry_wrapper.rs","line_number":274}
{"timestamp":"2026-07-30T10:17:10.866795Z","level":"INFO","fields":{"message":"Retry strategy","retry":"RetryWrapper { max_attempts: 5, base_delay: 3s, max_duration: 360s, no_retry_on_429: false, retry_on_403: true, expected_416: false, expected_404: false, log_errors_as_info: false, api_tag: \"s3::get_range\", has_connection_permit: true }"},"filename":"/home/runner/work/xet-core/xet-core/xet_client/src/cas_client/retry_wrapper.rs","line_number":274}
{"timestamp":"2026-07-30T10:17:10.871121Z","level":"INFO","fields":{"message":"Received CAS response","request_id":"01KYS8EATWHMXPD5ZDXRS5TT48","status_code":206},"filename":"/home/runner/work/xet-core/xet-core/xet_client/src/common/http_client.rs","line_number":288}
{"timestamp":"2026-07-30T10:17:10.871155Z","level":"INFO","fields":{"message":"Request Success: s3::get_range api call succeeded (request id 01KYS8EATWHMXPD5ZDXRS5TT48)."},"filename":"/home/runner/work/xet-core/xet-core/xet_client/src/cas_client/retry_wrapper.rs","line_number":237}
{"timestamp":"2026-07-30T10:17:10.872414Z","level":"INFO","fields":{"message":"Received CAS response","request_id":"01KYS8EASKZY858RBG74E473SF","status_code":206},"filename":"/home/runner/work/xet-core/xet-core/xet_client/src/common/http_client.rs","line_number":288}
{"timestamp":"2026-07-30T10:17:10.872431Z","level":"INFO","fields":{"message":"Request Success: s3::get_range api call succeeded (request id 01KYS8EASKZY858RBG74E473SF)."},"filename":"/home/runner/work/xet-core/xet-core/xet_client/src/cas_client/retry_wrapper.rs","line_number":237}
{"timestamp":"2026-07-30T10:17:10.876511Z","level":"INFO","fields":{"message":"Received CAS response","request_id":"01KYS8EATKB5NSMBC2ZXRAVKJ2","status_code":206},"filename":"/home/runner/work/xet-core/xet-core/xet_client/src/common/http_client.rs","line_number":288}
{"timestamp":"2026-07-30T10:17:10.876535Z","level":"INFO","fields":{"message":"Request Success: s3::get_range api call succeeded (request id 01KYS8EATKB5NSMBC2ZXRAVKJ2)."},"filename":"/home/runner/work/xet-core/xet-core/xet_client/src/cas_client/retry_wrapper.rs","line_number":237}
{"timestamp":"2026-07-30T10:17:10.876729Z","level":"INFO","fields":{"message":"Received CAS response","request_id":"01KYS8EAV1TN5KRXMW2NJ85JAT","status_code":206},"filename":"/home/runner/work/xet-core/xet-core/xet_client/src/common/http_client.rs","line_number":288}
{"timestamp":"2026-07-30T10:17:10.876741Z","level":"INFO","fields":{"message":"Request Success: s3::get_range api call succeeded (request id 01KYS8EAV1TN5KRXMW2NJ85JAT)."},"filename":"/home/runner/work/xet-core/xet-core/xet_client/src/cas_client/retry_wrapper.rs","line_number":237}
{"timestamp":"2026-07-30T10:17:10.879333Z","level":"INFO","fields":{"message":"Received CAS response","request_id":"01KYS8EATF2ZGVZXV05YYCN67R","status_code":206},"filename":"/home/runner/work/xet-core/xet-core/xet_client/src/common/http_client.rs","line_number":288}
{"timestamp":"2026-07-30T10:17:10.879371Z","level":"INFO","fields":{"message":"Request Success: s3::get_range api call succeeded (request id 01KYS8EATF2ZGVZXV05YYCN67R)."},"filename":"/home/runner/work/xet-core/xet-core/xet_client/src/cas_client/retry_wrapper.rs","line_number":237}
{"timestamp":"2026-07-30T10:17:10.883984Z","level":"INFO","fields":{"message":"Retry strategy","retry":"RetryWrapper { max_attempts: 5, base_delay: 3s, max_duration: 360s, no_retry_on_429: false, retry_on_403: true, expected_416: false, expected_404: false, log_errors_as_info: false, api_tag: \"s3::get_range\", has_connection_permit: true }"},"filename":"/home/runner/work/xet-core/xet-core/xet_client/src/cas_client/retry_wrapper.rs","line_number":274}
{"timestamp":"2026-07-30T10:17:10.887575Z","level":"INFO","fields":{"message":"Retry strategy","retry":"RetryWrapper { max_attempts: 5, base_delay: 3s, max_duration: 360s, no_retry_on_429: false, retry_on_403: true, expected_416: false, expected_404: false, log_errors_as_info: false, api_tag: \"s3::get_range\", has_connection_permit: true }"},"filename":"/home/runner/work/xet-core/xet-core/xet_client/src/cas_client/retry_wrapper.rs","line_number":274}
{"timestamp":"2026-07-30T10:17:10.893056Z","level":"INFO","fields":{"message":"Received CAS response","request_id":"01KYS8EAVPW8AGBBKHHVD0XYJW","status_code":206},"filename":"/home/runner/work/xet-core/xet-core/xet_client/src/common/http_client.rs","line_number":288}
{"timestamp":"2026-07-30T10:17:10.893082Z","level":"INFO","fields":{"message":"Request Success: s3::get_range api call succeeded (request id 01KYS8EAVPW8AGBBKHHVD0XYJW)."},"filename":"/home/runner/work/xet-core/xet-core/xet_client/src/cas_client/retry_wrapper.rs","line_number":237}
{"timestamp":"2026-07-30T10:17:10.894926Z","level":"INFO","fields":{"message":"Retry strategy","retry":"RetryWrapper { max_attempts: 5, base_delay: 3s, max_duration: 360s, no_retry_on_429: false, retry_on_403: true, expected_416: false, expected_404: false, log_errors_as_info: false, api_tag: \"s3::get_range\", has_connection_permit: true }"},"filename":"/home/runner/work/xet-core/xet-core/xet_client/src/cas_client/retry_wrapper.rs","line_number":274}
{"timestamp":"2026-07-30T10:17:10.901671Z","level":"INFO","fields":{"message":"Retry strategy","retry":"RetryWrapper { max_attempts: 5, base_delay: 3s, max_duration: 360s, no_retry_on_429: false, retry_on_403: true, expected_416: false, expected_404: false, log_errors_as_info: false, api_tag: \"s3::get_range\", has_connection_permit: true }"},"filename":"/home/runner/work/xet-core/xet-core/xet_client/src/cas_client/retry_wrapper.rs","line_number":274}
{"timestamp":"2026-07-30T10:17:10.912392Z","level":"INFO","fields":{"message":"Received CAS response","request_id":"01KYS8EAW6DYNBRSGMYWTR9VEC","status_code":206},"filename":"/home/runner/work/xet-core/xet-core/xet_client/src/common/http_client.rs","line_number":288}
{"timestamp":"2026-07-30T10:17:10.912419Z","level":"INFO","fields":{"message":"Request Success: s3::get_range api call succeeded (request id 01KYS8EAW6DYNBRSGMYWTR9VEC)."},"filename":"/home/runner/work/xet-core/xet-core/xet_client/src/cas_client/retry_wrapper.rs","line_number":237}
{"timestamp":"2026-07-30T10:17:10.915133Z","level":"INFO","fields":{"message":"Received CAS response","request_id":"01KYS8EAV9XDQ8GQXPTGXK5EKS","status_code":206},"filename":"/home/runner/work/xet-core/xet-core/xet_client/src/common/http_client.rs","line_number":288}
{"timestamp":"2026-07-30T10:17:10.915149Z","level":"INFO","fields":{"message":"Request Success: s3::get_range api call succeeded (request id 01KYS8EAV9XDQ8GQXPTGXK5EKS)."},"filename":"/home/runner/work/xet-core/xet-core/xet_client/src/cas_client/retry_wrapper.rs","line_number":237}
{"timestamp":"2026-07-30T10:17:10.918489Z","level":"INFO","fields":{"message":"Received CAS response","request_id":"01KYS8EAVJM49XMEFM0J4GATJC","status_code":206},"filename":"/home/runner/work/xet-core/xet-core/xet_client/src/common/http_client.rs","line_number":288}
{"timestamp":"2026-07-30T10:17:10.918514Z","level":"INFO","fields":{"message":"Request Success: s3::get_range api call succeeded (request id 01KYS8EAVJM49XMEFM0J4GATJC)."},"filename":"/home/runner/work/xet-core/xet-core/xet_client/src/cas_client/retry_wrapper.rs","line_number":237}
{"timestamp":"2026-07-30T10:17:10.927064Z","level":"INFO","fields":{"message":"Retry strategy","retry":"RetryWrapper { max_attempts: 5, base_delay: 3s, max_duration: 360s, no_retry_on_429: false, retry_on_403: true, expected_416: false, expected_404: false, log_errors_as_info: false, api_tag: \"s3::get_range\", has_connection_permit: true }"},"filename":"/home/runner/work/xet-core/xet-core/xet_client/src/cas_client/retry_wrapper.rs","line_number":274}
{"timestamp":"2026-07-30T10:17:10.928302Z","level":"INFO","fields":{"message":"Received CAS response","request_id":"01KYS8EAVNSRQ77JFCXZXNGDT4","status_code":206},"filename":"/home/runner/work/xet-core/xet-core/xet_client/src/common/http_client.rs","line_number":288}
{"timestamp":"2026-07-30T10:17:10.928318Z","level":"INFO","fields":{"message":"Request Success: s3::get_range api call succeeded (request id 01KYS8EAVNSRQ77JFCXZXNGDT4)."},"filename":"/home/runner/work/xet-core/xet-core/xet_client/src/cas_client/retry_wrapper.rs","line_number":237}
{"timestamp":"2026-07-30T10:17:10.935000Z","level":"INFO","fields":{"message":"Received CAS response","request_id":"01KYS8EATJPV5DMT9E4XSSSW8Y","status_code":206},"filename":"/home/runner/work/xet-core/xet-core/xet_client/src/common/http_client.rs","line_number":288}
{"timestamp":"2026-07-30T10:17:10.935026Z","level":"INFO","fields":{"message":"Request Success: s3::get_range api call succeeded (request id 01KYS8EATJPV5DMT9E4XSSSW8Y)."},"filename":"/home/runner/work/xet-core/xet-core/xet_client/src/cas_client/retry_wrapper.rs","line_number":237}
{"timestamp":"2026-07-30T10:17:10.947375Z","level":"INFO","fields":{"message":"Retry strategy","retry":"RetryWrapper { max_attempts: 5, base_delay: 3s, max_duration: 360s, no_retry_on_429: false, retry_on_403: true, expected_416: false, expected_404: false, log_errors_as_info: false, api_tag: \"s3::get_range\", has_connection_permit: true }"},"filename":"/home/runner/work/xet-core/xet-core/xet_client/src/cas_client/retry_wrapper.rs","line_number":274}
{"timestamp":"2026-07-30T10:17:10.957256Z","level":"INFO","fields":{"message":"Retry strategy","retry":"RetryWrapper { max_attempts: 5, base_delay: 3s, max_duration: 360s, no_retry_on_429: false, retry_on_403: true, expected_416: false, expected_404: false, log_errors_as_info: false, api_tag: \"s3::get_range\", has_connection_permit: true }"},"filename":"/home/runner/work/xet-core/xet-core/xet_client/src/cas_client/retry_wrapper.rs","line_number":274}
{"timestamp":"2026-07-30T10:17:10.958010Z","level":"INFO","fields":{"message":"Retry strategy","retry":"RetryWrapper { max_attempts: 5, base_delay: 3s, max_duration: 360s, no_retry_on_429: false, retry_on_403: true, expected_416: false, expected_404: false, log_errors_as_info: false, api_tag: \"s3::get_range\", has_connection_permit: true }"},"filename":"/home/runner/work/xet-core/xet-core/xet_client/src/cas_client/retry_wrapper.rs","line_number":274}
{"timestamp":"2026-07-30T10:17:10.967686Z","level":"INFO","fields":{"message":"Received CAS response","request_id":"01KYS8EAWQ2QW8Z7C7D6K7A320","status_code":206},"filename":"/home/runner/work/xet-core/xet-core/xet_client/src/common/http_client.rs","line_number":288}
{"timestamp":"2026-07-30T10:17:10.967699Z","level":"INFO","fields":{"message":"Request Success: s3::get_range api call succeeded (request id 01KYS8EAWQ2QW8Z7C7D6K7A320)."},"filename":"/home/runner/work/xet-core/xet-core/xet_client/src/cas_client/retry_wrapper.rs","line_number":237}
{"timestamp":"2026-07-30T10:17:10.973677Z","level":"INFO","fields":{"message":"Retry strategy","retry":"RetryWrapper { max_attempts: 5, base_delay: 3s, max_duration: 360s, no_retry_on_429: false, retry_on_403: true, expected_416: false, expected_404: false, log_errors_as_info: false, api_tag: \"s3::get_range\", has_connection_permit: true }"},"filename":"/home/runner/work/xet-core/xet-core/xet_client/src/cas_client/retry_wrapper.rs","line_number":274}
{"timestamp":"2026-07-30T10:17:10.975162Z","level":"INFO","fields":{"message":"Retry strategy","retry":"RetryWrapper { max_attempts: 5, base_delay: 3s, max_duration: 360s, no_retry_on_429: false, retry_on_403: true, expected_416: false, expected_404: false, log_errors_as_info: false, api_tag: \"s3::get_range\", has_connection_permit: true }"},"filename":"/home/runner/work/xet-core/xet-core/xet_client/src/cas_client/retry_wrapper.rs","line_number":274}
{"timestamp":"2026-07-30T10:17:10.977949Z","level":"INFO","fields":{"message":"Retry strategy","retry":"RetryWrapper { max_attempts: 5, base_delay: 3s, max_duration: 360s, no_retry_on_429: false, retry_on_403: true, expected_416: false, expected_404: false, log_errors_as_info: false, api_tag: \"s3::get_range\", has_connection_permit: true }"},"filename":"/home/runner/work/xet-core/xet-core/xet_client/src/cas_client/retry_wrapper.rs","line_number":274}
{"timestamp":"2026-07-30T10:17:10.996535Z","level":"INFO","fields":{"message":"Retry strategy","retry":"RetryWrapper { max_attempts: 5, base_delay: 3s, max_duration: 360s, no_retry_on_429: false, retry_on_403: true, expected_416: false, expected_404: false, log_errors_as_info: false, api_tag: \"s3::get_range\", has_connection_permit: true }"},"filename":"/home/runner/work/xet-core/xet-core/xet_client/src/cas_client/retry_wrapper.rs","line_number":274}
{"timestamp":"2026-07-30T10:17:11.008404Z","level":"INFO","fields":{"message":"Received CAS response","request_id":"01KYS8EAZ8E1010H6GKZMMQ1TK","status_code":206},"filename":"/home/runner/work/xet-core/xet-core/xet_client/src/common/http_client.rs","line_number":288}
{"timestamp":"2026-07-30T10:17:11.008424Z","level":"INFO","fields":{"message":"Request Success: s3::get_range api call succeeded (request id 01KYS8EAZ8E1010H6GKZMMQ1TK)."},"filename":"/home/runner/work/xet-core/xet-core/xet_client/src/cas_client/retry_wrapper.rs","line_number":237}
{"timestamp":"2026-07-30T10:17:11.014251Z","level":"INFO","fields":{"message":"Received CAS response","request_id":"01KYS8EAZ35CQCC0E9P6A9A5AQ","status_code":206},"filename":"/home/runner/work/xet-core/xet-core/xet_client/src/common/http_client.rs","line_number":288}
{"timestamp":"2026-07-30T10:17:11.014263Z","level":"INFO","fields":{"message":"Request Success: s3::get_range api call succeeded (request id 01KYS8EAZ35CQCC0E9P6A9A5AQ)."},"filename":"/home/runner/work/xet-core/xet-core/xet_client/src/cas_client/retry_wrapper.rs","line_number":237}
{"timestamp":"2026-07-30T10:17:11.030197Z","level":"INFO","fields":{"message":"Retry strategy","retry":"RetryWrapper { max_attempts: 5, base_delay: 3s, max_duration: 360s, no_retry_on_429: false, retry_on_403: true, expected_416: false, expected_404: false, log_errors_as_info: false, api_tag: \"s3::get_range\", has_connection_permit: true }"},"filename":"/home/runner/work/xet-core/xet-core/xet_client/src/cas_client/retry_wrapper.rs","line_number":274}
{"timestamp":"2026-07-30T10:17:11.030846Z","level":"INFO","fields":{"message":"Retry strategy","retry":"RetryWrapper { max_attempts: 5, base_delay: 3s, max_duration: 360s, no_retry_on_429: false, retry_on_403: true, expected_416: false, expected_404: false, log_errors_as_info: false, api_tag: \"s3::get_range\", has_connection_permit: true }"},"filename":"/home/runner/work/xet-core/xet-core/xet_client/src/cas_client/retry_wrapper.rs","line_number":274}
{"timestamp":"2026-07-30T10:17:11.038754Z","level":"INFO","fields":{"message":"Received CAS response","request_id":"01KYS8EB08D55VRGMRDJWZ2KHM","status_code":206},"filename":"/home/runner/work/xet-core/xet-core/xet_client/src/common/http_client.rs","line_number":288}
{"timestamp":"2026-07-30T10:17:11.038773Z","level":"INFO","fields":{"message":"Request Success: s3::get_range api call succeeded (request id 01KYS8EB08D55VRGMRDJWZ2KHM)."},"filename":"/home/runner/work/xet-core/xet-core/xet_client/src/cas_client/retry_wrapper.rs","line_number":237}
{"timestamp":"2026-07-30T10:17:11.043825Z","level":"INFO","fields":{"message":"Retry strategy","retry":"RetryWrapper { max_attempts: 5, base_delay: 3s, max_duration: 360s, no_retry_on_429: false, retry_on_403: true, expected_416: false, expected_404: false, log_errors_as_info: false, api_tag: \"s3::get_range\", has_connection_permit: true }"},"filename":"/home/runner/work/xet-core/xet-core/xet_client/src/cas_client/retry_wrapper.rs","line_number":274}
{"timestamp":"2026-07-30T10:17:11.048353Z","level":"INFO","fields":{"message":"Received CAS response","request_id":"01KYS8EB02W63HK911NHF8M7R7","status_code":206},"filename":"/home/runner/work/xet-core/xet-core/xet_client/src/common/http_client.rs","line_number":288}
{"timestamp":"2026-07-30T10:17:11.048366Z","level":"INFO","fields":{"message":"Request Success: s3::get_range api call succeeded (request id 01KYS8EB02W63HK911NHF8M7R7)."},"filename":"/home/runner/work/xet-core/xet-core/xet_client/src/cas_client/retry_wrapper.rs","line_number":237}
{"timestamp":"2026-07-30T10:17:11.048448Z","level":"INFO","fields":{"message":"Retry strategy","retry":"RetryWrapper { max_attempts: 5, base_delay: 3s, max_duration: 360s, no_retry_on_429: false, retry_on_403: true, expected_416: false, expected_404: false, log_errors_as_info: false, api_tag: \"s3::get_range\", has_connection_permit: true }"},"filename":"/home/runner/work/xet-core/xet-core/xet_client/src/cas_client/retry_wrapper.rs","line_number":274}
{"timestamp":"2026-07-30T10:17:11.050925Z","level":"INFO","fields":{"message":"Received CAS response","request_id":"01KYS8EAZNY74XF2TC4ANE1WG5","status_code":206},"filename":"/home/runner/work/xet-core/xet-core/xet_client/src/common/http_client.rs","line_number":288}
{"timestamp":"2026-07-30T10:17:11.050936Z","level":"INFO","fields":{"message":"Request Success: s3::get_range api call succeeded (request id 01KYS8EAZNY74XF2TC4ANE1WG5)."},"filename":"/home/runner/work/xet-core/xet-core/xet_client/src/cas_client/retry_wrapper.rs","line_number":237}
{"timestamp":"2026-07-30T10:17:11.074781Z","level":"INFO","fields":{"message":"Received CAS response","request_id":"01KYS8EAZRJES8NBBR0XSV2Z4C","status_code":206},"filename":"/home/runner/work/xet-core/xet-core/xet_client/src/common/http_client.rs","line_number":288}
{"timestamp":"2026-07-30T10:17:11.074803Z","level":"INFO","fields":{"message":"Request Success: s3::get_range api call succeeded (request id 01KYS8EAZRJES8NBBR0XSV2Z4C)."},"filename":"/home/runner/work/xet-core/xet-core/xet_client/src/cas_client/retry_wrapper.rs","line_number":237}
{"timestamp":"2026-07-30T10:17:11.076220Z","level":"INFO","fields":{"message":"Retry strategy","retry":"RetryWrapper { max_attempts: 5, base_delay: 3s, max_duration: 360s, no_retry_on_429: false, retry_on_403: true, expected_416: false, expected_404: false, log_errors_as_info: false, api_tag: \"s3::get_range\", has_connection_permit: true }"},"filename":"/home/runner/work/xet-core/xet-core/xet_client/src/cas_client/retry_wrapper.rs","line_number":274}
{"timestamp":"2026-07-30T10:17:11.082823Z","level":"INFO","fields":{"message":"Retry strategy","retry":"RetryWrapper { max_attempts: 5, base_delay: 3s, max_duration: 360s, no_retry_on_429: false, retry_on_403: true, expected_416: false, expected_404: false, log_errors_as_info: false, api_tag: \"s3::get_range\", has_connection_permit: true }"},"filename":"/home/runner/work/xet-core/xet-core/xet_client/src/cas_client/retry_wrapper.rs","line_number":274}
{"timestamp":"2026-07-30T10:17:11.083171Z","level":"INFO","fields":{"message":"Retry strategy","retry":"RetryWrapper { max_attempts: 5, base_delay: 3s, max_duration: 360s, no_retry_on_429: false, retry_on_403: true, expected_416: false, expected_404: false, log_errors_as_info: false, api_tag: \"s3::get_range\", has_connection_permit: true }"},"filename":"/home/runner/work/xet-core/xet-core/xet_client/src/cas_client/retry_wrapper.rs","line_number":274}
{"timestamp":"2026-07-30T10:17:11.085575Z","level":"INFO","fields":{"message":"Retry strategy","retry":"RetryWrapper { max_attempts: 5, base_delay: 3s, max_duration: 360s, no_retry_on_429: false, retry_on_403: true, expected_416: false, expected_404: false, log_errors_as_info: false, api_tag: \"s3::get_range\", has_connection_permit: true }"},"filename":"/home/runner/work/xet-core/xet-core/xet_client/src/cas_client/retry_wrapper.rs","line_number":274}
{"timestamp":"2026-07-30T10:17:11.095967Z","level":"INFO","fields":{"message":"Received CAS response","request_id":"01KYS8EB1MTDNJ063CSW0Q341M","status_code":206},"filename":"/home/runner/work/xet-core/xet-core/xet_client/src/common/http_client.rs","line_number":288}
{"timestamp":"2026-07-30T10:17:11.095984Z","level":"INFO","fields":{"message":"Request Success: s3::get_range api call succeeded (request id 01KYS8EB1MTDNJ063CSW0Q341M)."},"filename":"/home/runner/work/xet-core/xet-core/xet_client/src/cas_client/retry_wrapper.rs","line_number":237}
{"timestamp":"2026-07-30T10:17:11.099053Z","level":"INFO","fields":{"message":"Received CAS response","request_id":"01KYS8EB1319SPM0W9Z04G0V90","status_code":206},"filename":"/home/runner/work/xet-core/xet-core/xet_client/src/common/http_client.rs","line_number":288}
{"timestamp":"2026-07-30T10:17:11.099065Z","level":"INFO","fields":{"message":"Request Success: s3::get_range api call succeeded (request id 01KYS8EB1319SPM0W9Z04G0V90)."},"filename":"/home/runner/work/xet-core/xet-core/xet_client/src/cas_client/retry_wrapper.rs","line_number":237}
{"timestamp":"2026-07-30T10:17:11.110088Z","level":"INFO","fields":{"message":"Received CAS response","request_id":"01KYS8EB20GXX68R5BASQMS8VH","status_code":206},"filename":"/home/runner/work/xet-core/xet-core/xet_client/src/common/http_client.rs","line_number":288}
{"timestamp":"2026-07-30T10:17:11.110111Z","level":"INFO","fields":{"message":"Request Success: s3::get_range api call succeeded (request id 01KYS8EB20GXX68R5BASQMS8VH)."},"filename":"/home/runner/work/xet-core/xet-core/xet_client/src/cas_client/retry_wrapper.rs","line_number":237}
{"timestamp":"2026-07-30T10:17:11.113158Z","level":"INFO","fields":{"message":"Received CAS response","request_id":"01KYS8EB2K2NN47A95NPW7F94C","status_code":206},"filename":"/home/runner/work/xet-core/xet-core/xet_client/src/common/http_client.rs","line_number":288}
{"timestamp":"2026-07-30T10:17:11.113174Z","level":"INFO","fields":{"message":"Request Success: s3::get_range api call succeeded (request id 01KYS8EB2K2NN47A95NPW7F94C)."},"filename":"/home/runner/work/xet-core/xet-core/xet_client/src/cas_client/retry_wrapper.rs","line_number":237}
{"timestamp":"2026-07-30T10:17:11.119355Z","level":"INFO","fields":{"message":"Received CAS response","request_id":"01KYS8EB2HJ9Z6DEQA7QJ3H3KW","status_code":206},"filename":"/home/runner/work/xet-core/xet-core/xet_client/src/common/http_client.rs","line_number":288}
{"timestamp":"2026-07-30T10:17:11.119371Z","level":"INFO","fields":{"message":"Request Success: s3::get_range api call succeeded (request id 01KYS8EB2HJ9Z6DEQA7QJ3H3KW)."},"filename":"/home/runner/work/xet-core/xet-core/xet_client/src/cas_client/retry_wrapper.rs","line_number":237}
{"timestamp":"2026-07-30T10:17:11.120474Z","level":"INFO","fields":{"message":"Retry strategy","retry":"RetryWrapper { max_attempts: 5, base_delay: 3s, max_duration: 360s, no_retry_on_429: false, retry_on_403: true, expected_416: false, expected_404: false, log_errors_as_info: false, api_tag: \"s3::get_range\", has_connection_permit: true }"},"filename":"/home/runner/work/xet-core/xet-core/xet_client/src/cas_client/retry_wrapper.rs","line_number":274}
{"timestamp":"2026-07-30T10:17:11.123614Z","level":"INFO","fields":{"message":"Received CAS response","request_id":"01KYS8EB2E64XCZ48THN3HSHKQ","status_code":206},"filename":"/home/runner/work/xet-core/xet-core/xet_client/src/common/http_client.rs","line_number":288}
{"timestamp":"2026-07-30T10:17:11.123643Z","level":"INFO","fields":{"message":"Request Success: s3::get_range api call succeeded (request id 01KYS8EB2E64XCZ48THN3HSHKQ)."},"filename":"/home/runner/work/xet-core/xet-core/xet_client/src/cas_client/retry_wrapper.rs","line_number":237}
{"timestamp":"2026-07-30T10:17:11.132105Z","level":"INFO","fields":{"message":"Retry strategy","retry":"RetryWrapper { max_attempts: 5, base_delay: 3s, max_duration: 360s, no_retry_on_429: false, retry_on_403: true, expected_416: false, expected_404: false, log_errors_as_info: false, api_tag: \"s3::get_range\", has_connection_permit: true }"},"filename":"/home/runner/work/xet-core/xet-core/xet_client/src/cas_client/retry_wrapper.rs","line_number":274}
{"timestamp":"2026-07-30T10:17:11.141483Z","level":"INFO","fields":{"message":"Retry strategy","retry":"RetryWrapper { max_attempts: 5, base_delay: 3s, max_duration: 360s, no_retry_on_429: false, retry_on_403: true, expected_416: false, expected_404: false, log_errors_as_info: false, api_tag: \"s3::get_range\", has_connection_permit: true }"},"filename":"/home/runner/work/xet-core/xet-core/xet_client/src/cas_client/retry_wrapper.rs","line_number":274}
{"timestamp":"2026-07-30T10:17:11.142106Z","level":"INFO","fields":{"message":"Retry strategy","retry":"RetryWrapper { max_attempts: 5, base_delay: 3s, max_duration: 360s, no_retry_on_429: false, retry_on_403: true, expected_416: false, expected_404: false, log_errors_as_info: false, api_tag: \"s3::get_range\", has_connection_permit: true }"},"filename":"/home/runner/work/xet-core/xet-core/xet_client/src/cas_client/retry_wrapper.rs","line_number":274}
{"timestamp":"2026-07-30T10:17:11.145857Z","level":"INFO","fields":{"message":"Received CAS response","request_id":"01KYS8EB1YTXZBYCDHNRQHFY3M","status_code":206},"filename":"/home/runner/work/xet-core/xet-core/xet_client/src/common/http_client.rs","line_number":288}
{"timestamp":"2026-07-30T10:17:11.145875Z","level":"INFO","fields":{"message":"Request Success: s3::get_range api call succeeded (request id 01KYS8EB1YTXZBYCDHNRQHFY3M)."},"filename":"/home/runner/work/xet-core/xet-core/xet_client/src/cas_client/retry_wrapper.rs","line_number":237}
{"timestamp":"2026-07-30T10:17:11.150398Z","level":"INFO","fields":{"message":"Retry strategy","retry":"RetryWrapper { max_attempts: 5, base_delay: 3s, max_duration: 360s, no_retry_on_429: false, retry_on_403: true, expected_416: false, expected_404: false, log_errors_as_info: false, api_tag: \"s3::get_range\", has_connection_permit: true }"},"filename":"/home/runner/work/xet-core/xet-core/xet_client/src/cas_client/retry_wrapper.rs","line_number":274}
{"timestamp":"2026-07-30T10:17:11.159462Z","level":"INFO","fields":{"message":"Retry strategy","retry":"RetryWrapper { max_attempts: 5, base_delay: 3s, max_duration: 360s, no_retry_on_429: false, retry_on_403: true, expected_416: false, expected_404: false, log_errors_as_info: false, api_tag: \"s3::get_range\", has_connection_permit: true }"},"filename":"/home/runner/work/xet-core/xet-core/xet_client/src/cas_client/retry_wrapper.rs","line_number":274}
{"timestamp":"2026-07-30T10:17:11.162742Z","level":"INFO","fields":{"message":"Retry strategy","retry":"RetryWrapper { max_attempts: 5, base_delay: 3s, max_duration: 360s, no_retry_on_429: false, retry_on_403: true, expected_416: false, expected_404: false, log_errors_as_info: false, api_tag: \"s3::get_range\", has_connection_permit: true }"},"filename":"/home/runner/work/xet-core/xet-core/xet_client/src/cas_client/retry_wrapper.rs","line_number":274}
{"timestamp":"2026-07-30T10:17:11.163671Z","level":"INFO","fields":{"message":"Received CAS response","request_id":"01KYS8EB3AAPGC6JJHQ52GB4X5","status_code":206},"filename":"/home/runner/work/xet-core/xet-core/xet_client/src/common/http_client.rs","line_number":288}
{"timestamp":"2026-07-30T10:17:11.163693Z","level":"INFO","fields":{"message":"Request Success: s3::get_range api call succeeded (request id 01KYS8EB3AAPGC6JJHQ52GB4X5)."},"filename":"/home/runner/work/xet-core/xet-core/xet_client/src/cas_client/retry_wrapper.rs","line_number":237}
{"timestamp":"2026-07-30T10:17:11.172358Z","level":"INFO","fields":{"message":"File reconstruction completed successfully","file_hash":"0bfb833809c578440f52260036425f41a023b2f00301e9d5d904e9968be1d5f2","block_count":1,"total_terms_processed":689,"total_bytes_scheduled":207592288},"filename":"/home/runner/work/xet-core/xet-core/xet_data/src/file_reconstruction/run_state.rs","line_number":150}
{"timestamp":"2026-07-30T10:17:11.180118Z","level":"INFO","fields":{"message":"Retry strategy","retry":"RetryWrapper { max_attempts: 5, base_delay: 3s, max_duration: 360s, no_retry_on_429: false, retry_on_403: true, expected_416: false, expected_404: false, log_errors_as_info: false, api_tag: \"s3::get_range\", has_connection_permit: true }"},"filename":"/home/runner/work/xet-core/xet-core/xet_client/src/cas_client/retry_wrapper.rs","line_number":274}
{"timestamp":"2026-07-30T10:17:11.180437Z","level":"INFO","fields":{"message":"Received CAS response","request_id":"01KYS8EB4NK9WBSD7YVBNPQGCC","status_code":206},"filename":"/home/runner/work/xet-core/xet-core/xet_client/src/common/http_client.rs","line_number":288}
{"timestamp":"2026-07-30T10:17:11.180451Z","level":"INFO","fields":{"message":"Request Success: s3::get_range api call succeeded (request id 01KYS8EB4NK9WBSD7YVBNPQGCC)."},"filename":"/home/runner/work/xet-core/xet-core/xet_client/src/cas_client/retry_wrapper.rs","line_number":237}
{"timestamp":"2026-07-30T10:17:11.188293Z","level":"INFO","fields":{"message":"Received CAS response","request_id":"01KYS8EB48ZRDA5P1R25PQV9JQ","status_code":206},"filename":"/home/runner/work/xet-core/xet-core/xet_client/src/common/http_client.rs","line_number":288}
{"timestamp":"2026-07-30T10:17:11.188316Z","level":"INFO","fields":{"message":"Request Success: s3::get_range api call succeeded (request id 01KYS8EB48ZRDA5P1R25PQV9JQ)."},"filename":"/home/runner/work/xet-core/xet-core/xet_client/src/cas_client/retry_wrapper.rs","line_number":237}
{"timestamp":"2026-07-30T10:17:11.189435Z","level":"INFO","fields":{"message":"Retry strategy","retry":"RetryWrapper { max_attempts: 5, base_delay: 3s, max_duration: 360s, no_retry_on_429: false, retry_on_403: true, expected_416: false, expected_404: false, log_errors_as_info: false, api_tag: \"s3::get_range\", has_connection_permit: true }"},"filename":"/home/runner/work/xet-core/xet-core/xet_client/src/cas_client/retry_wrapper.rs","line_number":274}
{"timestamp":"2026-07-30T10:17:11.192960Z","level":"INFO","fields":{"message":"Retry strategy","retry":"RetryWrapper { max_attempts: 5, base_delay: 3s, max_duration: 360s, no_retry_on_429: false, retry_on_403: true, expected_416: false, expected_404: false, log_errors_as_info: false, api_tag: \"s3::get_range\", has_connection_permit: true }"},"filename":"/home/runner/work/xet-core/xet-core/xet_client/src/cas_client/retry_wrapper.rs","line_number":274}
{"timestamp":"2026-07-30T10:17:11.196726Z","level":"INFO","fields":{"message":"Received CAS response","request_id":"01KYS8EB4950EABXRD14382BC7","status_code":206},"filename":"/home/runner/work/xet-core/xet-core/xet_client/src/common/http_client.rs","line_number":288}
{"timestamp":"2026-07-30T10:17:11.196738Z","level":"INFO","fields":{"message":"Request Success: s3::get_range api call succeeded (request id 01KYS8EB4950EABXRD14382BC7)."},"filename":"/home/runner/work/xet-core/xet-core/xet_client/src/cas_client/retry_wrapper.rs","line_number":237}
{"timestamp":"2026-07-30T10:17:11.201116Z","level":"INFO","fields":{"message":"Retry strategy","retry":"RetryWrapper { max_attempts: 5, base_delay: 3s, max_duration: 360s, no_retry_on_429: false, retry_on_403: true, expected_416: false, expected_404: false, log_errors_as_info: false, api_tag: \"s3::get_range\", has_connection_permit: true }"},"filename":"/home/runner/work/xet-core/xet-core/xet_client/src/cas_client/retry_wrapper.rs","line_number":274}
{"timestamp":"2026-07-30T10:17:11.201831Z","level":"INFO","fields":{"message":"Retry strategy","retry":"RetryWrapper { max_attempts: 5, base_delay: 3s, max_duration: 360s, no_retry_on_429: false, retry_on_403: true, expected_416: false, expected_404: false, log_errors_as_info: false, api_tag: \"s3::get_range\", has_connection_permit: true }"},"filename":"/home/runner/work/xet-core/xet-core/xet_client/src/cas_client/retry_wrapper.rs","line_number":274}
{"timestamp":"2026-07-30T10:17:11.201996Z","level":"INFO","fields":{"message":"Received CAS response","request_id":"01KYS8EB4YE1599W6H37D7B806","status_code":206},"filename":"/home/runner/work/xet-core/xet-core/xet_client/src/common/http_client.rs","line_number":288}
{"timestamp":"2026-07-30T10:17:11.202020Z","level":"INFO","fields":{"message":"Request Success: s3::get_range api call succeeded (request id 01KYS8EB4YE1599W6H37D7B806)."},"filename":"/home/runner/work/xet-core/xet-core/xet_client/src/cas_client/retry_wrapper.rs","line_number":237}
{"timestamp":"2026-07-30T10:17:11.207852Z","level":"INFO","fields":{"message":"Retry strategy","retry":"RetryWrapper { max_attempts: 5, base_delay: 3s, max_duration: 360s, no_retry_on_429: false, retry_on_403: true, expected_416: false, expected_404: false, log_errors_as_info: false, api_tag: \"s3::get_range\", has_connection_permit: true }"},"filename":"/home/runner/work/xet-core/xet-core/xet_client/src/cas_client/retry_wrapper.rs","line_number":274}
{"timestamp":"2026-07-30T10:17:11.238027Z","level":"INFO","fields":{"message":"Log Directory Cleanup: found 461.790kB of logs in 2 log files, with 0B in 0 files eligible for deletion."},"filename":"/home/runner/work/xet-core/xet-core/xet_runtime/src/logging/init.rs","line_number":331}
{"timestamp":"2026-07-30T10:17:11.238058Z","level":"INFO","fields":{"message":"Log Directory Cleanup: deleted 0B in 0 files"},"filename":"/home/runner/work/xet-core/xet-core/xet_runtime/src/logging/init.rs","line_number":395}
{"timestamp":"2026-07-30T10:17:11.243813Z","level":"INFO","fields":{"message":"Received CAS response","request_id":"01KYS8EB60MD7XZ3HB1XY775N8","status_code":206},"filename":"/home/runner/work/xet-core/xet-core/xet_client/src/common/http_client.rs","line_number":288}
{"timestamp":"2026-07-30T10:17:11.243849Z","level":"INFO","fields":{"message":"Request Success: s3::get_range api call succeeded (request id 01KYS8EB60MD7XZ3HB1XY775N8)."},"filename":"/home/runner/work/xet-core/xet-core/xet_client/src/cas_client/retry_wrapper.rs","line_number":237}
{"timestamp":"2026-07-30T10:17:11.243891Z","level":"INFO","fields":{"message":"Concurrency control for download: Increased concurrency from 18 to 19; reason: success ratio 1.000 is above threshold 0.800 and predicted RTT for 2MB at new concurrency is 0.33s < target 60.0s"},"filename":"/home/runner/work/xet-core/xet-core/xet_client/src/cas_client/adaptive_concurrency/controller.rs","line_number":548}
{"timestamp":"2026-07-30T10:17:11.243919Z","level":"INFO","fields":{"message":"Retry strategy","retry":"RetryWrapper { max_attempts: 5, base_delay: 3s, max_duration: 360s, no_retry_on_429: false, retry_on_403: true, expected_416: false, expected_404: false, log_errors_as_info: false, api_tag: \"s3::get_range\", has_connection_permit: true }"},"filename":"/home/runner/work/xet-core/xet-core/xet_client/src/cas_client/retry_wrapper.rs","line_number":274}
{"timestamp":"2026-07-30T10:17:11.248436Z","level":"INFO","fields":{"message":"Received CAS response","request_id":"01KYS8EB5YJC2FET1KSBRCDVG3","status_code":206},"filename":"/home/runner/work/xet-core/xet-core/xet_client/src/common/http_client.rs","line_number":288}
{"timestamp":"2026-07-30T10:17:11.248459Z","level":"INFO","fields":{"message":"Request Success: s3::get_range api call succeeded (request id 01KYS8EB5YJC2FET1KSBRCDVG3)."},"filename":"/home/runner/work/xet-core/xet-core/xet_client/src/cas_client/retry_wrapper.rs","line_number":237}
{"timestamp":"2026-07-30T10:17:11.251580Z","level":"INFO","fields":{"message":"Retry strategy","retry":"RetryWrapper { max_attempts: 5, base_delay: 3s, max_duration: 360s, no_retry_on_429: false, retry_on_403: true, expected_416: false, expected_404: false, log_errors_as_info: false, api_tag: \"s3::get_range\", has_connection_permit: true }"},"filename":"/home/runner/work/xet-core/xet-core/xet_client/src/cas_client/retry_wrapper.rs","line_number":274}
{"timestamp":"2026-07-30T10:17:11.253994Z","level":"INFO","fields":{"message":"Retry strategy","retry":"RetryWrapper { max_attempts: 5, base_delay: 3s, max_duration: 360s, no_retry_on_429: false, retry_on_403: true, expected_416: false, expected_404: false, log_errors_as_info: false, api_tag: \"s3::get_range\", has_connection_permit: true }"},"filename":"/home/runner/work/xet-core/xet-core/xet_client/src/cas_client/retry_wrapper.rs","line_number":274}
{"timestamp":"2026-07-30T10:17:11.255128Z","level":"INFO","fields":{"message":"Received CAS response","request_id":"01KYS8EB5YXWFWNM8Y91W2416F","status_code":206},"filename":"/home/runner/work/xet-core/xet-core/xet_client/src/common/http_client.rs","line_number":288}
{"timestamp":"2026-07-30T10:17:11.255149Z","level":"INFO","fields":{"message":"Request Success: s3::get_range api call succeeded (request id 01KYS8EB5YXWFWNM8Y91W2416F)."},"filename":"/home/runner/work/xet-core/xet-core/xet_client/src/cas_client/retry_wrapper.rs","line_number":237}
{"timestamp":"2026-07-30T10:17:11.261733Z","level":"INFO","fields":{"message":"Received CAS response","request_id":"01KYS8EB71HGXJD8S0QW4GKJ29","status_code":206},"filename":"/home/runner/work/xet-core/xet-core/xet_client/src/common/http_client.rs","line_number":288}
{"timestamp":"2026-07-30T10:17:11.261746Z","level":"INFO","fields":{"message":"Request Success: s3::get_range api call succeeded (request id 01KYS8EB71HGXJD8S0QW4GKJ29)."},"filename":"/home/runner/work/xet-core/xet-core/xet_client/src/cas_client/retry_wrapper.rs","line_number":237}
{"timestamp":"2026-07-30T10:17:11.262653Z","level":"INFO","fields":{"message":"Received CAS response","request_id":"01KYS8EB5P3MASNMPCQRTKJXQN","status_code":206},"filename":"/home/runner/work/xet-core/xet-core/xet_client/src/common/http_client.rs","line_number":288}
{"timestamp":"2026-07-30T10:17:11.262668Z","level":"INFO","fields":{"message":"Request Success: s3::get_range api call succeeded (request id 01KYS8EB5P3MASNMPCQRTKJXQN)."},"filename":"/home/runner/work/xet-core/xet-core/xet_client/src/cas_client/retry_wrapper.rs","line_number":237}
{"timestamp":"2026-07-30T10:17:11.280956Z","level":"INFO","fields":{"message":"Retry strategy","retry":"RetryWrapper { max_attempts: 5, base_delay: 3s, max_duration: 360s, no_retry_on_429: false, retry_on_403: true, expected_416: false, expected_404: false, log_errors_as_info: false, api_tag: \"s3::get_range\", has_connection_permit: true }"},"filename":"/home/runner/work/xet-core/xet-core/xet_client/src/cas_client/retry_wrapper.rs","line_number":274}
{"timestamp":"2026-07-30T10:17:11.283384Z","level":"INFO","fields":{"message":"Received CAS response","request_id":"01KYS8EB7CHFDC2WH9AW7GABNW","status_code":206},"filename":"/home/runner/work/xet-core/xet-core/xet_client/src/common/http_client.rs","line_number":288}
{"timestamp":"2026-07-30T10:17:11.283410Z","level":"INFO","fields":{"message":"Request Success: s3::get_range api call succeeded (request id 01KYS8EB7CHFDC2WH9AW7GABNW)."},"filename":"/home/runner/work/xet-core/xet-core/xet_client/src/cas_client/retry_wrapper.rs","line_number":237}
{"timestamp":"2026-07-30T10:17:11.295599Z","level":"INFO","fields":{"message":"Received CAS response","request_id":"01KYS8EB7Q0EEH4NW6K62E08VH","status_code":206},"filename":"/home/runner/work/xet-core/xet-core/xet_client/src/common/http_client.rs","line_number":288}
{"timestamp":"2026-07-30T10:17:11.295620Z","level":"INFO","fields":{"message":"Request Success: s3::get_range api call succeeded (request id 01KYS8EB7Q0EEH4NW6K62E08VH)."},"filename":"/home/runner/work/xet-core/xet-core/xet_client/src/cas_client/retry_wrapper.rs","line_number":237}
{"timestamp":"2026-07-30T10:17:11.305429Z","level":"INFO","fields":{"message":"Retry strategy","retry":"RetryWrapper { max_attempts: 5, base_delay: 3s, max_duration: 360s, no_retry_on_429: false, retry_on_403: true, expected_416: false, expected_404: false, log_errors_as_info: false, api_tag: \"s3::get_range\", has_connection_permit: true }"},"filename":"/home/runner/work/xet-core/xet-core/xet_client/src/cas_client/retry_wrapper.rs","line_number":274}
{"timestamp":"2026-07-30T10:17:11.309254Z","level":"INFO","fields":{"message":"Received CAS response","request_id":"01KYS8EB7PYS4VZCCSA00JE0EE","status_code":206},"filename":"/home/runner/work/xet-core/xet-core/xet_client/src/common/http_client.rs","line_number":288}
{"timestamp":"2026-07-30T10:17:11.309273Z","level":"INFO","fields":{"message":"Request Success: s3::get_range api call succeeded (request id 01KYS8EB7PYS4VZCCSA00JE0EE)."},"filename":"/home/runner/work/xet-core/xet-core/xet_client/src/cas_client/retry_wrapper.rs","line_number":237}
{"timestamp":"2026-07-30T10:17:11.311707Z","level":"INFO","fields":{"message":"Retry strategy","retry":"RetryWrapper { max_attempts: 5, base_delay: 3s, max_duration: 360s, no_retry_on_429: false, retry_on_403: true, expected_416: false, expected_404: false, log_errors_as_info: false, api_tag: \"s3::get_range\", has_connection_permit: true }"},"filename":"/home/runner/work/xet-core/xet-core/xet_client/src/cas_client/retry_wrapper.rs","line_number":274}
{"timestamp":"2026-07-30T10:17:11.312088Z","level":"INFO","fields":{"message":"Received CAS response","request_id":"01KYS8EB8CSEMQ8JQ7S5BJGBM7","status_code":206},"filename":"/home/runner/work/xet-core/xet-core/xet_client/src/common/http_client.rs","line_number":288}
{"timestamp":"2026-07-30T10:17:11.312107Z","level":"INFO","fields":{"message":"Request Success: s3::get_range api call succeeded (request id 01KYS8EB8CSEMQ8JQ7S5BJGBM7)."},"filename":"/home/runner/work/xet-core/xet-core/xet_client/src/cas_client/retry_wrapper.rs","line_number":237}
{"timestamp":"2026-07-30T10:17:11.312257Z","level":"INFO","fields":{"message":"Received CAS response","request_id":"01KYS8EB7Z8BTYZX5VPWA0NGB2","status_code":206},"filename":"/home/runner/work/xet-core/xet-core/xet_client/src/common/http_client.rs","line_number":288}
{"timestamp":"2026-07-30T10:17:11.312270Z","level":"INFO","fields":{"message":"Request Success: s3::get_range api call succeeded (request id 01KYS8EB7Z8BTYZX5VPWA0NGB2)."},"filename":"/home/runner/work/xet-core/xet-core/xet_client/src/cas_client/retry_wrapper.rs","line_number":237}
{"timestamp":"2026-07-30T10:17:11.312831Z","level":"INFO","fields":{"message":"Retry strategy","retry":"RetryWrapper { max_attempts: 5, base_delay: 3s, max_duration: 360s, no_retry_on_429: false, retry_on_403: true, expected_416: false, expected_404: false, log_errors_as_info: false, api_tag: \"s3::get_range\", has_connection_permit: true }"},"filename":"/home/runner/work/xet-core/xet-core/xet_client/src/cas_client/retry_wrapper.rs","line_number":274}
{"timestamp":"2026-07-30T10:17:11.316604Z","level":"INFO","fields":{"message":"Retry strategy","retry":"RetryWrapper { max_attempts: 5, base_delay: 3s, max_duration: 360s, no_retry_on_429: false, retry_on_403: true, expected_416: false, expected_404: false, log_errors_as_info: false, api_tag: \"s3::get_range\", has_connection_permit: true }"},"filename":"/home/runner/work/xet-core/xet-core/xet_client/src/cas_client/retry_wrapper.rs","line_number":274}
{"timestamp":"2026-07-30T10:17:11.319528Z","level":"INFO","fields":{"message":"Received CAS response","request_id":"01KYS8EB96B3PNYT927VC8F2X7","status_code":206},"filename":"/home/runner/work/xet-core/xet-core/xet_client/src/common/http_client.rs","line_number":288}
{"timestamp":"2026-07-30T10:17:11.319551Z","level":"INFO","fields":{"message":"Request Success: s3::get_range api call succeeded (request id 01KYS8EB96B3PNYT927VC8F2X7)."},"filename":"/home/runner/work/xet-core/xet-core/xet_client/src/cas_client/retry_wrapper.rs","line_number":237}
{"timestamp":"2026-07-30T10:17:11.320989Z","level":"INFO","fields":{"message":"Received CAS response","request_id":"01KYS8EB8X4A3CYA5CWNZMFYQQ","status_code":206},"filename":"/home/runner/work/xet-core/xet-core/xet_client/src/common/http_client.rs","line_number":288}
{"timestamp":"2026-07-30T10:17:11.321010Z","level":"INFO","fields":{"message":"Request Success: s3::get_range api call succeeded (request id 01KYS8EB8X4A3CYA5CWNZMFYQQ)."},"filename":"/home/runner/work/xet-core/xet-core/xet_client/src/cas_client/retry_wrapper.rs","line_number":237}
{"timestamp":"2026-07-30T10:17:11.324365Z","level":"INFO","fields":{"message":"Retry strategy","retry":"RetryWrapper { max_attempts: 5, base_delay: 3s, max_duration: 360s, no_retry_on_429: false, retry_on_403: true, expected_416: false, expected_404: false, log_errors_as_info: false, api_tag: \"s3::get_range\", has_connection_permit: true }"},"filename":"/home/runner/work/xet-core/xet-core/xet_client/src/cas_client/retry_wrapper.rs","line_number":274}
{"timestamp":"2026-07-30T10:17:11.325166Z","level":"INFO","fields":{"message":"Retry strategy","retry":"RetryWrapper { max_attempts: 5, base_delay: 3s, max_duration: 360s, no_retry_on_429: false, retry_on_403: true, expected_416: false, expected_404: false, log_errors_as_info: false, api_tag: \"s3::get_range\", has_connection_permit: true }"},"filename":"/home/runner/work/xet-core/xet-core/xet_client/src/cas_client/retry_wrapper.rs","line_number":274}
{"timestamp":"2026-07-30T10:17:11.325372Z","level":"INFO","fields":{"message":"Retry strategy","retry":"RetryWrapper { max_attempts: 5, base_delay: 3s, max_duration: 360s, no_retry_on_429: false, retry_on_403: true, expected_416: false, expected_404: false, log_errors_as_info: false, api_tag: \"s3::get_range\", has_connection_permit: true }"},"filename":"/home/runner/work/xet-core/xet-core/xet_client/src/cas_client/retry_wrapper.rs","line_number":274}
{"timestamp":"2026-07-30T10:17:11.330714Z","level":"INFO","fields":{"message":"Received CAS response","request_id":"01KYS8EB8C5PBKCTXPY7CGY7DD","status_code":206},"filename":"/home/runner/work/xet-core/xet-core/xet_client/src/common/http_client.rs","line_number":288}
{"timestamp":"2026-07-30T10:17:11.330734Z","level":"INFO","fields":{"message":"Request Success: s3::get_range api call succeeded (request id 01KYS8EB8C5PBKCTXPY7CGY7DD)."},"filename":"/home/runner/work/xet-core/xet-core/xet_client/src/cas_client/retry_wrapper.rs","line_number":237}
{"timestamp":"2026-07-30T10:17:11.339145Z","level":"INFO","fields":{"message":"Received CAS response","request_id":"01KYS8EB9PSWAB6B9EHB2B6T3T","status_code":206},"filename":"/home/runner/work/xet-core/xet-core/xet_client/src/common/http_client.rs","line_number":288}
{"timestamp":"2026-07-30T10:17:11.339161Z","level":"INFO","fields":{"message":"Request Success: s3::get_range api call succeeded (request id 01KYS8EB9PSWAB6B9EHB2B6T3T)."},"filename":"/home/runner/work/xet-core/xet-core/xet_client/src/cas_client/retry_wrapper.rs","line_number":237}
{"timestamp":"2026-07-30T10:17:11.339608Z","level":"INFO","fields":{"message":"Retry strategy","retry":"RetryWrapper { max_attempts: 5, base_delay: 3s, max_duration: 360s, no_retry_on_429: false, retry_on_403: true, expected_416: false, expected_404: false, log_errors_as_info: false, api_tag: \"s3::get_range\", has_connection_permit: true }"},"filename":"/home/runner/work/xet-core/xet-core/xet_client/src/cas_client/retry_wrapper.rs","line_number":274}
{"timestamp":"2026-07-30T10:17:11.355012Z","level":"INFO","fields":{"message":"Received CAS response","request_id":"01KYS8EB9SNEC8DWVBP9ABGS80","status_code":206},"filename":"/home/runner/work/xet-core/xet-core/xet_client/src/common/http_client.rs","line_number":288}
{"timestamp":"2026-07-30T10:17:11.355026Z","level":"INFO","fields":{"message":"Request Success: s3::get_range api call succeeded (request id 01KYS8EB9SNEC8DWVBP9ABGS80)."},"filename":"/home/runner/work/xet-core/xet-core/xet_client/src/cas_client/retry_wrapper.rs","line_number":237}
{"timestamp":"2026-07-30T10:17:11.359445Z","level":"INFO","fields":{"message":"Received CAS response","request_id":"01KYS8EB9A5X9KKG68HXEC58WY","status_code":206},"filename":"/home/runner/work/xet-core/xet-core/xet_client/src/common/http_client.rs","line_number":288}
{"timestamp":"2026-07-30T10:17:11.359467Z","level":"INFO","fields":{"message":"Request Success: s3::get_range api call succeeded (request id 01KYS8EB9A5X9KKG68HXEC58WY)."},"filename":"/home/runner/work/xet-core/xet-core/xet_client/src/cas_client/retry_wrapper.rs","line_number":237}
{"timestamp":"2026-07-30T10:17:11.360587Z","level":"INFO","fields":{"message":"Retry strategy","retry":"RetryWrapper { max_attempts: 5, base_delay: 3s, max_duration: 360s, no_retry_on_429: false, retry_on_403: true, expected_416: false, expected_404: false, log_errors_as_info: false, api_tag: \"s3::get_range\", has_connection_permit: true }"},"filename":"/home/runner/work/xet-core/xet-core/xet_client/src/cas_client/retry_wrapper.rs","line_number":274}
{"timestamp":"2026-07-30T10:17:11.360781Z","level":"INFO","fields":{"message":"Retry strategy","retry":"RetryWrapper { max_attempts: 5, base_delay: 3s, max_duration: 360s, no_retry_on_429: false, retry_on_403: true, expected_416: false, expected_404: false, log_errors_as_info: false, api_tag: \"s3::get_range\", has_connection_permit: true }"},"filename":"/home/runner/work/xet-core/xet-core/xet_client/src/cas_client/retry_wrapper.rs","line_number":274}
{"timestamp":"2026-07-30T10:17:11.365018Z","level":"INFO","fields":{"message":"Received CAS response","request_id":"01KYS8EB9K30BC9FZN8A9ZX2DC","status_code":206},"filename":"/home/runner/work/xet-core/xet-core/xet_client/src/common/http_client.rs","line_number":288}
{"timestamp":"2026-07-30T10:17:11.365029Z","level":"INFO","fields":{"message":"Request Success: s3::get_range api call succeeded (request id 01KYS8EB9K30BC9FZN8A9ZX2DC)."},"filename":"/home/runner/work/xet-core/xet-core/xet_client/src/cas_client/retry_wrapper.rs","line_number":237}
{"timestamp":"2026-07-30T10:17:11.377004Z","level":"INFO","fields":{"message":"Retry strategy","retry":"RetryWrapper { max_attempts: 5, base_delay: 3s, max_duration: 360s, no_retry_on_429: false, retry_on_403: true, expected_416: false, expected_404: false, log_errors_as_info: false, api_tag: \"s3::get_range\", has_connection_permit: true }"},"filename":"/home/runner/work/xet-core/xet-core/xet_client/src/cas_client/retry_wrapper.rs","line_number":274}
{"timestamp":"2026-07-30T10:17:11.384456Z","level":"INFO","fields":{"message":"Retry strategy","retry":"RetryWrapper { max_attempts: 5, base_delay: 3s, max_duration: 360s, no_retry_on_429: false, retry_on_403: true, expected_416: false, expected_404: false, log_errors_as_info: false, api_tag: \"s3::get_range\", has_connection_permit: true }"},"filename":"/home/runner/work/xet-core/xet-core/xet_client/src/cas_client/retry_wrapper.rs","line_number":274}
{"timestamp":"2026-07-30T10:17:11.385672Z","level":"INFO","fields":{"message":"Received CAS response","request_id":"01KYS8EBB49GFS8C97BH8SZX0D","status_code":206},"filename":"/home/runner/work/xet-core/xet-core/xet_client/src/common/http_client.rs","line_number":288}
{"timestamp":"2026-07-30T10:17:11.385696Z","level":"INFO","fields":{"message":"Request Success: s3::get_range api call succeeded (request id 01KYS8EBB49GFS8C97BH8SZX0D)."},"filename":"/home/runner/work/xet-core/xet-core/xet_client/src/cas_client/retry_wrapper.rs","line_number":237}
{"timestamp":"2026-07-30T10:17:11.388795Z","level":"INFO","fields":{"message":"Retry strategy","retry":"RetryWrapper { max_attempts: 5, base_delay: 3s, max_duration: 360s, no_retry_on_429: false, retry_on_403: true, expected_416: false, expected_404: false, log_errors_as_info: false, api_tag: \"s3::get_range\", has_connection_permit: true }"},"filename":"/home/runner/work/xet-core/xet-core/xet_client/src/cas_client/retry_wrapper.rs","line_number":274}
{"timestamp":"2026-07-30T10:17:11.396960Z","level":"INFO","fields":{"message":"Retry strategy","retry":"RetryWrapper { max_attempts: 5, base_delay: 3s, max_duration: 360s, no_retry_on_429: false, retry_on_403: true, expected_416: false, expected_404: false, log_errors_as_info: false, api_tag: \"s3::get_range\", has_connection_permit: true }"},"filename":"/home/runner/work/xet-core/xet-core/xet_client/src/cas_client/retry_wrapper.rs","line_number":274}
{"timestamp":"2026-07-30T10:17:11.398305Z","level":"INFO","fields":{"message":"Retry strategy","retry":"RetryWrapper { max_attempts: 5, base_delay: 3s, max_duration: 360s, no_retry_on_429: false, retry_on_403: true, expected_416: false, expected_404: false, log_errors_as_info: false, api_tag: \"s3::get_range\", has_connection_permit: true }"},"filename":"/home/runner/work/xet-core/xet-core/xet_client/src/cas_client/retry_wrapper.rs","line_number":274}
{"timestamp":"2026-07-30T10:17:11.398760Z","level":"INFO","fields":{"message":"Retry strategy","retry":"RetryWrapper { max_attempts: 5, base_delay: 3s, max_duration: 360s, no_retry_on_429: false, retry_on_403: true, expected_416: false, expected_404: false, log_errors_as_info: false, api_tag: \"s3::get_range\", has_connection_permit: true }"},"filename":"/home/runner/work/xet-core/xet-core/xet_client/src/cas_client/retry_wrapper.rs","line_number":274}
{"timestamp":"2026-07-30T10:17:11.410570Z","level":"INFO","fields":{"message":"Received CAS response","request_id":"01KYS8EBB8RD6VJ0V1EMK4MY3E","status_code":206},"filename":"/home/runner/work/xet-core/xet-core/xet_client/src/common/http_client.rs","line_number":288}
{"timestamp":"2026-07-30T10:17:11.410590Z","level":"INFO","fields":{"message":"Request Success: s3::get_range api call succeeded (request id 01KYS8EBB8RD6VJ0V1EMK4MY3E)."},"filename":"/home/runner/work/xet-core/xet-core/xet_client/src/cas_client/retry_wrapper.rs","line_number":237}
{"timestamp":"2026-07-30T10:17:11.414176Z","level":"INFO","fields":{"message":"Received CAS response","request_id":"01KYS8EBAX5NVT4EY93NEETM0V","status_code":206},"filename":"/home/runner/work/xet-core/xet-core/xet_client/src/common/http_client.rs","line_number":288}
{"timestamp":"2026-07-30T10:17:11.414212Z","level":"INFO","fields":{"message":"Request Success: s3::get_range api call succeeded (request id 01KYS8EBAX5NVT4EY93NEETM0V)."},"filename":"/home/runner/work/xet-core/xet-core/xet_client/src/cas_client/retry_wrapper.rs","line_number":237}
{"timestamp":"2026-07-30T10:17:11.415066Z","level":"INFO","fields":{"message":"Retry strategy","retry":"RetryWrapper { max_attempts: 5, base_delay: 3s, max_duration: 360s, no_retry_on_429: false, retry_on_403: true, expected_416: false, expected_404: false, log_errors_as_info: false, api_tag: \"s3::get_range\", has_connection_permit: true }"},"filename":"/home/runner/work/xet-core/xet-core/xet_client/src/cas_client/retry_wrapper.rs","line_number":274}
{"timestamp":"2026-07-30T10:17:11.421568Z","level":"INFO","fields":{"message":"Retry strategy","retry":"RetryWrapper { max_attempts: 5, base_delay: 3s, max_duration: 360s, no_retry_on_429: false, retry_on_403: true, expected_416: false, expected_404: false, log_errors_as_info: false, api_tag: \"s3::get_range\", has_connection_permit: true }"},"filename":"/home/runner/work/xet-core/xet-core/xet_client/src/cas_client/retry_wrapper.rs","line_number":274}
{"timestamp":"2026-07-30T10:17:11.446508Z","level":"INFO","fields":{"message":"Received CAS response","request_id":"01KYS8EBC2D7P5WAZ60R8CDGP4","status_code":206},"filename":"/home/runner/work/xet-core/xet-core/xet_client/src/common/http_client.rs","line_number":288}
{"timestamp":"2026-07-30T10:17:11.446539Z","level":"INFO","fields":{"message":"Request Success: s3::get_range api call succeeded (request id 01KYS8EBC2D7P5WAZ60R8CDGP4)."},"filename":"/home/runner/work/xet-core/xet-core/xet_client/src/cas_client/retry_wrapper.rs","line_number":237}
{"timestamp":"2026-07-30T10:17:11.447849Z","level":"INFO","fields":{"message":"Received CAS response","request_id":"01KYS8EBCWSTG6M49EMJRW6CS7","status_code":206},"filename":"/home/runner/work/xet-core/xet-core/xet_client/src/common/http_client.rs","line_number":288}
{"timestamp":"2026-07-30T10:17:11.447870Z","level":"INFO","fields":{"message":"Request Success: s3::get_range api call succeeded (request id 01KYS8EBCWSTG6M49EMJRW6CS7)."},"filename":"/home/runner/work/xet-core/xet-core/xet_client/src/cas_client/retry_wrapper.rs","line_number":237}
{"timestamp":"2026-07-30T10:17:11.459885Z","level":"INFO","fields":{"message":"Received CAS response","request_id":"01KYS8EBD1B4E04Z5JRSQPPY2T","status_code":206},"filename":"/home/runner/work/xet-core/xet-core/xet_client/src/common/http_client.rs","line_number":288}
{"timestamp":"2026-07-30T10:17:11.459910Z","level":"INFO","fields":{"message":"Request Success: s3::get_range api call succeeded (request id 01KYS8EBD1B4E04Z5JRSQPPY2T)."},"filename":"/home/runner/work/xet-core/xet-core/xet_client/src/cas_client/retry_wrapper.rs","line_number":237}
{"timestamp":"2026-07-30T10:17:11.463346Z","level":"INFO","fields":{"message":"Retry strategy","retry":"RetryWrapper { max_attempts: 5, base_delay: 3s, max_duration: 360s, no_retry_on_429: false, retry_on_403: true, expected_416: false, expected_404: false, log_errors_as_info: false, api_tag: \"s3::get_range\", has_connection_permit: true }"},"filename":"/home/runner/work/xet-core/xet-core/xet_client/src/cas_client/retry_wrapper.rs","line_number":274}
{"timestamp":"2026-07-30T10:17:11.471305Z","level":"INFO","fields":{"message":"Received CAS response","request_id":"01KYS8EBD3B3V04PTC51M0GWJD","status_code":206},"filename":"/home/runner/work/xet-core/xet-core/xet_client/src/common/http_client.rs","line_number":288}
{"timestamp":"2026-07-30T10:17:11.471323Z","level":"INFO","fields":{"message":"Request Success: s3::get_range api call succeeded (request id 01KYS8EBD3B3V04PTC51M0GWJD)."},"filename":"/home/runner/work/xet-core/xet-core/xet_client/src/cas_client/retry_wrapper.rs","line_number":237}
{"timestamp":"2026-07-30T10:17:11.473566Z","level":"INFO","fields":{"message":"Received CAS response","request_id":"01KYS8EBD5FXG2A5RZECVCVXT6","status_code":206},"filename":"/home/runner/work/xet-core/xet-core/xet_client/src/common/http_client.rs","line_number":288}
{"timestamp":"2026-07-30T10:17:11.473575Z","level":"INFO","fields":{"message":"Request Success: s3::get_range api call succeeded (request id 01KYS8EBD5FXG2A5RZECVCVXT6)."},"filename":"/home/runner/work/xet-core/xet-core/xet_client/src/cas_client/retry_wrapper.rs","line_number":237}
{"timestamp":"2026-07-30T10:17:11.478736Z","level":"INFO","fields":{"message":"Retry strategy","retry":"RetryWrapper { max_attempts: 5, base_delay: 3s, max_duration: 360s, no_retry_on_429: false, retry_on_403: true, expected_416: false, expected_404: false, log_errors_as_info: false, api_tag: \"s3::get_range\", has_connection_permit: true }"},"filename":"/home/runner/work/xet-core/xet-core/xet_client/src/cas_client/retry_wrapper.rs","line_number":274}
{"timestamp":"2026-07-30T10:17:11.485436Z","level":"INFO","fields":{"message":"Retry strategy","retry":"RetryWrapper { max_attempts: 5, base_delay: 3s, max_duration: 360s, no_retry_on_429: false, retry_on_403: true, expected_416: false, expected_404: false, log_errors_as_info: false, api_tag: \"s3::get_range\", has_connection_permit: true }"},"filename":"/home/runner/work/xet-core/xet-core/xet_client/src/cas_client/retry_wrapper.rs","line_number":274}
{"timestamp":"2026-07-30T10:17:11.495599Z","level":"INFO","fields":{"message":"Received CAS response","request_id":"01KYS8EBDEJEF395EGH7A9Q56A","status_code":206},"filename":"/home/runner/work/xet-core/xet-core/xet_client/src/common/http_client.rs","line_number":288}
{"timestamp":"2026-07-30T10:17:11.495614Z","level":"INFO","fields":{"message":"Request Success: s3::get_range api call succeeded (request id 01KYS8EBDEJEF395EGH7A9Q56A)."},"filename":"/home/runner/work/xet-core/xet-core/xet_client/src/cas_client/retry_wrapper.rs","line_number":237}
{"timestamp":"2026-07-30T10:17:11.500770Z","level":"INFO","fields":{"message":"Received CAS response","request_id":"01KYS8EBDE80ZF73RE233B3KZV","status_code":206},"filename":"/home/runner/work/xet-core/xet-core/xet_client/src/common/http_client.rs","line_number":288}
{"timestamp":"2026-07-30T10:17:11.500792Z","level":"INFO","fields":{"message":"Request Success: s3::get_range api call succeeded (request id 01KYS8EBDE80ZF73RE233B3KZV)."},"filename":"/home/runner/work/xet-core/xet-core/xet_client/src/cas_client/retry_wrapper.rs","line_number":237}
{"timestamp":"2026-07-30T10:17:11.502600Z","level":"INFO","fields":{"message":"Received CAS response","request_id":"01KYS8EBDXZWDS40WA5Y7PVWAT","status_code":206},"filename":"/home/runner/work/xet-core/xet-core/xet_client/src/common/http_client.rs","line_number":288}
{"timestamp":"2026-07-30T10:17:11.502614Z","level":"INFO","fields":{"message":"Request Success: s3::get_range api call succeeded (request id 01KYS8EBDXZWDS40WA5Y7PVWAT)."},"filename":"/home/runner/work/xet-core/xet-core/xet_client/src/cas_client/retry_wrapper.rs","line_number":237}
{"timestamp":"2026-07-30T10:17:11.503582Z","level":"INFO","fields":{"message":"Retry strategy","retry":"RetryWrapper { max_attempts: 5, base_delay: 3s, max_duration: 360s, no_retry_on_429: false, retry_on_403: true, expected_416: false, expected_404: false, log_errors_as_info: false, api_tag: \"s3::get_range\", has_connection_permit: true }"},"filename":"/home/runner/work/xet-core/xet-core/xet_client/src/cas_client/retry_wrapper.rs","line_number":274}
{"timestamp":"2026-07-30T10:17:11.506763Z","level":"INFO","fields":{"message":"Retry strategy","retry":"RetryWrapper { max_attempts: 5, base_delay: 3s, max_duration: 360s, no_retry_on_429: false, retry_on_403: true, expected_416: false, expected_404: false, log_errors_as_info: false, api_tag: \"s3::get_range\", has_connection_permit: true }"},"filename":"/home/runner/work/xet-core/xet-core/xet_client/src/cas_client/retry_wrapper.rs","line_number":274}
{"timestamp":"2026-07-30T10:17:11.509970Z","level":"INFO","fields":{"message":"Received CAS response","request_id":"01KYS8EBEN6KE2TDVPMSXQPGJQ","status_code":206},"filename":"/home/runner/work/xet-core/xet-core/xet_client/src/common/http_client.rs","line_number":288}
{"timestamp":"2026-07-30T10:17:11.509991Z","level":"INFO","fields":{"message":"Request Success: s3::get_range api call succeeded (request id 01KYS8EBEN6KE2TDVPMSXQPGJQ)."},"filename":"/home/runner/work/xet-core/xet-core/xet_client/src/cas_client/retry_wrapper.rs","line_number":237}
{"timestamp":"2026-07-30T10:17:11.511127Z","level":"INFO","fields":{"message":"Retry strategy","retry":"RetryWrapper { max_attempts: 5, base_delay: 3s, max_duration: 360s, no_retry_on_429: false, retry_on_403: true, expected_416: false, expected_404: false, log_errors_as_info: false, api_tag: \"s3::get_range\", has_connection_permit: true }"},"filename":"/home/runner/work/xet-core/xet-core/xet_client/src/cas_client/retry_wrapper.rs","line_number":274}
{"timestamp":"2026-07-30T10:17:11.520322Z","level":"INFO","fields":{"message":"Retry strategy","retry":"RetryWrapper { max_attempts: 5, base_delay: 3s, max_duration: 360s, no_retry_on_429: false, retry_on_403: true, expected_416: false, expected_404: false, log_errors_as_info: false, api_tag: \"s3::get_range\", has_connection_permit: true }"},"filename":"/home/runner/work/xet-core/xet-core/xet_client/src/cas_client/retry_wrapper.rs","line_number":274}
{"timestamp":"2026-07-30T10:17:11.527423Z","level":"INFO","fields":{"message":"Retry strategy","retry":"RetryWrapper { max_attempts: 5, base_delay: 3s, max_duration: 360s, no_retry_on_429: false, retry_on_403: true, expected_416: false, expected_404: false, log_errors_as_info: false, api_tag: \"s3::get_range\", has_connection_permit: true }"},"filename":"/home/runner/work/xet-core/xet-core/xet_client/src/cas_client/retry_wrapper.rs","line_number":274}
{"timestamp":"2026-07-30T10:17:11.531896Z","level":"INFO","fields":{"message":"Received CAS response","request_id":"01KYS8EBF20E19MP2ZAWJA869W","status_code":206},"filename":"/home/runner/work/xet-core/xet-core/xet_client/src/common/http_client.rs","line_number":288}
{"timestamp":"2026-07-30T10:17:11.531921Z","level":"INFO","fields":{"message":"Request Success: s3::get_range api call succeeded (request id 01KYS8EBF20E19MP2ZAWJA869W)."},"filename":"/home/runner/work/xet-core/xet-core/xet_client/src/cas_client/retry_wrapper.rs","line_number":237}
{"timestamp":"2026-07-30T10:17:11.539154Z","level":"INFO","fields":{"message":"Received CAS response","request_id":"01KYS8EBDE0NEYBT4FXMJCPKZV","status_code":206},"filename":"/home/runner/work/xet-core/xet-core/xet_client/src/common/http_client.rs","line_number":288}
{"timestamp":"2026-07-30T10:17:11.539204Z","level":"INFO","fields":{"message":"Request Success: s3::get_range api call succeeded (request id 01KYS8EBDE0NEYBT4FXMJCPKZV)."},"filename":"/home/runner/work/xet-core/xet-core/xet_client/src/cas_client/retry_wrapper.rs","line_number":237}
{"timestamp":"2026-07-30T10:17:11.539367Z","level":"INFO","fields":{"message":"Received CAS response","request_id":"01KYS8EBFEQ3M9G012N8RHZ5ZX","status_code":206},"filename":"/home/runner/work/xet-core/xet-core/xet_client/src/common/http_client.rs","line_number":288}
{"timestamp":"2026-07-30T10:17:11.539380Z","level":"INFO","fields":{"message":"Request Success: s3::get_range api call succeeded (request id 01KYS8EBFEQ3M9G012N8RHZ5ZX)."},"filename":"/home/runner/work/xet-core/xet-core/xet_client/src/cas_client/retry_wrapper.rs","line_number":237}
{"timestamp":"2026-07-30T10:17:11.542598Z","level":"INFO","fields":{"message":"Received CAS response","request_id":"01KYS8EBFBZYKWGPQH1B7TS8AQ","status_code":206},"filename":"/home/runner/work/xet-core/xet-core/xet_client/src/common/http_client.rs","line_number":288}
{"timestamp":"2026-07-30T10:17:11.542620Z","level":"INFO","fields":{"message":"Request Success: s3::get_range api call succeeded (request id 01KYS8EBFBZYKWGPQH1B7TS8AQ)."},"filename":"/home/runner/work/xet-core/xet-core/xet_client/src/cas_client/retry_wrapper.rs","line_number":237}
{"timestamp":"2026-07-30T10:17:11.542994Z","level":"INFO","fields":{"message":"Retry strategy","retry":"RetryWrapper { max_attempts: 5, base_delay: 3s, max_duration: 360s, no_retry_on_429: false, retry_on_403: true, expected_416: false, expected_404: false, log_errors_as_info: false, api_tag: \"s3::get_range\", has_connection_permit: true }"},"filename":"/home/runner/work/xet-core/xet-core/xet_client/src/cas_client/retry_wrapper.rs","line_number":274}
{"timestamp":"2026-07-30T10:17:11.549744Z","level":"INFO","fields":{"message":"Received CAS response","request_id":"01KYS8EBEMEC50MBVX57DH8CWH","status_code":206},"filename":"/home/runner/work/xet-core/xet-core/xet_client/src/common/http_client.rs","line_number":288}
{"timestamp":"2026-07-30T10:17:11.549764Z","level":"INFO","fields":{"message":"Request Success: s3::get_range api call succeeded (request id 01KYS8EBEMEC50MBVX57DH8CWH)."},"filename":"/home/runner/work/xet-core/xet-core/xet_client/src/cas_client/retry_wrapper.rs","line_number":237}
{"timestamp":"2026-07-30T10:17:11.560841Z","level":"INFO","fields":{"message":"Retry strategy","retry":"RetryWrapper { max_attempts: 5, base_delay: 3s, max_duration: 360s, no_retry_on_429: false, retry_on_403: true, expected_416: false, expected_404: false, log_errors_as_info: false, api_tag: \"s3::get_range\", has_connection_permit: true }"},"filename":"/home/runner/work/xet-core/xet-core/xet_client/src/cas_client/retry_wrapper.rs","line_number":274}
{"timestamp":"2026-07-30T10:17:11.563145Z","level":"INFO","fields":{"message":"Received CAS response","request_id":"01KYS8EBG9R5ZP6WHXQ296N79V","status_code":206},"filename":"/home/runner/work/xet-core/xet-core/xet_client/src/common/http_client.rs","line_number":288}
{"timestamp":"2026-07-30T10:17:11.563157Z","level":"INFO","fields":{"message":"Request Success: s3::get_range api call succeeded (request id 01KYS8EBG9R5ZP6WHXQ296N79V)."},"filename":"/home/runner/work/xet-core/xet-core/xet_client/src/cas_client/retry_wrapper.rs","line_number":237}
{"timestamp":"2026-07-30T10:17:11.567544Z","level":"INFO","fields":{"message":"Retry strategy","retry":"RetryWrapper { max_attempts: 5, base_delay: 3s, max_duration: 360s, no_retry_on_429: false, retry_on_403: true, expected_416: false, expected_404: false, log_errors_as_info: false, api_tag: \"s3::get_range\", has_connection_permit: true }"},"filename":"/home/runner/work/xet-core/xet-core/xet_client/src/cas_client/retry_wrapper.rs","line_number":274}
{"timestamp":"2026-07-30T10:17:11.569409Z","level":"INFO","fields":{"message":"Retry strategy","retry":"RetryWrapper { max_attempts: 5, base_delay: 3s, max_duration: 360s, no_retry_on_429: false, retry_on_403: true, expected_416: false, expected_404: false, log_errors_as_info: false, api_tag: \"s3::get_range\", has_connection_permit: true }"},"filename":"/home/runner/work/xet-core/xet-core/xet_client/src/cas_client/retry_wrapper.rs","line_number":274}
{"timestamp":"2026-07-30T10:17:11.570446Z","level":"INFO","fields":{"message":"Retry strategy","retry":"RetryWrapper { max_attempts: 5, base_delay: 3s, max_duration: 360s, no_retry_on_429: false, retry_on_403: true, expected_416: false, expected_404: false, log_errors_as_info: false, api_tag: \"s3::get_range\", has_connection_permit: true }"},"filename":"/home/runner/work/xet-core/xet-core/xet_client/src/cas_client/retry_wrapper.rs","line_number":274}
{"timestamp":"2026-07-30T10:17:11.574836Z","level":"INFO","fields":{"message":"Retry strategy","retry":"RetryWrapper { max_attempts: 5, base_delay: 3s, max_duration: 360s, no_retry_on_429: false, retry_on_403: true, expected_416: false, expected_404: false, log_errors_as_info: false, api_tag: \"s3::get_range\", has_connection_permit: true }"},"filename":"/home/runner/work/xet-core/xet-core/xet_client/src/cas_client/retry_wrapper.rs","line_number":274}
{"timestamp":"2026-07-30T10:17:11.587916Z","level":"INFO","fields":{"message":"Received CAS response","request_id":"01KYS8EBGGYZHB717G76VSB94Q","status_code":206},"filename":"/home/runner/work/xet-core/xet-core/xet_client/src/common/http_client.rs","line_number":288}
{"timestamp":"2026-07-30T10:17:11.587928Z","level":"INFO","fields":{"message":"Request Success: s3::get_range api call succeeded (request id 01KYS8EBGGYZHB717G76VSB94Q)."},"filename":"/home/runner/work/xet-core/xet-core/xet_client/src/cas_client/retry_wrapper.rs","line_number":237}
{"timestamp":"2026-07-30T10:17:11.600005Z","level":"INFO","fields":{"message":"Received CAS response","request_id":"01KYS8EBFRWENEXVGYQQ9WPMC9","status_code":206},"filename":"/home/runner/work/xet-core/xet-core/xet_client/src/common/http_client.rs","line_number":288}
{"timestamp":"2026-07-30T10:17:11.600016Z","level":"INFO","fields":{"message":"Request Success: s3::get_range api call succeeded (request id 01KYS8EBFRWENEXVGYQQ9WPMC9)."},"filename":"/home/runner/work/xet-core/xet-core/xet_client/src/cas_client/retry_wrapper.rs","line_number":237}
{"timestamp":"2026-07-30T10:17:11.601821Z","level":"INFO","fields":{"message":"Received CAS response","request_id":"01KYS8EBFRSBG7ER8DVHPE946G","status_code":206},"filename":"/home/runner/work/xet-core/xet-core/xet_client/src/common/http_client.rs","line_number":288}
{"timestamp":"2026-07-30T10:17:11.601847Z","level":"INFO","fields":{"message":"Request Success: s3::get_range api call succeeded (request id 01KYS8EBFRSBG7ER8DVHPE946G)."},"filename":"/home/runner/work/xet-core/xet-core/xet_client/src/cas_client/retry_wrapper.rs","line_number":237}
{"timestamp":"2026-07-30T10:17:11.602790Z","level":"INFO","fields":{"message":"Retry strategy","retry":"RetryWrapper { max_attempts: 5, base_delay: 3s, max_duration: 360s, no_retry_on_429: false, retry_on_403: true, expected_416: false, expected_404: false, log_errors_as_info: false, api_tag: \"s3::get_range\", has_connection_permit: true }"},"filename":"/home/runner/work/xet-core/xet-core/xet_client/src/cas_client/retry_wrapper.rs","line_number":274}
{"timestamp":"2026-07-30T10:17:11.609144Z","level":"INFO","fields":{"message":"Received CAS response","request_id":"01KYS8EBFQZM6GKDYE530Y01KR","status_code":206},"filename":"/home/runner/work/xet-core/xet-core/xet_client/src/common/http_client.rs","line_number":288}
{"timestamp":"2026-07-30T10:17:11.609154Z","level":"INFO","fields":{"message":"Request Success: s3::get_range api call succeeded (request id 01KYS8EBFQZM6GKDYE530Y01KR)."},"filename":"/home/runner/work/xet-core/xet-core/xet_client/src/cas_client/retry_wrapper.rs","line_number":237}
{"timestamp":"2026-07-30T10:17:11.616562Z","level":"INFO","fields":{"message":"Received CAS response","request_id":"01KYS8EBHS96FJR8C9DRMNKK1T","status_code":206},"filename":"/home/runner/work/xet-core/xet-core/xet_client/src/common/http_client.rs","line_number":288}
{"timestamp":"2026-07-30T10:17:11.616572Z","level":"INFO","fields":{"message":"Request Success: s3::get_range api call succeeded (request id 01KYS8EBHS96FJR8C9DRMNKK1T)."},"filename":"/home/runner/work/xet-core/xet-core/xet_client/src/cas_client/retry_wrapper.rs","line_number":237}
{"timestamp":"2026-07-30T10:17:11.619057Z","level":"INFO","fields":{"message":"Retry strategy","retry":"RetryWrapper { max_attempts: 5, base_delay: 3s, max_duration: 360s, no_retry_on_429: false, retry_on_403: true, expected_416: false, expected_404: false, log_errors_as_info: false, api_tag: \"s3::get_range\", has_connection_permit: true }"},"filename":"/home/runner/work/xet-core/xet-core/xet_client/src/cas_client/retry_wrapper.rs","line_number":274}
{"timestamp":"2026-07-30T10:17:11.632367Z","level":"INFO","fields":{"message":"Retry strategy","retry":"RetryWrapper { max_attempts: 5, base_delay: 3s, max_duration: 360s, no_retry_on_429: false, retry_on_403: true, expected_416: false, expected_404: false, log_errors_as_info: false, api_tag: \"s3::get_range\", has_connection_permit: true }"},"filename":"/home/runner/work/xet-core/xet-core/xet_client/src/cas_client/retry_wrapper.rs","line_number":274}
{"timestamp":"2026-07-30T10:17:11.635221Z","level":"INFO","fields":{"message":"Retry strategy","retry":"RetryWrapper { max_attempts: 5, base_delay: 3s, max_duration: 360s, no_retry_on_429: false, retry_on_403: true, expected_416: false, expected_404: false, log_errors_as_info: false, api_tag: \"s3::get_range\", has_connection_permit: true }"},"filename":"/home/runner/work/xet-core/xet-core/xet_client/src/cas_client/retry_wrapper.rs","line_number":274}
{"timestamp":"2026-07-30T10:17:11.637563Z","level":"INFO","fields":{"message":"Retry strategy","retry":"RetryWrapper { max_attempts: 5, base_delay: 3s, max_duration: 360s, no_retry_on_429: false, retry_on_403: true, expected_416: false, expected_404: false, log_errors_as_info: false, api_tag: \"s3::get_range\", has_connection_permit: true }"},"filename":"/home/runner/work/xet-core/xet-core/xet_client/src/cas_client/retry_wrapper.rs","line_number":274}
{"timestamp":"2026-07-30T10:17:11.641820Z","level":"INFO","fields":{"message":"Received CAS response","request_id":"01KYS8EBJ81E9418CXT3FBVHTM","status_code":206},"filename":"/home/runner/work/xet-core/xet-core/xet_client/src/common/http_client.rs","line_number":288}
{"timestamp":"2026-07-30T10:17:11.641843Z","level":"INFO","fields":{"message":"Request Success: s3::get_range api call succeeded (request id 01KYS8EBJ81E9418CXT3FBVHTM)."},"filename":"/home/runner/work/xet-core/xet-core/xet_client/src/cas_client/retry_wrapper.rs","line_number":237}
{"timestamp":"2026-07-30T10:17:11.650534Z","level":"INFO","fields":{"message":"Retry strategy","retry":"RetryWrapper { max_attempts: 5, base_delay: 3s, max_duration: 360s, no_retry_on_429: false, retry_on_403: true, expected_416: false, expected_404: false, log_errors_as_info: false, api_tag: \"s3::get_range\", has_connection_permit: true }"},"filename":"/home/runner/work/xet-core/xet-core/xet_client/src/cas_client/retry_wrapper.rs","line_number":274}
{"timestamp":"2026-07-30T10:17:11.654039Z","level":"INFO","fields":{"message":"Received CAS response","request_id":"01KYS8EBK9EBG6HXZAG2KGCGZZ","status_code":206},"filename":"/home/runner/work/xet-core/xet-core/xet_client/src/common/http_client.rs","line_number":288}
{"timestamp":"2026-07-30T10:17:11.654069Z","level":"INFO","fields":{"message":"Request Success: s3::get_range api call succeeded (request id 01KYS8EBK9EBG6HXZAG2KGCGZZ)."},"filename":"/home/runner/work/xet-core/xet-core/xet_client/src/cas_client/retry_wrapper.rs","line_number":237}
{"timestamp":"2026-07-30T10:17:11.663872Z","level":"INFO","fields":{"message":"Received CAS response","request_id":"01KYS8EBK0Y2GA834PXDMA4EFT","status_code":206},"filename":"/home/runner/work/xet-core/xet-core/xet_client/src/common/http_client.rs","line_number":288}
{"timestamp":"2026-07-30T10:17:11.663899Z","level":"INFO","fields":{"message":"Request Success: s3::get_range api call succeeded (request id 01KYS8EBK0Y2GA834PXDMA4EFT)."},"filename":"/home/runner/work/xet-core/xet-core/xet_client/src/cas_client/retry_wrapper.rs","line_number":237}
{"timestamp":"2026-07-30T10:17:11.664930Z","level":"INFO","fields":{"message":"Received CAS response","request_id":"01KYS8EBKJ1XCARGTPEX87TP6D","status_code":206},"filename":"/home/runner/work/xet-core/xet-core/xet_client/src/common/http_client.rs","line_number":288}
{"timestamp":"2026-07-30T10:17:11.664945Z","level":"INFO","fields":{"message":"Request Success: s3::get_range api call succeeded (request id 01KYS8EBKJ1XCARGTPEX87TP6D)."},"filename":"/home/runner/work/xet-core/xet-core/xet_client/src/cas_client/retry_wrapper.rs","line_number":237}
{"timestamp":"2026-07-30T10:17:11.673392Z","level":"INFO","fields":{"message":"Retry strategy","retry":"RetryWrapper { max_attempts: 5, base_delay: 3s, max_duration: 360s, no_retry_on_429: false, retry_on_403: true, expected_416: false, expected_404: false, log_errors_as_info: false, api_tag: \"s3::get_range\", has_connection_permit: true }"},"filename":"/home/runner/work/xet-core/xet-core/xet_client/src/cas_client/retry_wrapper.rs","line_number":274}
{"timestamp":"2026-07-30T10:17:11.685812Z","level":"INFO","fields":{"message":"Received CAS response","request_id":"01KYS8EBKTR968B4H8R0ZZWMZS","status_code":206},"filename":"/home/runner/work/xet-core/xet-core/xet_client/src/common/http_client.rs","line_number":288}
{"timestamp":"2026-07-30T10:17:11.685826Z","level":"INFO","fields":{"message":"Request Success: s3::get_range api call succeeded (request id 01KYS8EBKTR968B4H8R0ZZWMZS)."},"filename":"/home/runner/work/xet-core/xet-core/xet_client/src/cas_client/retry_wrapper.rs","line_number":237}
{"timestamp":"2026-07-30T10:17:11.686157Z","level":"INFO","fields":{"message":"Received CAS response","request_id":"01KYS8EBMBH1X91J9AVZ2W9FW6","status_code":206},"filename":"/home/runner/work/xet-core/xet-core/xet_client/src/common/http_client.rs","line_number":288}
{"timestamp":"2026-07-30T10:17:11.686177Z","level":"INFO","fields":{"message":"Request Success: s3::get_range api call succeeded (request id 01KYS8EBMBH1X91J9AVZ2W9FW6)."},"filename":"/home/runner/work/xet-core/xet-core/xet_client/src/cas_client/retry_wrapper.rs","line_number":237}
{"timestamp":"2026-07-30T10:17:11.690375Z","level":"INFO","fields":{"message":"Retry strategy","retry":"RetryWrapper { max_attempts: 5, base_delay: 3s, max_duration: 360s, no_retry_on_429: false, retry_on_403: true, expected_416: false, expected_404: false, log_errors_as_info: false, api_tag: \"s3::get_range\", has_connection_permit: true }"},"filename":"/home/runner/work/xet-core/xet-core/xet_client/src/cas_client/retry_wrapper.rs","line_number":274}
{"timestamp":"2026-07-30T10:17:11.699420Z","level":"INFO","fields":{"message":"Received CAS response","request_id":"01KYS8EBJE6NHS6Q4XSBTB3C3G","status_code":206},"filename":"/home/runner/work/xet-core/xet-core/xet_client/src/common/http_client.rs","line_number":288}
{"timestamp":"2026-07-30T10:17:11.699435Z","level":"INFO","fields":{"message":"Request Success: s3::get_range api call succeeded (request id 01KYS8EBJE6NHS6Q4XSBTB3C3G)."},"filename":"/home/runner/work/xet-core/xet-core/xet_client/src/cas_client/retry_wrapper.rs","line_number":237}
{"timestamp":"2026-07-30T10:17:11.709020Z","level":"INFO","fields":{"message":"Received CAS response","request_id":"01KYS8EBK5S92ZPZAR61THJBN1","status_code":206},"filename":"/home/runner/work/xet-core/xet-core/xet_client/src/common/http_client.rs","line_number":288}
{"timestamp":"2026-07-30T10:17:11.709036Z","level":"INFO","fields":{"message":"Request Success: s3::get_range api call succeeded (request id 01KYS8EBK5S92ZPZAR61THJBN1)."},"filename":"/home/runner/work/xet-core/xet-core/xet_client/src/cas_client/retry_wrapper.rs","line_number":237}
{"timestamp":"2026-07-30T10:17:11.711921Z","level":"INFO","fields":{"message":"Retry strategy","retry":"RetryWrapper { max_attempts: 5, base_delay: 3s, max_duration: 360s, no_retry_on_429: false, retry_on_403: true, expected_416: false, expected_404: false, log_errors_as_info: false, api_tag: \"s3::get_range\", has_connection_permit: true }"},"filename":"/home/runner/work/xet-core/xet-core/xet_client/src/cas_client/retry_wrapper.rs","line_number":274}
{"timestamp":"2026-07-30T10:17:11.713914Z","level":"INFO","fields":{"message":"Received CAS response","request_id":"01KYS8EBN2HPY1NXF019FYSD9K","status_code":206},"filename":"/home/runner/work/xet-core/xet-core/xet_client/src/common/http_client.rs","line_number":288}
{"timestamp":"2026-07-30T10:17:11.713937Z","level":"INFO","fields":{"message":"Request Success: s3::get_range api call succeeded (request id 01KYS8EBN2HPY1NXF019FYSD9K)."},"filename":"/home/runner/work/xet-core/xet-core/xet_client/src/cas_client/retry_wrapper.rs","line_number":237}
{"timestamp":"2026-07-30T10:17:11.716551Z","level":"INFO","fields":{"message":"Retry strategy","retry":"RetryWrapper { max_attempts: 5, base_delay: 3s, max_duration: 360s, no_retry_on_429: false, retry_on_403: true, expected_416: false, expected_404: false, log_errors_as_info: false, api_tag: \"s3::get_range\", has_connection_permit: true }"},"filename":"/home/runner/work/xet-core/xet-core/xet_client/src/cas_client/retry_wrapper.rs","line_number":274}
{"timestamp":"2026-07-30T10:17:11.716725Z","level":"INFO","fields":{"message":"Received CAS response","request_id":"01KYS8EBMSHZRGRN3483WXH0EA","status_code":206},"filename":"/home/runner/work/xet-core/xet-core/xet_client/src/common/http_client.rs","line_number":288}
{"timestamp":"2026-07-30T10:17:11.716739Z","level":"INFO","fields":{"message":"Request Success: s3::get_range api call succeeded (request id 01KYS8EBMSHZRGRN3483WXH0EA)."},"filename":"/home/runner/work/xet-core/xet-core/xet_client/src/cas_client/retry_wrapper.rs","line_number":237}
{"timestamp":"2026-07-30T10:17:11.723312Z","level":"INFO","fields":{"message":"Retry strategy","retry":"RetryWrapper { max_attempts: 5, base_delay: 3s, max_duration: 360s, no_retry_on_429: false, retry_on_403: true, expected_416: false, expected_404: false, log_errors_as_info: false, api_tag: \"s3::get_range\", has_connection_permit: true }"},"filename":"/home/runner/work/xet-core/xet-core/xet_client/src/cas_client/retry_wrapper.rs","line_number":274}
{"timestamp":"2026-07-30T10:17:11.723444Z","level":"INFO","fields":{"message":"Received CAS response","request_id":"01KYS8EBN820GR6VBW6JBS05G4","status_code":206},"filename":"/home/runner/work/xet-core/xet-core/xet_client/src/common/http_client.rs","line_number":288}
{"timestamp":"2026-07-30T10:17:11.723456Z","level":"INFO","fields":{"message":"Request Success: s3::get_range api call succeeded (request id 01KYS8EBN820GR6VBW6JBS05G4)."},"filename":"/home/runner/work/xet-core/xet-core/xet_client/src/cas_client/retry_wrapper.rs","line_number":237}
{"timestamp":"2026-07-30T10:17:11.725833Z","level":"INFO","fields":{"message":"Received CAS response","request_id":"01KYS8EBN3N6BYDT595SSBP7M7","status_code":206},"filename":"/home/runner/work/xet-core/xet-core/xet_client/src/common/http_client.rs","line_number":288}
{"timestamp":"2026-07-30T10:17:11.725850Z","level":"INFO","fields":{"message":"Request Success: s3::get_range api call succeeded (request id 01KYS8EBN3N6BYDT595SSBP7M7)."},"filename":"/home/runner/work/xet-core/xet-core/xet_client/src/cas_client/retry_wrapper.rs","line_number":237}
{"timestamp":"2026-07-30T10:17:11.738012Z","level":"INFO","fields":{"message":"Received CAS response","request_id":"01KYS8EBN3FZ75HJKW5M5N7H9D","status_code":206},"filename":"/home/runner/work/xet-core/xet-core/xet_client/src/common/http_client.rs","line_number":288}
{"timestamp":"2026-07-30T10:17:11.738023Z","level":"INFO","fields":{"message":"Request Success: s3::get_range api call succeeded (request id 01KYS8EBN3FZ75HJKW5M5N7H9D)."},"filename":"/home/runner/work/xet-core/xet-core/xet_client/src/cas_client/retry_wrapper.rs","line_number":237}
{"timestamp":"2026-07-30T10:17:11.746174Z","level":"INFO","fields":{"message":"Concurrency control for download: Increased concurrency from 19 to 20; reason: success ratio 1.000 is above threshold 0.800 and predicted RTT for 1MB at new concurrency is 0.28s < target 60.0s"},"filename":"/home/runner/work/xet-core/xet-core/xet_client/src/cas_client/adaptive_concurrency/controller.rs","line_number":548}
{"timestamp":"2026-07-30T10:17:11.746218Z","level":"INFO","fields":{"message":"Retry strategy","retry":"RetryWrapper { max_attempts: 5, base_delay: 3s, max_duration: 360s, no_retry_on_429: false, retry_on_403: true, expected_416: false, expected_404: false, log_errors_as_info: false, api_tag: \"s3::get_range\", has_connection_permit: true }"},"filename":"/home/runner/work/xet-core/xet-core/xet_client/src/cas_client/retry_wrapper.rs","line_number":274}
{"timestamp":"2026-07-30T10:17:11.746226Z","level":"INFO","fields":{"message":"Retry strategy","retry":"RetryWrapper { max_attempts: 5, base_delay: 3s, max_duration: 360s, no_retry_on_429: false, retry_on_403: true, expected_416: false, expected_404: false, log_errors_as_info: false, api_tag: \"s3::get_range\", has_connection_permit: true }"},"filename":"/home/runner/work/xet-core/xet-core/xet_client/src/cas_client/retry_wrapper.rs","line_number":274}
{"timestamp":"2026-07-30T10:17:11.747674Z","level":"INFO","fields":{"message":"Received CAS response","request_id":"01KYS8EBP64EC0N0W1X83AZGS2","status_code":206},"filename":"/home/runner/work/xet-core/xet-core/xet_client/src/common/http_client.rs","line_number":288}
{"timestamp":"2026-07-30T10:17:11.747685Z","level":"INFO","fields":{"message":"Request Success: s3::get_range api call succeeded (request id 01KYS8EBP64EC0N0W1X83AZGS2)."},"filename":"/home/runner/work/xet-core/xet-core/xet_client/src/cas_client/retry_wrapper.rs","line_number":237}
{"timestamp":"2026-07-30T10:17:11.753834Z","level":"INFO","fields":{"message":"Retry strategy","retry":"RetryWrapper { max_attempts: 5, base_delay: 3s, max_duration: 360s, no_retry_on_429: false, retry_on_403: true, expected_416: false, expected_404: false, log_errors_as_info: false, api_tag: \"s3::get_range\", has_connection_permit: true }"},"filename":"/home/runner/work/xet-core/xet-core/xet_client/src/cas_client/retry_wrapper.rs","line_number":274}
{"timestamp":"2026-07-30T10:17:11.765762Z","level":"INFO","fields":{"message":"Retry strategy","retry":"RetryWrapper { max_attempts: 5, base_delay: 3s, max_duration: 360s, no_retry_on_429: false, retry_on_403: true, expected_416: false, expected_404: false, log_errors_as_info: false, api_tag: \"s3::get_range\", has_connection_permit: true }"},"filename":"/home/runner/work/xet-core/xet-core/xet_client/src/cas_client/retry_wrapper.rs","line_number":274}
{"timestamp":"2026-07-30T10:17:11.777219Z","level":"INFO","fields":{"message":"Received CAS response","request_id":"01KYS8EBQKNC7QKQYAQK5MG1PF","status_code":206},"filename":"/home/runner/work/xet-core/xet-core/xet_client/src/common/http_client.rs","line_number":288}
{"timestamp":"2026-07-30T10:17:11.777244Z","level":"INFO","fields":{"message":"Request Success: s3::get_range api call succeeded (request id 01KYS8EBQKNC7QKQYAQK5MG1PF)."},"filename":"/home/runner/work/xet-core/xet-core/xet_client/src/cas_client/retry_wrapper.rs","line_number":237}
{"timestamp":"2026-07-30T10:17:11.782487Z","level":"INFO","fields":{"message":"Received CAS response","request_id":"01KYS8EBQ5SB4N72SP4ZSJPP4X","status_code":206},"filename":"/home/runner/work/xet-core/xet-core/xet_client/src/common/http_client.rs","line_number":288}
{"timestamp":"2026-07-30T10:17:11.782509Z","level":"INFO","fields":{"message":"Request Success: s3::get_range api call succeeded (request id 01KYS8EBQ5SB4N72SP4ZSJPP4X)."},"filename":"/home/runner/work/xet-core/xet-core/xet_client/src/cas_client/retry_wrapper.rs","line_number":237}
{"timestamp":"2026-07-30T10:17:11.793652Z","level":"INFO","fields":{"message":"Received CAS response","request_id":"01KYS8EBPM4164CHWV0DD163NQ","status_code":206},"filename":"/home/runner/work/xet-core/xet-core/xet_client/src/common/http_client.rs","line_number":288}
{"timestamp":"2026-07-30T10:17:11.793674Z","level":"INFO","fields":{"message":"Request Success: s3::get_range api call succeeded (request id 01KYS8EBPM4164CHWV0DD163NQ)."},"filename":"/home/runner/work/xet-core/xet-core/xet_client/src/cas_client/retry_wrapper.rs","line_number":237}
{"timestamp":"2026-07-30T10:17:11.794055Z","level":"INFO","fields":{"message":"Received CAS response","request_id":"01KYS8EBQ8EJFTX8TTJP6BDBYM","status_code":206},"filename":"/home/runner/work/xet-core/xet-core/xet_client/src/common/http_client.rs","line_number":288}
{"timestamp":"2026-07-30T10:17:11.794065Z","level":"INFO","fields":{"message":"Request Success: s3::get_range api call succeeded (request id 01KYS8EBQ8EJFTX8TTJP6BDBYM)."},"filename":"/home/runner/work/xet-core/xet-core/xet_client/src/cas_client/retry_wrapper.rs","line_number":237}
{"timestamp":"2026-07-30T10:17:11.798889Z","level":"INFO","fields":{"message":"Received CAS response","request_id":"01KYS8EBQ4AM5Z1KMDNTFXFD6A","status_code":206},"filename":"/home/runner/work/xet-core/xet-core/xet_client/src/common/http_client.rs","line_number":288}
{"timestamp":"2026-07-30T10:17:11.798899Z","level":"INFO","fields":{"message":"Request Success: s3::get_range api call succeeded (request id 01KYS8EBQ4AM5Z1KMDNTFXFD6A)."},"filename":"/home/runner/work/xet-core/xet-core/xet_client/src/cas_client/retry_wrapper.rs","line_number":237}
{"timestamp":"2026-07-30T10:17:11.798889Z","level":"INFO","fields":{"message":"Retry strategy","retry":"RetryWrapper { max_attempts: 5, base_delay: 3s, max_duration: 360s, no_retry_on_429: false, retry_on_403: true, expected_416: false, expected_404: false, log_errors_as_info: false, api_tag: \"s3::get_range\", has_connection_permit: true }"},"filename":"/home/runner/work/xet-core/xet-core/xet_client/src/cas_client/retry_wrapper.rs","line_number":274}
{"timestamp":"2026-07-30T10:17:11.808814Z","level":"INFO","fields":{"message":"Retry strategy","retry":"RetryWrapper { max_attempts: 5, base_delay: 3s, max_duration: 360s, no_retry_on_429: false, retry_on_403: true, expected_416: false, expected_404: false, log_errors_as_info: false, api_tag: \"s3::get_range\", has_connection_permit: true }"},"filename":"/home/runner/work/xet-core/xet-core/xet_client/src/cas_client/retry_wrapper.rs","line_number":274}
{"timestamp":"2026-07-30T10:17:11.818106Z","level":"INFO","fields":{"message":"Retry strategy","retry":"RetryWrapper { max_attempts: 5, base_delay: 3s, max_duration: 360s, no_retry_on_429: false, retry_on_403: true, expected_416: false, expected_404: false, log_errors_as_info: false, api_tag: \"s3::get_range\", has_connection_permit: true }"},"filename":"/home/runner/work/xet-core/xet-core/xet_client/src/cas_client/retry_wrapper.rs","line_number":274}
{"timestamp":"2026-07-30T10:17:11.855611Z","level":"INFO","fields":{"message":"Received CAS response","request_id":"01KYS8EBRVGMRNGFCW37GAT8R6","status_code":206},"filename":"/home/runner/work/xet-core/xet-core/xet_client/src/common/http_client.rs","line_number":288}
{"timestamp":"2026-07-30T10:17:11.855635Z","level":"INFO","fields":{"message":"Request Success: s3::get_range api call succeeded (request id 01KYS8EBRVGMRNGFCW37GAT8R6)."},"filename":"/home/runner/work/xet-core/xet-core/xet_client/src/cas_client/retry_wrapper.rs","line_number":237}
{"timestamp":"2026-07-30T10:17:11.858770Z","level":"INFO","fields":{"message":"Received CAS response","request_id":"01KYS8EBRAZEJ9K7GRB26J7MR1","status_code":206},"filename":"/home/runner/work/xet-core/xet-core/xet_client/src/common/http_client.rs","line_number":288}
{"timestamp":"2026-07-30T10:17:11.858807Z","level":"INFO","fields":{"message":"Request Success: s3::get_range api call succeeded (request id 01KYS8EBRAZEJ9K7GRB26J7MR1)."},"filename":"/home/runner/work/xet-core/xet-core/xet_client/src/cas_client/retry_wrapper.rs","line_number":237}
{"timestamp":"2026-07-30T10:17:11.861779Z","level":"INFO","fields":{"message":"Retry strategy","retry":"RetryWrapper { max_attempts: 5, base_delay: 3s, max_duration: 360s, no_retry_on_429: false, retry_on_403: true, expected_416: false, expected_404: false, log_errors_as_info: false, api_tag: \"s3::get_range\", has_connection_permit: true }"},"filename":"/home/runner/work/xet-core/xet-core/xet_client/src/cas_client/retry_wrapper.rs","line_number":274}
{"timestamp":"2026-07-30T10:17:11.864172Z","level":"INFO","fields":{"message":"Received CAS response","request_id":"01KYS8EBSJVAJWC180G5SSJA1X","status_code":206},"filename":"/home/runner/work/xet-core/xet-core/xet_client/src/common/http_client.rs","line_number":288}
{"timestamp":"2026-07-30T10:17:11.864202Z","level":"INFO","fields":{"message":"Request Success: s3::get_range api call succeeded (request id 01KYS8EBSJVAJWC180G5SSJA1X)."},"filename":"/home/runner/work/xet-core/xet-core/xet_client/src/cas_client/retry_wrapper.rs","line_number":237}
{"timestamp":"2026-07-30T10:17:11.864652Z","level":"INFO","fields":{"message":"Retry strategy","retry":"RetryWrapper { max_attempts: 5, base_delay: 3s, max_duration: 360s, no_retry_on_429: false, retry_on_403: true, expected_416: false, expected_404: false, log_errors_as_info: false, api_tag: \"s3::get_range\", has_connection_permit: true }"},"filename":"/home/runner/work/xet-core/xet-core/xet_client/src/cas_client/retry_wrapper.rs","line_number":274}
{"timestamp":"2026-07-30T10:17:11.872152Z","level":"INFO","fields":{"message":"Retry strategy","retry":"RetryWrapper { max_attempts: 5, base_delay: 3s, max_duration: 360s, no_retry_on_429: false, retry_on_403: true, expected_416: false, expected_404: false, log_errors_as_info: false, api_tag: \"s3::get_range\", has_connection_permit: true }"},"filename":"/home/runner/work/xet-core/xet-core/xet_client/src/cas_client/retry_wrapper.rs","line_number":274}
{"timestamp":"2026-07-30T10:17:11.877912Z","level":"INFO","fields":{"message":"Received CAS response","request_id":"01KYS8EBSX46664882MV582W2S","status_code":206},"filename":"/home/runner/work/xet-core/xet-core/xet_client/src/common/http_client.rs","line_number":288}
{"timestamp":"2026-07-30T10:17:11.877932Z","level":"INFO","fields":{"message":"Request Success: s3::get_range api call succeeded (request id 01KYS8EBSX46664882MV582W2S)."},"filename":"/home/runner/work/xet-core/xet-core/xet_client/src/cas_client/retry_wrapper.rs","line_number":237}
{"timestamp":"2026-07-30T10:17:11.878327Z","level":"INFO","fields":{"message":"Retry strategy","retry":"RetryWrapper { max_attempts: 5, base_delay: 3s, max_duration: 360s, no_retry_on_429: false, retry_on_403: true, expected_416: false, expected_404: false, log_errors_as_info: false, api_tag: \"s3::get_range\", has_connection_permit: true }"},"filename":"/home/runner/work/xet-core/xet-core/xet_client/src/cas_client/retry_wrapper.rs","line_number":274}
{"timestamp":"2026-07-30T10:17:11.884992Z","level":"INFO","fields":{"message":"Retry strategy","retry":"RetryWrapper { max_attempts: 5, base_delay: 3s, max_duration: 360s, no_retry_on_429: false, retry_on_403: true, expected_416: false, expected_404: false, log_errors_as_info: false, api_tag: \"s3::get_range\", has_connection_permit: true }"},"filename":"/home/runner/work/xet-core/xet-core/xet_client/src/cas_client/retry_wrapper.rs","line_number":274}
{"timestamp":"2026-07-30T10:17:11.888385Z","level":"INFO","fields":{"message":"Retry strategy","retry":"RetryWrapper { max_attempts: 5, base_delay: 3s, max_duration: 360s, no_retry_on_429: false, retry_on_403: true, expected_416: false, expected_404: false, log_errors_as_info: false, api_tag: \"s3::get_range\", has_connection_permit: true }"},"filename":"/home/runner/work/xet-core/xet-core/xet_client/src/cas_client/retry_wrapper.rs","line_number":274}
{"timestamp":"2026-07-30T10:17:11.895812Z","level":"INFO","fields":{"message":"Received CAS response","request_id":"01KYS8EBSPE6BT2MC04KTQYS26","status_code":206},"filename":"/home/runner/work/xet-core/xet-core/xet_client/src/common/http_client.rs","line_number":288}
{"timestamp":"2026-07-30T10:17:11.895832Z","level":"INFO","fields":{"message":"Request Success: s3::get_range api call succeeded (request id 01KYS8EBSPE6BT2MC04KTQYS26)."},"filename":"/home/runner/work/xet-core/xet-core/xet_client/src/cas_client/retry_wrapper.rs","line_number":237}
{"timestamp":"2026-07-30T10:17:11.897865Z","level":"INFO","fields":{"message":"Received CAS response","request_id":"01KYS8EBTYYT77FVNF7T8TYRM2","status_code":206},"filename":"/home/runner/work/xet-core/xet-core/xet_client/src/common/http_client.rs","line_number":288}
{"timestamp":"2026-07-30T10:17:11.897876Z","level":"INFO","fields":{"message":"Request Success: s3::get_range api call succeeded (request id 01KYS8EBTYYT77FVNF7T8TYRM2)."},"filename":"/home/runner/work/xet-core/xet-core/xet_client/src/cas_client/retry_wrapper.rs","line_number":237}
{"timestamp":"2026-07-30T10:17:11.901729Z","level":"INFO","fields":{"message":"Received CAS response","request_id":"01KYS8EBTMAS4J19R9MHKFE8G0","status_code":206},"filename":"/home/runner/work/xet-core/xet-core/xet_client/src/common/http_client.rs","line_number":288}
{"timestamp":"2026-07-30T10:17:11.901763Z","level":"INFO","fields":{"message":"Request Success: s3::get_range api call succeeded (request id 01KYS8EBTMAS4J19R9MHKFE8G0)."},"filename":"/home/runner/work/xet-core/xet-core/xet_client/src/cas_client/retry_wrapper.rs","line_number":237}
{"timestamp":"2026-07-30T10:17:11.906226Z","level":"INFO","fields":{"message":"Received CAS response","request_id":"01KYS8EBTKKGPK7GHNBWDBV3D3","status_code":206},"filename":"/home/runner/work/xet-core/xet-core/xet_client/src/common/http_client.rs","line_number":288}
{"timestamp":"2026-07-30T10:17:11.906241Z","level":"INFO","fields":{"message":"Request Success: s3::get_range api call succeeded (request id 01KYS8EBTKKGPK7GHNBWDBV3D3)."},"filename":"/home/runner/work/xet-core/xet-core/xet_client/src/cas_client/retry_wrapper.rs","line_number":237}
{"timestamp":"2026-07-30T10:17:11.906469Z","level":"INFO","fields":{"message":"Retry strategy","retry":"RetryWrapper { max_attempts: 5, base_delay: 3s, max_duration: 360s, no_retry_on_429: false, retry_on_403: true, expected_416: false, expected_404: false, log_errors_as_info: false, api_tag: \"s3::get_range\", has_connection_permit: true }"},"filename":"/home/runner/work/xet-core/xet-core/xet_client/src/cas_client/retry_wrapper.rs","line_number":274}
{"timestamp":"2026-07-30T10:17:11.926409Z","level":"INFO","fields":{"message":"Received CAS response","request_id":"01KYS8EBV9QGPW3JBN73WX6BFW","status_code":206},"filename":"/home/runner/work/xet-core/xet-core/xet_client/src/common/http_client.rs","line_number":288}
{"timestamp":"2026-07-30T10:17:11.926439Z","level":"INFO","fields":{"message":"Request Success: s3::get_range api call succeeded (request id 01KYS8EBV9QGPW3JBN73WX6BFW)."},"filename":"/home/runner/work/xet-core/xet-core/xet_client/src/cas_client/retry_wrapper.rs","line_number":237}
{"timestamp":"2026-07-30T10:17:11.927202Z","level":"INFO","fields":{"message":"Retry strategy","retry":"RetryWrapper { max_attempts: 5, base_delay: 3s, max_duration: 360s, no_retry_on_429: false, retry_on_403: true, expected_416: false, expected_404: false, log_errors_as_info: false, api_tag: \"s3::get_range\", has_connection_permit: true }"},"filename":"/home/runner/work/xet-core/xet-core/xet_client/src/cas_client/retry_wrapper.rs","line_number":274}
{"timestamp":"2026-07-30T10:17:11.930739Z","level":"INFO","fields":{"message":"Retry strategy","retry":"RetryWrapper { max_attempts: 5, base_delay: 3s, max_duration: 360s, no_retry_on_429: false, retry_on_403: true, expected_416: false, expected_404: false, log_errors_as_info: false, api_tag: \"s3::get_range\", has_connection_permit: true }"},"filename":"/home/runner/work/xet-core/xet-core/xet_client/src/cas_client/retry_wrapper.rs","line_number":274}
{"timestamp":"2026-07-30T10:17:11.944353Z","level":"INFO","fields":{"message":"Retry strategy","retry":"RetryWrapper { max_attempts: 5, base_delay: 3s, max_duration: 360s, no_retry_on_429: false, retry_on_403: true, expected_416: false, expected_404: false, log_errors_as_info: false, api_tag: \"s3::get_range\", has_connection_permit: true }"},"filename":"/home/runner/work/xet-core/xet-core/xet_client/src/cas_client/retry_wrapper.rs","line_number":274}
{"timestamp":"2026-07-30T10:17:11.964356Z","level":"INFO","fields":{"message":"Received CAS response","request_id":"01KYS8EBW91VKKF5MVBDYNG4RM","status_code":206},"filename":"/home/runner/work/xet-core/xet-core/xet_client/src/common/http_client.rs","line_number":288}
{"timestamp":"2026-07-30T10:17:11.964380Z","level":"INFO","fields":{"message":"Request Success: s3::get_range api call succeeded (request id 01KYS8EBW91VKKF5MVBDYNG4RM)."},"filename":"/home/runner/work/xet-core/xet-core/xet_client/src/cas_client/retry_wrapper.rs","line_number":237}
{"timestamp":"2026-07-30T10:17:11.969050Z","level":"INFO","fields":{"message":"Received CAS response","request_id":"01KYS8EBWVYNBK2S2THFN8R23D","status_code":206},"filename":"/home/runner/work/xet-core/xet-core/xet_client/src/common/http_client.rs","line_number":288}
{"timestamp":"2026-07-30T10:17:11.969069Z","level":"INFO","fields":{"message":"Request Success: s3::get_range api call succeeded (request id 01KYS8EBWVYNBK2S2THFN8R23D)."},"filename":"/home/runner/work/xet-core/xet-core/xet_client/src/cas_client/retry_wrapper.rs","line_number":237}
{"timestamp":"2026-07-30T10:17:11.969477Z","level":"INFO","fields":{"message":"Retry strategy","retry":"RetryWrapper { max_attempts: 5, base_delay: 3s, max_duration: 360s, no_retry_on_429: false, retry_on_403: true, expected_416: false, expected_404: false, log_errors_as_info: false, api_tag: \"s3::get_range\", has_connection_permit: true }"},"filename":"/home/runner/work/xet-core/xet-core/xet_client/src/cas_client/retry_wrapper.rs","line_number":274}
{"timestamp":"2026-07-30T10:17:11.994780Z","level":"INFO","fields":{"message":"Retry strategy","retry":"RetryWrapper { max_attempts: 5, base_delay: 3s, max_duration: 360s, no_retry_on_429: false, retry_on_403: true, expected_416: false, expected_404: false, log_errors_as_info: false, api_tag: \"s3::get_range\", has_connection_permit: true }"},"filename":"/home/runner/work/xet-core/xet-core/xet_client/src/cas_client/retry_wrapper.rs","line_number":274}
{"timestamp":"2026-07-30T10:17:12.005604Z","level":"INFO","fields":{"message":"Retry strategy","retry":"RetryWrapper { max_attempts: 5, base_delay: 3s, max_duration: 360s, no_retry_on_429: false, retry_on_403: true, expected_416: false, expected_404: false, log_errors_as_info: false, api_tag: \"s3::get_range\", has_connection_permit: true }"},"filename":"/home/runner/work/xet-core/xet-core/xet_client/src/cas_client/retry_wrapper.rs","line_number":274}
{"timestamp":"2026-07-30T10:17:12.005912Z","level":"INFO","fields":{"message":"Received CAS response","request_id":"01KYS8EBYCDSHMXGRMZM8TVYDB","status_code":206},"filename":"/home/runner/work/xet-core/xet-core/xet_client/src/common/http_client.rs","line_number":288}
{"timestamp":"2026-07-30T10:17:12.005924Z","level":"INFO","fields":{"message":"Request Success: s3::get_range api call succeeded (request id 01KYS8EBYCDSHMXGRMZM8TVYDB)."},"filename":"/home/runner/work/xet-core/xet-core/xet_client/src/cas_client/retry_wrapper.rs","line_number":237}
{"timestamp":"2026-07-30T10:17:12.006746Z","level":"INFO","fields":{"message":"Received CAS response","request_id":"01KYS8EBWJ2CDP7H9EKHK3GVDW","status_code":206},"filename":"/home/runner/work/xet-core/xet-core/xet_client/src/common/http_client.rs","line_number":288}
{"timestamp":"2026-07-30T10:17:12.006754Z","level":"INFO","fields":{"message":"Request Success: s3::get_range api call succeeded (request id 01KYS8EBWJ2CDP7H9EKHK3GVDW)."},"filename":"/home/runner/work/xet-core/xet-core/xet_client/src/cas_client/retry_wrapper.rs","line_number":237}
{"timestamp":"2026-07-30T10:17:12.007709Z","level":"INFO","fields":{"message":"Retry strategy","retry":"RetryWrapper { max_attempts: 5, base_delay: 3s, max_duration: 360s, no_retry_on_429: false, retry_on_403: true, expected_416: false, expected_404: false, log_errors_as_info: false, api_tag: \"s3::get_range\", has_connection_permit: true }"},"filename":"/home/runner/work/xet-core/xet-core/xet_client/src/cas_client/retry_wrapper.rs","line_number":274}
{"timestamp":"2026-07-30T10:17:12.008066Z","level":"INFO","fields":{"message":"Received CAS response","request_id":"01KYS8EBY6ZVD42JWGF23YA18Q","status_code":206},"filename":"/home/runner/work/xet-core/xet-core/xet_client/src/common/http_client.rs","line_number":288}
{"timestamp":"2026-07-30T10:17:12.008083Z","level":"INFO","fields":{"message":"Request Success: s3::get_range api call succeeded (request id 01KYS8EBY6ZVD42JWGF23YA18Q)."},"filename":"/home/runner/work/xet-core/xet-core/xet_client/src/cas_client/retry_wrapper.rs","line_number":237}
{"timestamp":"2026-07-30T10:17:12.011914Z","level":"INFO","fields":{"message":"Retry strategy","retry":"RetryWrapper { max_attempts: 5, base_delay: 3s, max_duration: 360s, no_retry_on_429: false, retry_on_403: true, expected_416: false, expected_404: false, log_errors_as_info: false, api_tag: \"s3::get_range\", has_connection_permit: true }"},"filename":"/home/runner/work/xet-core/xet-core/xet_client/src/cas_client/retry_wrapper.rs","line_number":274}
{"timestamp":"2026-07-30T10:17:12.015246Z","level":"INFO","fields":{"message":"Received CAS response","request_id":"01KYS8EBYQ00RY76AJBK86VSTA","status_code":206},"filename":"/home/runner/work/xet-core/xet-core/xet_client/src/common/http_client.rs","line_number":288}
{"timestamp":"2026-07-30T10:17:12.015270Z","level":"INFO","fields":{"message":"Request Success: s3::get_range api call succeeded (request id 01KYS8EBYQ00RY76AJBK86VSTA)."},"filename":"/home/runner/work/xet-core/xet-core/xet_client/src/cas_client/retry_wrapper.rs","line_number":237}
{"timestamp":"2026-07-30T10:17:12.023754Z","level":"INFO","fields":{"message":"Retry strategy","retry":"RetryWrapper { max_attempts: 5, base_delay: 3s, max_duration: 360s, no_retry_on_429: false, retry_on_403: true, expected_416: false, expected_404: false, log_errors_as_info: false, api_tag: \"s3::get_range\", has_connection_permit: true }"},"filename":"/home/runner/work/xet-core/xet-core/xet_client/src/cas_client/retry_wrapper.rs","line_number":274}
{"timestamp":"2026-07-30T10:17:12.027694Z","level":"INFO","fields":{"message":"Received CAS response","request_id":"01KYS8EBYHPGXNK1FABBGH16XS","status_code":206},"filename":"/home/runner/work/xet-core/xet-core/xet_client/src/common/http_client.rs","line_number":288}
{"timestamp":"2026-07-30T10:17:12.027716Z","level":"INFO","fields":{"message":"Request Success: s3::get_range api call succeeded (request id 01KYS8EBYHPGXNK1FABBGH16XS)."},"filename":"/home/runner/work/xet-core/xet-core/xet_client/src/cas_client/retry_wrapper.rs","line_number":237}
{"timestamp":"2026-07-30T10:17:12.027826Z","level":"INFO","fields":{"message":"Retry strategy","retry":"RetryWrapper { max_attempts: 5, base_delay: 3s, max_duration: 360s, no_retry_on_429: false, retry_on_403: true, expected_416: false, expected_404: false, log_errors_as_info: false, api_tag: \"s3::get_range\", has_connection_permit: true }"},"filename":"/home/runner/work/xet-core/xet-core/xet_client/src/cas_client/retry_wrapper.rs","line_number":274}
{"timestamp":"2026-07-30T10:17:12.029487Z","level":"INFO","fields":{"message":"Retry strategy","retry":"RetryWrapper { max_attempts: 5, base_delay: 3s, max_duration: 360s, no_retry_on_429: false, retry_on_403: true, expected_416: false, expected_404: false, log_errors_as_info: false, api_tag: \"s3::get_range\", has_connection_permit: true }"},"filename":"/home/runner/work/xet-core/xet-core/xet_client/src/cas_client/retry_wrapper.rs","line_number":274}
{"timestamp":"2026-07-30T10:17:12.037007Z","level":"INFO","fields":{"message":"Received CAS response","request_id":"01KYS8EBZ32W620QB2CCG5EB70","status_code":206},"filename":"/home/runner/work/xet-core/xet-core/xet_client/src/common/http_client.rs","line_number":288}
{"timestamp":"2026-07-30T10:17:12.037027Z","level":"INFO","fields":{"message":"Request Success: s3::get_range api call succeeded (request id 01KYS8EBZ32W620QB2CCG5EB70)."},"filename":"/home/runner/work/xet-core/xet-core/xet_client/src/cas_client/retry_wrapper.rs","line_number":237}
{"timestamp":"2026-07-30T10:17:12.037523Z","level":"INFO","fields":{"message":"Retry strategy","retry":"RetryWrapper { max_attempts: 5, base_delay: 3s, max_duration: 360s, no_retry_on_429: false, retry_on_403: true, expected_416: false, expected_404: false, log_errors_as_info: false, api_tag: \"s3::get_range\", has_connection_permit: true }"},"filename":"/home/runner/work/xet-core/xet-core/xet_client/src/cas_client/retry_wrapper.rs","line_number":274}
{"timestamp":"2026-07-30T10:17:12.044327Z","level":"INFO","fields":{"message":"Received CAS response","request_id":"01KYS8EBZ2HTT9DE56XYS96H0D","status_code":206},"filename":"/home/runner/work/xet-core/xet-core/xet_client/src/common/http_client.rs","line_number":288}
{"timestamp":"2026-07-30T10:17:12.044352Z","level":"INFO","fields":{"message":"Request Success: s3::get_range api call succeeded (request id 01KYS8EBZ2HTT9DE56XYS96H0D)."},"filename":"/home/runner/work/xet-core/xet-core/xet_client/src/cas_client/retry_wrapper.rs","line_number":237}
{"timestamp":"2026-07-30T10:17:12.052942Z","level":"INFO","fields":{"message":"Retry strategy","retry":"RetryWrapper { max_attempts: 5, base_delay: 3s, max_duration: 360s, no_retry_on_429: false, retry_on_403: true, expected_416: false, expected_404: false, log_errors_as_info: false, api_tag: \"s3::get_range\", has_connection_permit: true }"},"filename":"/home/runner/work/xet-core/xet-core/xet_client/src/cas_client/retry_wrapper.rs","line_number":274}
{"timestamp":"2026-07-30T10:17:12.057038Z","level":"INFO","fields":{"message":"Retry strategy","retry":"RetryWrapper { max_attempts: 5, base_delay: 3s, max_duration: 360s, no_retry_on_429: false, retry_on_403: true, expected_416: false, expected_404: false, log_errors_as_info: false, api_tag: \"s3::get_range\", has_connection_permit: true }"},"filename":"/home/runner/work/xet-core/xet-core/xet_client/src/cas_client/retry_wrapper.rs","line_number":274}
{"timestamp":"2026-07-30T10:17:12.060214Z","level":"INFO","fields":{"message":"Retry strategy","retry":"RetryWrapper { max_attempts: 5, base_delay: 3s, max_duration: 360s, no_retry_on_429: false, retry_on_403: true, expected_416: false, expected_404: false, log_errors_as_info: false, api_tag: \"s3::get_range\", has_connection_permit: true }"},"filename":"/home/runner/work/xet-core/xet-core/xet_client/src/cas_client/retry_wrapper.rs","line_number":274}
{"timestamp":"2026-07-30T10:17:12.067060Z","level":"INFO","fields":{"message":"Received CAS response","request_id":"01KYS8EBZMGPRMG1X36VZKGQFA","status_code":206},"filename":"/home/runner/work/xet-core/xet-core/xet_client/src/common/http_client.rs","line_number":288}
{"timestamp":"2026-07-30T10:17:12.067083Z","level":"INFO","fields":{"message":"Request Success: s3::get_range api call succeeded (request id 01KYS8EBZMGPRMG1X36VZKGQFA)."},"filename":"/home/runner/work/xet-core/xet-core/xet_client/src/cas_client/retry_wrapper.rs","line_number":237}
{"timestamp":"2026-07-30T10:17:12.070043Z","level":"INFO","fields":{"message":"Received CAS response","request_id":"01KYS8EC0AG7Z53TRTJ3TCADFY","status_code":206},"filename":"/home/runner/work/xet-core/xet-core/xet_client/src/common/http_client.rs","line_number":288}
{"timestamp":"2026-07-30T10:17:12.070066Z","level":"INFO","fields":{"message":"Request Success: s3::get_range api call succeeded (request id 01KYS8EC0AG7Z53TRTJ3TCADFY)."},"filename":"/home/runner/work/xet-core/xet-core/xet_client/src/cas_client/retry_wrapper.rs","line_number":237}
{"timestamp":"2026-07-30T10:17:12.070069Z","level":"INFO","fields":{"message":"Received CAS response","request_id":"01KYS8EC0DFJD1FSSD6KYNZ3Z0","status_code":206},"filename":"/home/runner/work/xet-core/xet-core/xet_client/src/common/http_client.rs","line_number":288}
{"timestamp":"2026-07-30T10:17:12.070083Z","level":"INFO","fields":{"message":"Request Success: s3::get_range api call succeeded (request id 01KYS8EC0DFJD1FSSD6KYNZ3Z0)."},"filename":"/home/runner/work/xet-core/xet-core/xet_client/src/cas_client/retry_wrapper.rs","line_number":237}
{"timestamp":"2026-07-30T10:17:12.079604Z","level":"INFO","fields":{"message":"Retry strategy","retry":"RetryWrapper { max_attempts: 5, base_delay: 3s, max_duration: 360s, no_retry_on_429: false, retry_on_403: true, expected_416: false, expected_404: false, log_errors_as_info: false, api_tag: \"s3::get_range\", has_connection_permit: true }"},"filename":"/home/runner/work/xet-core/xet-core/xet_client/src/cas_client/retry_wrapper.rs","line_number":274}
{"timestamp":"2026-07-30T10:17:12.082001Z","level":"INFO","fields":{"message":"Retry strategy","retry":"RetryWrapper { max_attempts: 5, base_delay: 3s, max_duration: 360s, no_retry_on_429: false, retry_on_403: true, expected_416: false, expected_404: false, log_errors_as_info: false, api_tag: \"s3::get_range\", has_connection_permit: true }"},"filename":"/home/runner/work/xet-core/xet-core/xet_client/src/cas_client/retry_wrapper.rs","line_number":274}
{"timestamp":"2026-07-30T10:17:12.089884Z","level":"INFO","fields":{"message":"Received CAS response","request_id":"01KYS8EC0TAW6WD72W3GQPFD8B","status_code":206},"filename":"/home/runner/work/xet-core/xet-core/xet_client/src/common/http_client.rs","line_number":288}
{"timestamp":"2026-07-30T10:17:12.089914Z","level":"INFO","fields":{"message":"Request Success: s3::get_range api call succeeded (request id 01KYS8EC0TAW6WD72W3GQPFD8B)."},"filename":"/home/runner/work/xet-core/xet-core/xet_client/src/cas_client/retry_wrapper.rs","line_number":237}
{"timestamp":"2026-07-30T10:17:12.101630Z","level":"INFO","fields":{"message":"Retry strategy","retry":"RetryWrapper { max_attempts: 5, base_delay: 3s, max_duration: 360s, no_retry_on_429: false, retry_on_403: true, expected_416: false, expected_404: false, log_errors_as_info: false, api_tag: \"s3::get_range\", has_connection_permit: true }"},"filename":"/home/runner/work/xet-core/xet-core/xet_client/src/cas_client/retry_wrapper.rs","line_number":274}
{"timestamp":"2026-07-30T10:17:12.118602Z","level":"INFO","fields":{"message":"Received CAS response","request_id":"01KYS8EC1K8E5C7FSX9CRN2PP2","status_code":206},"filename":"/home/runner/work/xet-core/xet-core/xet_client/src/common/http_client.rs","line_number":288}
{"timestamp":"2026-07-30T10:17:12.118631Z","level":"INFO","fields":{"message":"Request Success: s3::get_range api call succeeded (request id 01KYS8EC1K8E5C7FSX9CRN2PP2)."},"filename":"/home/runner/work/xet-core/xet-core/xet_client/src/cas_client/retry_wrapper.rs","line_number":237}
{"timestamp":"2026-07-30T10:17:12.130162Z","level":"INFO","fields":{"message":"Retry strategy","retry":"RetryWrapper { max_attempts: 5, base_delay: 3s, max_duration: 360s, no_retry_on_429: false, retry_on_403: true, expected_416: false, expected_404: false, log_errors_as_info: false, api_tag: \"s3::get_range\", has_connection_permit: true }"},"filename":"/home/runner/work/xet-core/xet-core/xet_client/src/cas_client/retry_wrapper.rs","line_number":274}
{"timestamp":"2026-07-30T10:17:12.137520Z","level":"INFO","fields":{"message":"Retry strategy","retry":"RetryWrapper { max_attempts: 5, base_delay: 3s, max_duration: 360s, no_retry_on_429: false, retry_on_403: true, expected_416: false, expected_404: false, log_errors_as_info: false, api_tag: \"s3::get_range\", has_connection_permit: true }"},"filename":"/home/runner/work/xet-core/xet-core/xet_client/src/cas_client/retry_wrapper.rs","line_number":274}
{"timestamp":"2026-07-30T10:17:12.147704Z","level":"INFO","fields":{"message":"Received CAS response","request_id":"01KYS8EC2CSRG40XRXQ134A1CN","status_code":206},"filename":"/home/runner/work/xet-core/xet-core/xet_client/src/common/http_client.rs","line_number":288}
{"timestamp":"2026-07-30T10:17:12.147729Z","level":"INFO","fields":{"message":"Request Success: s3::get_range api call succeeded (request id 01KYS8EC2CSRG40XRXQ134A1CN)."},"filename":"/home/runner/work/xet-core/xet-core/xet_client/src/cas_client/retry_wrapper.rs","line_number":237}
{"timestamp":"2026-07-30T10:17:12.148141Z","level":"INFO","fields":{"message":"Received CAS response","request_id":"01KYS8EC2XSJ9HQDRDVZZ0VTYB","status_code":206},"filename":"/home/runner/work/xet-core/xet-core/xet_client/src/common/http_client.rs","line_number":288}
{"timestamp":"2026-07-30T10:17:12.148154Z","level":"INFO","fields":{"message":"Request Success: s3::get_range api call succeeded (request id 01KYS8EC2XSJ9HQDRDVZZ0VTYB)."},"filename":"/home/runner/work/xet-core/xet-core/xet_client/src/cas_client/retry_wrapper.rs","line_number":237}
{"timestamp":"2026-07-30T10:17:12.152393Z","level":"INFO","fields":{"message":"Retry strategy","retry":"RetryWrapper { max_attempts: 5, base_delay: 3s, max_duration: 360s, no_retry_on_429: false, retry_on_403: true, expected_416: false, expected_404: false, log_errors_as_info: false, api_tag: \"s3::get_range\", has_connection_permit: true }"},"filename":"/home/runner/work/xet-core/xet-core/xet_client/src/cas_client/retry_wrapper.rs","line_number":274}
{"timestamp":"2026-07-30T10:17:12.157144Z","level":"INFO","fields":{"message":"Received CAS response","request_id":"01KYS8EC2S813E59MWMMNWNMM6","status_code":206},"filename":"/home/runner/work/xet-core/xet-core/xet_client/src/common/http_client.rs","line_number":288}
{"timestamp":"2026-07-30T10:17:12.157162Z","level":"INFO","fields":{"message":"Request Success: s3::get_range api call succeeded (request id 01KYS8EC2S813E59MWMMNWNMM6)."},"filename":"/home/runner/work/xet-core/xet-core/xet_client/src/cas_client/retry_wrapper.rs","line_number":237}
{"timestamp":"2026-07-30T10:17:12.158551Z","level":"INFO","fields":{"message":"Retry strategy","retry":"RetryWrapper { max_attempts: 5, base_delay: 3s, max_duration: 360s, no_retry_on_429: false, retry_on_403: true, expected_416: false, expected_404: false, log_errors_as_info: false, api_tag: \"s3::get_range\", has_connection_permit: true }"},"filename":"/home/runner/work/xet-core/xet-core/xet_client/src/cas_client/retry_wrapper.rs","line_number":274}
{"timestamp":"2026-07-30T10:17:12.164380Z","level":"INFO","fields":{"message":"Received CAS response","request_id":"01KYS8EC2PKFYQ50ZAYPZ9VDAR","status_code":206},"filename":"/home/runner/work/xet-core/xet-core/xet_client/src/common/http_client.rs","line_number":288}
{"timestamp":"2026-07-30T10:17:12.164393Z","level":"INFO","fields":{"message":"Request Success: s3::get_range api call succeeded (request id 01KYS8EC2PKFYQ50ZAYPZ9VDAR)."},"filename":"/home/runner/work/xet-core/xet-core/xet_client/src/cas_client/retry_wrapper.rs","line_number":237}
{"timestamp":"2026-07-30T10:17:12.173678Z","level":"INFO","fields":{"message":"Received CAS response","request_id":"01KYS8EC3FS2N551E6B5NRKB6B","status_code":206},"filename":"/home/runner/work/xet-core/xet-core/xet_client/src/common/http_client.rs","line_number":288}
{"timestamp":"2026-07-30T10:17:12.173691Z","level":"INFO","fields":{"message":"Request Success: s3::get_range api call succeeded (request id 01KYS8EC3FS2N551E6B5NRKB6B)."},"filename":"/home/runner/work/xet-core/xet-core/xet_client/src/cas_client/retry_wrapper.rs","line_number":237}
{"timestamp":"2026-07-30T10:17:12.175318Z","level":"INFO","fields":{"message":"Retry strategy","retry":"RetryWrapper { max_attempts: 5, base_delay: 3s, max_duration: 360s, no_retry_on_429: false, retry_on_403: true, expected_416: false, expected_404: false, log_errors_as_info: false, api_tag: \"s3::get_range\", has_connection_permit: true }"},"filename":"/home/runner/work/xet-core/xet-core/xet_client/src/cas_client/retry_wrapper.rs","line_number":274}
{"timestamp":"2026-07-30T10:17:12.176422Z","level":"INFO","fields":{"message":"Retry strategy","retry":"RetryWrapper { max_attempts: 5, base_delay: 3s, max_duration: 360s, no_retry_on_429: false, retry_on_403: true, expected_416: false, expected_404: false, log_errors_as_info: false, api_tag: \"s3::get_range\", has_connection_permit: true }"},"filename":"/home/runner/work/xet-core/xet-core/xet_client/src/cas_client/retry_wrapper.rs","line_number":274}
{"timestamp":"2026-07-30T10:17:12.177139Z","level":"INFO","fields":{"message":"Received CAS response","request_id":"01KYS8EC38Z28K8PNXVCPKTRVB","status_code":206},"filename":"/home/runner/work/xet-core/xet-core/xet_client/src/common/http_client.rs","line_number":288}
{"timestamp":"2026-07-30T10:17:12.177199Z","level":"INFO","fields":{"message":"Request Success: s3::get_range api call succeeded (request id 01KYS8EC38Z28K8PNXVCPKTRVB)."},"filename":"/home/runner/work/xet-core/xet-core/xet_client/src/cas_client/retry_wrapper.rs","line_number":237}
{"timestamp":"2026-07-30T10:17:12.178434Z","level":"INFO","fields":{"message":"Retry strategy","retry":"RetryWrapper { max_attempts: 5, base_delay: 3s, max_duration: 360s, no_retry_on_429: false, retry_on_403: true, expected_416: false, expected_404: false, log_errors_as_info: false, api_tag: \"s3::get_range\", has_connection_permit: true }"},"filename":"/home/runner/work/xet-core/xet-core/xet_client/src/cas_client/retry_wrapper.rs","line_number":274}
{"timestamp":"2026-07-30T10:17:12.183265Z","level":"INFO","fields":{"message":"Received CAS response","request_id":"01KYS8EC3SDNWMM6SFVYMF5WMA","status_code":206},"filename":"/home/runner/work/xet-core/xet-core/xet_client/src/common/http_client.rs","line_number":288}
{"timestamp":"2026-07-30T10:17:12.183278Z","level":"INFO","fields":{"message":"Request Success: s3::get_range api call succeeded (request id 01KYS8EC3SDNWMM6SFVYMF5WMA)."},"filename":"/home/runner/work/xet-core/xet-core/xet_client/src/cas_client/retry_wrapper.rs","line_number":237}
{"timestamp":"2026-07-30T10:17:12.190559Z","level":"INFO","fields":{"message":"Received CAS response","request_id":"01KYS8EC45T7Z0YDBWD60MJAXZ","status_code":206},"filename":"/home/runner/work/xet-core/xet-core/xet_client/src/common/http_client.rs","line_number":288}
{"timestamp":"2026-07-30T10:17:12.190580Z","level":"INFO","fields":{"message":"Request Success: s3::get_range api call succeeded (request id 01KYS8EC45T7Z0YDBWD60MJAXZ)."},"filename":"/home/runner/work/xet-core/xet-core/xet_client/src/cas_client/retry_wrapper.rs","line_number":237}
{"timestamp":"2026-07-30T10:17:12.191579Z","level":"INFO","fields":{"message":"Retry strategy","retry":"RetryWrapper { max_attempts: 5, base_delay: 3s, max_duration: 360s, no_retry_on_429: false, retry_on_403: true, expected_416: false, expected_404: false, log_errors_as_info: false, api_tag: \"s3::get_range\", has_connection_permit: true }"},"filename":"/home/runner/work/xet-core/xet-core/xet_client/src/cas_client/retry_wrapper.rs","line_number":274}
{"timestamp":"2026-07-30T10:17:12.194426Z","level":"INFO","fields":{"message":"Retry strategy","retry":"RetryWrapper { max_attempts: 5, base_delay: 3s, max_duration: 360s, no_retry_on_429: false, retry_on_403: true, expected_416: false, expected_404: false, log_errors_as_info: false, api_tag: \"s3::get_range\", has_connection_permit: true }"},"filename":"/home/runner/work/xet-core/xet-core/xet_client/src/cas_client/retry_wrapper.rs","line_number":274}
{"timestamp":"2026-07-30T10:17:12.196689Z","level":"INFO","fields":{"message":"Received CAS response","request_id":"01KYS8EC3C41CYV8EMMBTZN6SS","status_code":206},"filename":"/home/runner/work/xet-core/xet-core/xet_client/src/common/http_client.rs","line_number":288}
{"timestamp":"2026-07-30T10:17:12.196714Z","level":"INFO","fields":{"message":"Request Success: s3::get_range api call succeeded (request id 01KYS8EC3C41CYV8EMMBTZN6SS)."},"filename":"/home/runner/work/xet-core/xet-core/xet_client/src/cas_client/retry_wrapper.rs","line_number":237}
{"timestamp":"2026-07-30T10:17:12.196974Z","level":"INFO","fields":{"message":"Retry strategy","retry":"RetryWrapper { max_attempts: 5, base_delay: 3s, max_duration: 360s, no_retry_on_429: false, retry_on_403: true, expected_416: false, expected_404: false, log_errors_as_info: false, api_tag: \"s3::get_range\", has_connection_permit: true }"},"filename":"/home/runner/work/xet-core/xet-core/xet_client/src/cas_client/retry_wrapper.rs","line_number":274}
{"timestamp":"2026-07-30T10:17:12.197959Z","level":"INFO","fields":{"message":"Retry strategy","retry":"RetryWrapper { max_attempts: 5, base_delay: 3s, max_duration: 360s, no_retry_on_429: false, retry_on_403: true, expected_416: false, expected_404: false, log_errors_as_info: false, api_tag: \"s3::get_range\", has_connection_permit: true }"},"filename":"/home/runner/work/xet-core/xet-core/xet_client/src/cas_client/retry_wrapper.rs","line_number":274}
{"timestamp":"2026-07-30T10:17:12.211321Z","level":"INFO","fields":{"message":"Received CAS response","request_id":"01KYS8EC4EYWXWB5HV8GHBTBHK","status_code":206},"filename":"/home/runner/work/xet-core/xet-core/xet_client/src/common/http_client.rs","line_number":288}
{"timestamp":"2026-07-30T10:17:12.211336Z","level":"INFO","fields":{"message":"Request Success: s3::get_range api call succeeded (request id 01KYS8EC4EYWXWB5HV8GHBTBHK)."},"filename":"/home/runner/work/xet-core/xet-core/xet_client/src/cas_client/retry_wrapper.rs","line_number":237}
{"timestamp":"2026-07-30T10:17:12.214326Z","level":"INFO","fields":{"message":"Received CAS response","request_id":"01KYS8EC4AF4S9YW02KXWSY0S9","status_code":206},"filename":"/home/runner/work/xet-core/xet-core/xet_client/src/common/http_client.rs","line_number":288}
{"timestamp":"2026-07-30T10:17:12.214345Z","level":"INFO","fields":{"message":"Request Success: s3::get_range api call succeeded (request id 01KYS8EC4AF4S9YW02KXWSY0S9)."},"filename":"/home/runner/work/xet-core/xet-core/xet_client/src/cas_client/retry_wrapper.rs","line_number":237}
{"timestamp":"2026-07-30T10:17:12.214811Z","level":"INFO","fields":{"message":"Retry strategy","retry":"RetryWrapper { max_attempts: 5, base_delay: 3s, max_duration: 360s, no_retry_on_429: false, retry_on_403: true, expected_416: false, expected_404: false, log_errors_as_info: false, api_tag: \"s3::get_range\", has_connection_permit: true }"},"filename":"/home/runner/work/xet-core/xet-core/xet_client/src/cas_client/retry_wrapper.rs","line_number":274}
{"timestamp":"2026-07-30T10:17:12.218617Z","level":"INFO","fields":{"message":"Retry strategy","retry":"RetryWrapper { max_attempts: 5, base_delay: 3s, max_duration: 360s, no_retry_on_429: false, retry_on_403: true, expected_416: false, expected_404: false, log_errors_as_info: false, api_tag: \"s3::get_range\", has_connection_permit: true }"},"filename":"/home/runner/work/xet-core/xet-core/xet_client/src/cas_client/retry_wrapper.rs","line_number":274}
{"timestamp":"2026-07-30T10:17:12.231153Z","level":"INFO","fields":{"message":"Received CAS response","request_id":"01KYS8EC52DS3BC8VXQ37S3VHV","status_code":206},"filename":"/home/runner/work/xet-core/xet-core/xet_client/src/common/http_client.rs","line_number":288}
{"timestamp":"2026-07-30T10:17:12.231176Z","level":"INFO","fields":{"message":"Request Success: s3::get_range api call succeeded (request id 01KYS8EC52DS3BC8VXQ37S3VHV)."},"filename":"/home/runner/work/xet-core/xet-core/xet_client/src/cas_client/retry_wrapper.rs","line_number":237}
{"timestamp":"2026-07-30T10:17:12.235256Z","level":"INFO","fields":{"message":"Retry strategy","retry":"RetryWrapper { max_attempts: 5, base_delay: 3s, max_duration: 360s, no_retry_on_429: false, retry_on_403: true, expected_416: false, expected_404: false, log_errors_as_info: false, api_tag: \"s3::get_range\", has_connection_permit: true }"},"filename":"/home/runner/work/xet-core/xet-core/xet_client/src/cas_client/retry_wrapper.rs","line_number":274}
{"timestamp":"2026-07-30T10:17:12.242734Z","level":"INFO","fields":{"message":"Received CAS response","request_id":"01KYS8EC57SG3EN0RWBZJVTVDC","status_code":206},"filename":"/home/runner/work/xet-core/xet-core/xet_client/src/common/http_client.rs","line_number":288}
{"timestamp":"2026-07-30T10:17:12.242775Z","level":"INFO","fields":{"message":"Request Success: s3::get_range api call succeeded (request id 01KYS8EC57SG3EN0RWBZJVTVDC)."},"filename":"/home/runner/work/xet-core/xet-core/xet_client/src/cas_client/retry_wrapper.rs","line_number":237}
{"timestamp":"2026-07-30T10:17:12.242962Z","level":"INFO","fields":{"message":"Retry strategy","retry":"RetryWrapper { max_attempts: 5, base_delay: 3s, max_duration: 360s, no_retry_on_429: false, retry_on_403: true, expected_416: false, expected_404: false, log_errors_as_info: false, api_tag: \"s3::get_range\", has_connection_permit: true }"},"filename":"/home/runner/work/xet-core/xet-core/xet_client/src/cas_client/retry_wrapper.rs","line_number":274}
{"timestamp":"2026-07-30T10:17:12.247758Z","level":"INFO","fields":{"message":"Received CAS response","request_id":"01KYS8EC5QMB9HBB8E4E9XTPFR","status_code":206},"filename":"/home/runner/work/xet-core/xet-core/xet_client/src/common/http_client.rs","line_number":288}
{"timestamp":"2026-07-30T10:17:12.247779Z","level":"INFO","fields":{"message":"Request Success: s3::get_range api call succeeded (request id 01KYS8EC5QMB9HBB8E4E9XTPFR)."},"filename":"/home/runner/work/xet-core/xet-core/xet_client/src/cas_client/retry_wrapper.rs","line_number":237}
{"timestamp":"2026-07-30T10:17:12.247804Z","level":"INFO","fields":{"message":"Concurrency control for download: Increased concurrency from 20 to 21; reason: success ratio 1.000 is above threshold 0.800 and predicted RTT for 3MB at new concurrency is 0.36s < target 60.0s"},"filename":"/home/runner/work/xet-core/xet-core/xet_client/src/cas_client/adaptive_concurrency/controller.rs","line_number":548}
{"timestamp":"2026-07-30T10:17:12.247828Z","level":"INFO","fields":{"message":"Retry strategy","retry":"RetryWrapper { max_attempts: 5, base_delay: 3s, max_duration: 360s, no_retry_on_429: false, retry_on_403: true, expected_416: false, expected_404: false, log_errors_as_info: false, api_tag: \"s3::get_range\", has_connection_permit: true }"},"filename":"/home/runner/work/xet-core/xet-core/xet_client/src/cas_client/retry_wrapper.rs","line_number":274}
{"timestamp":"2026-07-30T10:17:12.256317Z","level":"INFO","fields":{"message":"Retry strategy","retry":"RetryWrapper { max_attempts: 5, base_delay: 3s, max_duration: 360s, no_retry_on_429: false, retry_on_403: true, expected_416: false, expected_404: false, log_errors_as_info: false, api_tag: \"s3::get_range\", has_connection_permit: true }"},"filename":"/home/runner/work/xet-core/xet-core/xet_client/src/cas_client/retry_wrapper.rs","line_number":274}
{"timestamp":"2026-07-30T10:17:12.260795Z","level":"INFO","fields":{"message":"Retry strategy","retry":"RetryWrapper { max_attempts: 5, base_delay: 3s, max_duration: 360s, no_retry_on_429: false, retry_on_403: true, expected_416: false, expected_404: false, log_errors_as_info: false, api_tag: \"s3::get_range\", has_connection_permit: true }"},"filename":"/home/runner/work/xet-core/xet-core/xet_client/src/cas_client/retry_wrapper.rs","line_number":274}
{"timestamp":"2026-07-30T10:17:12.261154Z","level":"INFO","fields":{"message":"Retry strategy","retry":"RetryWrapper { max_attempts: 5, base_delay: 3s, max_duration: 360s, no_retry_on_429: false, retry_on_403: true, expected_416: false, expected_404: false, log_errors_as_info: false, api_tag: \"s3::get_range\", has_connection_permit: true }"},"filename":"/home/runner/work/xet-core/xet-core/xet_client/src/cas_client/retry_wrapper.rs","line_number":274}
{"timestamp":"2026-07-30T10:17:12.267836Z","level":"INFO","fields":{"message":"Received CAS response","request_id":"01KYS8EC6MZNJ88T3FJCGGWE2R","status_code":206},"filename":"/home/runner/work/xet-core/xet-core/xet_client/src/common/http_client.rs","line_number":288}
{"timestamp":"2026-07-30T10:17:12.267857Z","level":"INFO","fields":{"message":"Request Success: s3::get_range api call succeeded (request id 01KYS8EC6MZNJ88T3FJCGGWE2R)."},"filename":"/home/runner/work/xet-core/xet-core/xet_client/src/cas_client/retry_wrapper.rs","line_number":237}
{"timestamp":"2026-07-30T10:17:12.294576Z","level":"INFO","fields":{"message":"Received CAS response","request_id":"01KYS8EC6WZ6SVKVCP8NCWFPJP","status_code":206},"filename":"/home/runner/work/xet-core/xet-core/xet_client/src/common/http_client.rs","line_number":288}
{"timestamp":"2026-07-30T10:17:12.294600Z","level":"INFO","fields":{"message":"Request Success: s3::get_range api call succeeded (request id 01KYS8EC6WZ6SVKVCP8NCWFPJP)."},"filename":"/home/runner/work/xet-core/xet-core/xet_client/src/cas_client/retry_wrapper.rs","line_number":237}
{"timestamp":"2026-07-30T10:17:12.294992Z","level":"INFO","fields":{"message":"Retry strategy","retry":"RetryWrapper { max_attempts: 5, base_delay: 3s, max_duration: 360s, no_retry_on_429: false, retry_on_403: true, expected_416: false, expected_404: false, log_errors_as_info: false, api_tag: \"s3::get_range\", has_connection_permit: true }"},"filename":"/home/runner/work/xet-core/xet-core/xet_client/src/cas_client/retry_wrapper.rs","line_number":274}
{"timestamp":"2026-07-30T10:17:12.299397Z","level":"INFO","fields":{"message":"Received CAS response","request_id":"01KYS8EC7AFBJ3PE8K0H2Q9KK5","status_code":206},"filename":"/home/runner/work/xet-core/xet-core/xet_client/src/common/http_client.rs","line_number":288}
{"timestamp":"2026-07-30T10:17:12.299411Z","level":"INFO","fields":{"message":"Request Success: s3::get_range api call succeeded (request id 01KYS8EC7AFBJ3PE8K0H2Q9KK5)."},"filename":"/home/runner/work/xet-core/xet-core/xet_client/src/cas_client/retry_wrapper.rs","line_number":237}
{"timestamp":"2026-07-30T10:17:12.299669Z","level":"INFO","fields":{"message":"Received CAS response","request_id":"01KYS8EC7J949Z174ZAVPKB18H","status_code":206},"filename":"/home/runner/work/xet-core/xet-core/xet_client/src/common/http_client.rs","line_number":288}
{"timestamp":"2026-07-30T10:17:12.299683Z","level":"INFO","fields":{"message":"Request Success: s3::get_range api call succeeded (request id 01KYS8EC7J949Z174ZAVPKB18H)."},"filename":"/home/runner/work/xet-core/xet-core/xet_client/src/cas_client/retry_wrapper.rs","line_number":237}
{"timestamp":"2026-07-30T10:17:12.312234Z","level":"INFO","fields":{"message":"Retry strategy","retry":"RetryWrapper { max_attempts: 5, base_delay: 3s, max_duration: 360s, no_retry_on_429: false, retry_on_403: true, expected_416: false, expected_404: false, log_errors_as_info: false, api_tag: \"s3::get_range\", has_connection_permit: true }"},"filename":"/home/runner/work/xet-core/xet-core/xet_client/src/cas_client/retry_wrapper.rs","line_number":274}
{"timestamp":"2026-07-30T10:17:12.312294Z","level":"INFO","fields":{"message":"Received CAS response","request_id":"01KYS8EC8148DR2M8YXA5EH2FF","status_code":206},"filename":"/home/runner/work/xet-core/xet-core/xet_client/src/common/http_client.rs","line_number":288}
{"timestamp":"2026-07-30T10:17:12.312314Z","level":"INFO","fields":{"message":"Request Success: s3::get_range api call succeeded (request id 01KYS8EC8148DR2M8YXA5EH2FF)."},"filename":"/home/runner/work/xet-core/xet-core/xet_client/src/cas_client/retry_wrapper.rs","line_number":237}
{"timestamp":"2026-07-30T10:17:12.312406Z","level":"INFO","fields":{"message":"Retry strategy","retry":"RetryWrapper { max_attempts: 5, base_delay: 3s, max_duration: 360s, no_retry_on_429: false, retry_on_403: true, expected_416: false, expected_404: false, log_errors_as_info: false, api_tag: \"s3::get_range\", has_connection_permit: true }"},"filename":"/home/runner/work/xet-core/xet-core/xet_client/src/cas_client/retry_wrapper.rs","line_number":274}
{"timestamp":"2026-07-30T10:17:12.318682Z","level":"INFO","fields":{"message":"Retry strategy","retry":"RetryWrapper { max_attempts: 5, base_delay: 3s, max_duration: 360s, no_retry_on_429: false, retry_on_403: true, expected_416: false, expected_404: false, log_errors_as_info: false, api_tag: \"s3::get_range\", has_connection_permit: true }"},"filename":"/home/runner/work/xet-core/xet-core/xet_client/src/cas_client/retry_wrapper.rs","line_number":274}
{"timestamp":"2026-07-30T10:17:12.321334Z","level":"INFO","fields":{"message":"Received CAS response","request_id":"01KYS8EC86MD1VJJ5AD39TA5S0","status_code":206},"filename":"/home/runner/work/xet-core/xet-core/xet_client/src/common/http_client.rs","line_number":288}
{"timestamp":"2026-07-30T10:17:12.321345Z","level":"INFO","fields":{"message":"Request Success: s3::get_range api call succeeded (request id 01KYS8EC86MD1VJJ5AD39TA5S0)."},"filename":"/home/runner/work/xet-core/xet-core/xet_client/src/cas_client/retry_wrapper.rs","line_number":237}
{"timestamp":"2026-07-30T10:17:12.324021Z","level":"INFO","fields":{"message":"Received CAS response","request_id":"01KYS8EC86BN54E9EBNKPF06T6","status_code":206},"filename":"/home/runner/work/xet-core/xet-core/xet_client/src/common/http_client.rs","line_number":288}
{"timestamp":"2026-07-30T10:17:12.324053Z","level":"INFO","fields":{"message":"Request Success: s3::get_range api call succeeded (request id 01KYS8EC86BN54E9EBNKPF06T6)."},"filename":"/home/runner/work/xet-core/xet-core/xet_client/src/cas_client/retry_wrapper.rs","line_number":237}
{"timestamp":"2026-07-30T10:17:12.325703Z","level":"INFO","fields":{"message":"Received CAS response","request_id":"01KYS8EC8KE2ED8BNRKBXR84R2","status_code":206},"filename":"/home/runner/work/xet-core/xet-core/xet_client/src/common/http_client.rs","line_number":288}
{"timestamp":"2026-07-30T10:17:12.325715Z","level":"INFO","fields":{"message":"Request Success: s3::get_range api call succeeded (request id 01KYS8EC8KE2ED8BNRKBXR84R2)."},"filename":"/home/runner/work/xet-core/xet-core/xet_client/src/cas_client/retry_wrapper.rs","line_number":237}
{"timestamp":"2026-07-30T10:17:12.329745Z","level":"INFO","fields":{"message":"Retry strategy","retry":"RetryWrapper { max_attempts: 5, base_delay: 3s, max_duration: 360s, no_retry_on_429: false, retry_on_403: true, expected_416: false, expected_404: false, log_errors_as_info: false, api_tag: \"s3::get_range\", has_connection_permit: true }"},"filename":"/home/runner/work/xet-core/xet-core/xet_client/src/cas_client/retry_wrapper.rs","line_number":274}
{"timestamp":"2026-07-30T10:17:12.331219Z","level":"INFO","fields":{"message":"Retry strategy","retry":"RetryWrapper { max_attempts: 5, base_delay: 3s, max_duration: 360s, no_retry_on_429: false, retry_on_403: true, expected_416: false, expected_404: false, log_errors_as_info: false, api_tag: \"s3::get_range\", has_connection_permit: true }"},"filename":"/home/runner/work/xet-core/xet-core/xet_client/src/cas_client/retry_wrapper.rs","line_number":274}
{"timestamp":"2026-07-30T10:17:12.332852Z","level":"INFO","fields":{"message":"Received CAS response","request_id":"01KYS8EC8PDVGJAEET7NT1NGWW","status_code":206},"filename":"/home/runner/work/xet-core/xet-core/xet_client/src/common/http_client.rs","line_number":288}
{"timestamp":"2026-07-30T10:17:12.332867Z","level":"INFO","fields":{"message":"Request Success: s3::get_range api call succeeded (request id 01KYS8EC8PDVGJAEET7NT1NGWW)."},"filename":"/home/runner/work/xet-core/xet-core/xet_client/src/cas_client/retry_wrapper.rs","line_number":237}
{"timestamp":"2026-07-30T10:17:12.335170Z","level":"INFO","fields":{"message":"Retry strategy","retry":"RetryWrapper { max_attempts: 5, base_delay: 3s, max_duration: 360s, no_retry_on_429: false, retry_on_403: true, expected_416: false, expected_404: false, log_errors_as_info: false, api_tag: \"s3::get_range\", has_connection_permit: true }"},"filename":"/home/runner/work/xet-core/xet-core/xet_client/src/cas_client/retry_wrapper.rs","line_number":274}
{"timestamp":"2026-07-30T10:17:12.337409Z","level":"INFO","fields":{"message":"Received CAS response","request_id":"01KYS8EC8G5DJV0GXY6VK6CES3","status_code":206},"filename":"/home/runner/work/xet-core/xet-core/xet_client/src/common/http_client.rs","line_number":288}
{"timestamp":"2026-07-30T10:17:12.337419Z","level":"INFO","fields":{"message":"Request Success: s3::get_range api call succeeded (request id 01KYS8EC8G5DJV0GXY6VK6CES3)."},"filename":"/home/runner/work/xet-core/xet-core/xet_client/src/cas_client/retry_wrapper.rs","line_number":237}
{"timestamp":"2026-07-30T10:17:12.338431Z","level":"INFO","fields":{"message":"Retry strategy","retry":"RetryWrapper { max_attempts: 5, base_delay: 3s, max_duration: 360s, no_retry_on_429: false, retry_on_403: true, expected_416: false, expected_404: false, log_errors_as_info: false, api_tag: \"s3::get_range\", has_connection_permit: true }"},"filename":"/home/runner/work/xet-core/xet-core/xet_client/src/cas_client/retry_wrapper.rs","line_number":274}
{"timestamp":"2026-07-30T10:17:12.345036Z","level":"INFO","fields":{"message":"Received CAS response","request_id":"01KYS8EC8PY38P5RATGE2N9B3H","status_code":206},"filename":"/home/runner/work/xet-core/xet-core/xet_client/src/common/http_client.rs","line_number":288}
{"timestamp":"2026-07-30T10:17:12.345057Z","level":"INFO","fields":{"message":"Request Success: s3::get_range api call succeeded (request id 01KYS8EC8PY38P5RATGE2N9B3H)."},"filename":"/home/runner/work/xet-core/xet-core/xet_client/src/cas_client/retry_wrapper.rs","line_number":237}
{"timestamp":"2026-07-30T10:17:12.351693Z","level":"INFO","fields":{"message":"Retry strategy","retry":"RetryWrapper { max_attempts: 5, base_delay: 3s, max_duration: 360s, no_retry_on_429: false, retry_on_403: true, expected_416: false, expected_404: false, log_errors_as_info: false, api_tag: \"s3::get_range\", has_connection_permit: true }"},"filename":"/home/runner/work/xet-core/xet-core/xet_client/src/cas_client/retry_wrapper.rs","line_number":274}
{"timestamp":"2026-07-30T10:17:12.366370Z","level":"INFO","fields":{"message":"Retry strategy","retry":"RetryWrapper { max_attempts: 5, base_delay: 3s, max_duration: 360s, no_retry_on_429: false, retry_on_403: true, expected_416: false, expected_404: false, log_errors_as_info: false, api_tag: \"s3::get_range\", has_connection_permit: true }"},"filename":"/home/runner/work/xet-core/xet-core/xet_client/src/cas_client/retry_wrapper.rs","line_number":274}
{"timestamp":"2026-07-30T10:17:12.378781Z","level":"INFO","fields":{"message":"Received CAS response","request_id":"01KYS8EC9CT7HK011WNXN39G5V","status_code":206},"filename":"/home/runner/work/xet-core/xet-core/xet_client/src/common/http_client.rs","line_number":288}
{"timestamp":"2026-07-30T10:17:12.378801Z","level":"INFO","fields":{"message":"Request Success: s3::get_range api call succeeded (request id 01KYS8EC9CT7HK011WNXN39G5V)."},"filename":"/home/runner/work/xet-core/xet-core/xet_client/src/cas_client/retry_wrapper.rs","line_number":237}
{"timestamp":"2026-07-30T10:17:12.379010Z","level":"INFO","fields":{"message":"Received CAS response","request_id":"01KYS8EC9C8SYK4JW2ABB8GJQ4","status_code":206},"filename":"/home/runner/work/xet-core/xet-core/xet_client/src/common/http_client.rs","line_number":288}
{"timestamp":"2026-07-30T10:17:12.379027Z","level":"INFO","fields":{"message":"Request Success: s3::get_range api call succeeded (request id 01KYS8EC9C8SYK4JW2ABB8GJQ4)."},"filename":"/home/runner/work/xet-core/xet-core/xet_client/src/cas_client/retry_wrapper.rs","line_number":237}
{"timestamp":"2026-07-30T10:17:12.380938Z","level":"INFO","fields":{"message":"Retry strategy","retry":"RetryWrapper { max_attempts: 5, base_delay: 3s, max_duration: 360s, no_retry_on_429: false, retry_on_403: true, expected_416: false, expected_404: false, log_errors_as_info: false, api_tag: \"s3::get_range\", has_connection_permit: true }"},"filename":"/home/runner/work/xet-core/xet-core/xet_client/src/cas_client/retry_wrapper.rs","line_number":274}
{"timestamp":"2026-07-30T10:17:12.383812Z","level":"INFO","fields":{"message":"Received CAS response","request_id":"01KYS8EC9XPT7HWBGBWQ3DQWS0","status_code":206},"filename":"/home/runner/work/xet-core/xet-core/xet_client/src/common/http_client.rs","line_number":288}
{"timestamp":"2026-07-30T10:17:12.383830Z","level":"INFO","fields":{"message":"Request Success: s3::get_range api call succeeded (request id 01KYS8EC9XPT7HWBGBWQ3DQWS0)."},"filename":"/home/runner/work/xet-core/xet-core/xet_client/src/cas_client/retry_wrapper.rs","line_number":237}
{"timestamp":"2026-07-30T10:17:12.385138Z","level":"INFO","fields":{"message":"Retry strategy","retry":"RetryWrapper { max_attempts: 5, base_delay: 3s, max_duration: 360s, no_retry_on_429: false, retry_on_403: true, expected_416: false, expected_404: false, log_errors_as_info: false, api_tag: \"s3::get_range\", has_connection_permit: true }"},"filename":"/home/runner/work/xet-core/xet-core/xet_client/src/cas_client/retry_wrapper.rs","line_number":274}
{"timestamp":"2026-07-30T10:17:12.387952Z","level":"INFO","fields":{"message":"Retry strategy","retry":"RetryWrapper { max_attempts: 5, base_delay: 3s, max_duration: 360s, no_retry_on_429: false, retry_on_403: true, expected_416: false, expected_404: false, log_errors_as_info: false, api_tag: \"s3::get_range\", has_connection_permit: true }"},"filename":"/home/runner/work/xet-core/xet-core/xet_client/src/cas_client/retry_wrapper.rs","line_number":274}
{"timestamp":"2026-07-30T10:17:12.392848Z","level":"INFO","fields":{"message":"Received CAS response","request_id":"01KYS8ECA4SHNEFVG9544DN3CG","status_code":206},"filename":"/home/runner/work/xet-core/xet-core/xet_client/src/common/http_client.rs","line_number":288}
{"timestamp":"2026-07-30T10:17:12.392865Z","level":"INFO","fields":{"message":"Request Success: s3::get_range api call succeeded (request id 01KYS8ECA4SHNEFVG9544DN3CG)."},"filename":"/home/runner/work/xet-core/xet-core/xet_client/src/cas_client/retry_wrapper.rs","line_number":237}
{"timestamp":"2026-07-30T10:17:12.395042Z","level":"INFO","fields":{"message":"Received CAS response","request_id":"01KYS8ECAATPQJPPD4A6A18Y9E","status_code":206},"filename":"/home/runner/work/xet-core/xet-core/xet_client/src/common/http_client.rs","line_number":288}
{"timestamp":"2026-07-30T10:17:12.395055Z","level":"INFO","fields":{"message":"Request Success: s3::get_range api call succeeded (request id 01KYS8ECAATPQJPPD4A6A18Y9E)."},"filename":"/home/runner/work/xet-core/xet-core/xet_client/src/cas_client/retry_wrapper.rs","line_number":237}
{"timestamp":"2026-07-30T10:17:12.396357Z","level":"INFO","fields":{"message":"Received CAS response","request_id":"01KYS8ECAKB9HDD64XHW1C5TA6","status_code":206},"filename":"/home/runner/work/xet-core/xet-core/xet_client/src/common/http_client.rs","line_number":288}
{"timestamp":"2026-07-30T10:17:12.396380Z","level":"INFO","fields":{"message":"Request Success: s3::get_range api call succeeded (request id 01KYS8ECAKB9HDD64XHW1C5TA6)."},"filename":"/home/runner/work/xet-core/xet-core/xet_client/src/cas_client/retry_wrapper.rs","line_number":237}
{"timestamp":"2026-07-30T10:17:12.397956Z","level":"INFO","fields":{"message":"Retry strategy","retry":"RetryWrapper { max_attempts: 5, base_delay: 3s, max_duration: 360s, no_retry_on_429: false, retry_on_403: true, expected_416: false, expected_404: false, log_errors_as_info: false, api_tag: \"s3::get_range\", has_connection_permit: true }"},"filename":"/home/runner/work/xet-core/xet-core/xet_client/src/cas_client/retry_wrapper.rs","line_number":274}
{"timestamp":"2026-07-30T10:17:12.404108Z","level":"INFO","fields":{"message":"Retry strategy","retry":"RetryWrapper { max_attempts: 5, base_delay: 3s, max_duration: 360s, no_retry_on_429: false, retry_on_403: true, expected_416: false, expected_404: false, log_errors_as_info: false, api_tag: \"s3::get_range\", has_connection_permit: true }"},"filename":"/home/runner/work/xet-core/xet-core/xet_client/src/cas_client/retry_wrapper.rs","line_number":274}
{"timestamp":"2026-07-30T10:17:12.414130Z","level":"INFO","fields":{"message":"Received CAS response","request_id":"01KYS8ECAQM5GSBP7F64DPMFRE","status_code":206},"filename":"/home/runner/work/xet-core/xet-core/xet_client/src/common/http_client.rs","line_number":288}
{"timestamp":"2026-07-30T10:17:12.414150Z","level":"INFO","fields":{"message":"Request Success: s3::get_range api call succeeded (request id 01KYS8ECAQM5GSBP7F64DPMFRE)."},"filename":"/home/runner/work/xet-core/xet-core/xet_client/src/cas_client/retry_wrapper.rs","line_number":237}
{"timestamp":"2026-07-30T10:17:12.415975Z","level":"INFO","fields":{"message":"Retry strategy","retry":"RetryWrapper { max_attempts: 5, base_delay: 3s, max_duration: 360s, no_retry_on_429: false, retry_on_403: true, expected_416: false, expected_404: false, log_errors_as_info: false, api_tag: \"s3::get_range\", has_connection_permit: true }"},"filename":"/home/runner/work/xet-core/xet-core/xet_client/src/cas_client/retry_wrapper.rs","line_number":274}
{"timestamp":"2026-07-30T10:17:12.420269Z","level":"INFO","fields":{"message":"Received CAS response","request_id":"01KYS8ECAP48S0KAGNBC2ZBB18","status_code":206},"filename":"/home/runner/work/xet-core/xet-core/xet_client/src/common/http_client.rs","line_number":288}
{"timestamp":"2026-07-30T10:17:12.420289Z","level":"INFO","fields":{"message":"Request Success: s3::get_range api call succeeded (request id 01KYS8ECAP48S0KAGNBC2ZBB18)."},"filename":"/home/runner/work/xet-core/xet-core/xet_client/src/cas_client/retry_wrapper.rs","line_number":237}
{"timestamp":"2026-07-30T10:17:12.431888Z","level":"INFO","fields":{"message":"Received CAS response","request_id":"01KYS8ECBRM4H00QMWN0ZDZAYK","status_code":206},"filename":"/home/runner/work/xet-core/xet-core/xet_client/src/common/http_client.rs","line_number":288}
{"timestamp":"2026-07-30T10:17:12.431906Z","level":"INFO","fields":{"message":"Request Success: s3::get_range api call succeeded (request id 01KYS8ECBRM4H00QMWN0ZDZAYK)."},"filename":"/home/runner/work/xet-core/xet-core/xet_client/src/cas_client/retry_wrapper.rs","line_number":237}
{"timestamp":"2026-07-30T10:17:12.432603Z","level":"INFO","fields":{"message":"Retry strategy","retry":"RetryWrapper { max_attempts: 5, base_delay: 3s, max_duration: 360s, no_retry_on_429: false, retry_on_403: true, expected_416: false, expected_404: false, log_errors_as_info: false, api_tag: \"s3::get_range\", has_connection_permit: true }"},"filename":"/home/runner/work/xet-core/xet-core/xet_client/src/cas_client/retry_wrapper.rs","line_number":274}
{"timestamp":"2026-07-30T10:17:12.434399Z","level":"INFO","fields":{"message":"Retry strategy","retry":"RetryWrapper { max_attempts: 5, base_delay: 3s, max_duration: 360s, no_retry_on_429: false, retry_on_403: true, expected_416: false, expected_404: false, log_errors_as_info: false, api_tag: \"s3::get_range\", has_connection_permit: true }"},"filename":"/home/runner/work/xet-core/xet-core/xet_client/src/cas_client/retry_wrapper.rs","line_number":274}
{"timestamp":"2026-07-30T10:17:12.452072Z","level":"INFO","fields":{"message":"Retry strategy","retry":"RetryWrapper { max_attempts: 5, base_delay: 3s, max_duration: 360s, no_retry_on_429: false, retry_on_403: true, expected_416: false, expected_404: false, log_errors_as_info: false, api_tag: \"s3::get_range\", has_connection_permit: true }"},"filename":"/home/runner/work/xet-core/xet-core/xet_client/src/cas_client/retry_wrapper.rs","line_number":274}
{"timestamp":"2026-07-30T10:17:12.457654Z","level":"INFO","fields":{"message":"Received CAS response","request_id":"01KYS8ECCBEAEBKSZPTG1GK8J4","status_code":206},"filename":"/home/runner/work/xet-core/xet-core/xet_client/src/common/http_client.rs","line_number":288}
{"timestamp":"2026-07-30T10:17:12.457676Z","level":"INFO","fields":{"message":"Request Success: s3::get_range api call succeeded (request id 01KYS8ECCBEAEBKSZPTG1GK8J4)."},"filename":"/home/runner/work/xet-core/xet-core/xet_client/src/cas_client/retry_wrapper.rs","line_number":237}
{"timestamp":"2026-07-30T10:17:12.457898Z","level":"INFO","fields":{"message":"Retry strategy","retry":"RetryWrapper { max_attempts: 5, base_delay: 3s, max_duration: 360s, no_retry_on_429: false, retry_on_403: true, expected_416: false, expected_404: false, log_errors_as_info: false, api_tag: \"s3::get_range\", has_connection_permit: true }"},"filename":"/home/runner/work/xet-core/xet-core/xet_client/src/cas_client/retry_wrapper.rs","line_number":274}
{"timestamp":"2026-07-30T10:17:12.461137Z","level":"INFO","fields":{"message":"Retry strategy","retry":"RetryWrapper { max_attempts: 5, base_delay: 3s, max_duration: 360s, no_retry_on_429: false, retry_on_403: true, expected_416: false, expected_404: false, log_errors_as_info: false, api_tag: \"s3::get_range\", has_connection_permit: true }"},"filename":"/home/runner/work/xet-core/xet-core/xet_client/src/cas_client/retry_wrapper.rs","line_number":274}
{"timestamp":"2026-07-30T10:17:12.468439Z","level":"INFO","fields":{"message":"Received CAS response","request_id":"01KYS8ECCF6QJAWY3XG6A1GA2D","status_code":206},"filename":"/home/runner/work/xet-core/xet-core/xet_client/src/common/http_client.rs","line_number":288}
{"timestamp":"2026-07-30T10:17:12.468450Z","level":"INFO","fields":{"message":"Request Success: s3::get_range api call succeeded (request id 01KYS8ECCF6QJAWY3XG6A1GA2D)."},"filename":"/home/runner/work/xet-core/xet-core/xet_client/src/cas_client/retry_wrapper.rs","line_number":237}
{"timestamp":"2026-07-30T10:17:12.470278Z","level":"INFO","fields":{"message":"Received CAS response","request_id":"01KYS8ECCE0YH96D96WMRPJQTA","status_code":206},"filename":"/home/runner/work/xet-core/xet-core/xet_client/src/common/http_client.rs","line_number":288}
{"timestamp":"2026-07-30T10:17:12.470286Z","level":"INFO","fields":{"message":"Request Success: s3::get_range api call succeeded (request id 01KYS8ECCE0YH96D96WMRPJQTA)."},"filename":"/home/runner/work/xet-core/xet-core/xet_client/src/cas_client/retry_wrapper.rs","line_number":237}
{"timestamp":"2026-07-30T10:17:12.476893Z","level":"INFO","fields":{"message":"Received CAS response","request_id":"01KYS8ECCTKB4V8041PM4CYVSE","status_code":206},"filename":"/home/runner/work/xet-core/xet-core/xet_client/src/common/http_client.rs","line_number":288}
{"timestamp":"2026-07-30T10:17:12.476903Z","level":"INFO","fields":{"message":"Request Success: s3::get_range api call succeeded (request id 01KYS8ECCTKB4V8041PM4CYVSE)."},"filename":"/home/runner/work/xet-core/xet-core/xet_client/src/cas_client/retry_wrapper.rs","line_number":237}
{"timestamp":"2026-07-30T10:17:12.477545Z","level":"INFO","fields":{"message":"Received CAS response","request_id":"01KYS8ECCW9MBVP45M408N57PH","status_code":206},"filename":"/home/runner/work/xet-core/xet-core/xet_client/src/common/http_client.rs","line_number":288}
{"timestamp":"2026-07-30T10:17:12.477561Z","level":"INFO","fields":{"message":"Request Success: s3::get_range api call succeeded (request id 01KYS8ECCW9MBVP45M408N57PH)."},"filename":"/home/runner/work/xet-core/xet-core/xet_client/src/cas_client/retry_wrapper.rs","line_number":237}
{"timestamp":"2026-07-30T10:17:12.484887Z","level":"INFO","fields":{"message":"Received CAS response","request_id":"01KYS8ECD4AACBRK53HAPY9MXW","status_code":206},"filename":"/home/runner/work/xet-core/xet-core/xet_client/src/common/http_client.rs","line_number":288}
{"timestamp":"2026-07-30T10:17:12.484907Z","level":"INFO","fields":{"message":"Request Success: s3::get_range api call succeeded (request id 01KYS8ECD4AACBRK53HAPY9MXW)."},"filename":"/home/runner/work/xet-core/xet-core/xet_client/src/cas_client/retry_wrapper.rs","line_number":237}
{"timestamp":"2026-07-30T10:17:12.485245Z","level":"INFO","fields":{"message":"Retry strategy","retry":"RetryWrapper { max_attempts: 5, base_delay: 3s, max_duration: 360s, no_retry_on_429: false, retry_on_403: true, expected_416: false, expected_404: false, log_errors_as_info: false, api_tag: \"s3::get_range\", has_connection_permit: true }"},"filename":"/home/runner/work/xet-core/xet-core/xet_client/src/cas_client/retry_wrapper.rs","line_number":274}
{"timestamp":"2026-07-30T10:17:12.488833Z","level":"INFO","fields":{"message":"Retry strategy","retry":"RetryWrapper { max_attempts: 5, base_delay: 3s, max_duration: 360s, no_retry_on_429: false, retry_on_403: true, expected_416: false, expected_404: false, log_errors_as_info: false, api_tag: \"s3::get_range\", has_connection_permit: true }"},"filename":"/home/runner/work/xet-core/xet-core/xet_client/src/cas_client/retry_wrapper.rs","line_number":274}
{"timestamp":"2026-07-30T10:17:12.493774Z","level":"INFO","fields":{"message":"Received CAS response","request_id":"01KYS8ECD3BDDGK0MKA8948W75","status_code":206},"filename":"/home/runner/work/xet-core/xet-core/xet_client/src/common/http_client.rs","line_number":288}
{"timestamp":"2026-07-30T10:17:12.493787Z","level":"INFO","fields":{"message":"Request Success: s3::get_range api call succeeded (request id 01KYS8ECD3BDDGK0MKA8948W75)."},"filename":"/home/runner/work/xet-core/xet-core/xet_client/src/cas_client/retry_wrapper.rs","line_number":237}
{"timestamp":"2026-07-30T10:17:12.498807Z","level":"INFO","fields":{"message":"Retry strategy","retry":"RetryWrapper { max_attempts: 5, base_delay: 3s, max_duration: 360s, no_retry_on_429: false, retry_on_403: true, expected_416: false, expected_404: false, log_errors_as_info: false, api_tag: \"s3::get_range\", has_connection_permit: true }"},"filename":"/home/runner/work/xet-core/xet-core/xet_client/src/cas_client/retry_wrapper.rs","line_number":274}
{"timestamp":"2026-07-30T10:17:12.500564Z","level":"INFO","fields":{"message":"Received CAS response","request_id":"01KYS8ECDHTK2C1JJMJVE9ZMHB","status_code":206},"filename":"/home/runner/work/xet-core/xet-core/xet_client/src/common/http_client.rs","line_number":288}
{"timestamp":"2026-07-30T10:17:12.500584Z","level":"INFO","fields":{"message":"Request Success: s3::get_range api call succeeded (request id 01KYS8ECDHTK2C1JJMJVE9ZMHB)."},"filename":"/home/runner/work/xet-core/xet-core/xet_client/src/cas_client/retry_wrapper.rs","line_number":237}
{"timestamp":"2026-07-30T10:17:12.507876Z","level":"INFO","fields":{"message":"Retry strategy","retry":"RetryWrapper { max_attempts: 5, base_delay: 3s, max_duration: 360s, no_retry_on_429: false, retry_on_403: true, expected_416: false, expected_404: false, log_errors_as_info: false, api_tag: \"s3::get_range\", has_connection_permit: true }"},"filename":"/home/runner/work/xet-core/xet-core/xet_client/src/cas_client/retry_wrapper.rs","line_number":274}
{"timestamp":"2026-07-30T10:17:12.508031Z","level":"INFO","fields":{"message":"Retry strategy","retry":"RetryWrapper { max_attempts: 5, base_delay: 3s, max_duration: 360s, no_retry_on_429: false, retry_on_403: true, expected_416: false, expected_404: false, log_errors_as_info: false, api_tag: \"s3::get_range\", has_connection_permit: true }"},"filename":"/home/runner/work/xet-core/xet-core/xet_client/src/cas_client/retry_wrapper.rs","line_number":274}
{"timestamp":"2026-07-30T10:17:12.517775Z","level":"INFO","fields":{"message":"Received CAS response","request_id":"01KYS8ECE10GQZ4EV756CMNJ7H","status_code":206},"filename":"/home/runner/work/xet-core/xet-core/xet_client/src/common/http_client.rs","line_number":288}
{"timestamp":"2026-07-30T10:17:12.517799Z","level":"INFO","fields":{"message":"Request Success: s3::get_range api call succeeded (request id 01KYS8ECE10GQZ4EV756CMNJ7H)."},"filename":"/home/runner/work/xet-core/xet-core/xet_client/src/cas_client/retry_wrapper.rs","line_number":237}
{"timestamp":"2026-07-30T10:17:12.525425Z","level":"INFO","fields":{"message":"Retry strategy","retry":"RetryWrapper { max_attempts: 5, base_delay: 3s, max_duration: 360s, no_retry_on_429: false, retry_on_403: true, expected_416: false, expected_404: false, log_errors_as_info: false, api_tag: \"s3::get_range\", has_connection_permit: true }"},"filename":"/home/runner/work/xet-core/xet-core/xet_client/src/cas_client/retry_wrapper.rs","line_number":274}
{"timestamp":"2026-07-30T10:17:12.535814Z","level":"INFO","fields":{"message":"Received CAS response","request_id":"01KYS8ECF701GGFKZH8C6H52T5","status_code":206},"filename":"/home/runner/work/xet-core/xet-core/xet_client/src/common/http_client.rs","line_number":288}
{"timestamp":"2026-07-30T10:17:12.535833Z","level":"INFO","fields":{"message":"Request Success: s3::get_range api call succeeded (request id 01KYS8ECF701GGFKZH8C6H52T5)."},"filename":"/home/runner/work/xet-core/xet-core/xet_client/src/cas_client/retry_wrapper.rs","line_number":237}
{"timestamp":"2026-07-30T10:17:12.537879Z","level":"INFO","fields":{"message":"Received CAS response","request_id":"01KYS8ECEJA4VCPHMSGKJEWHFC","status_code":206},"filename":"/home/runner/work/xet-core/xet-core/xet_client/src/common/http_client.rs","line_number":288}
{"timestamp":"2026-07-30T10:17:12.537892Z","level":"INFO","fields":{"message":"Request Success: s3::get_range api call succeeded (request id 01KYS8ECEJA4VCPHMSGKJEWHFC)."},"filename":"/home/runner/work/xet-core/xet-core/xet_client/src/cas_client/retry_wrapper.rs","line_number":237}
{"timestamp":"2026-07-30T10:17:12.538242Z","level":"INFO","fields":{"message":"Received CAS response","request_id":"01KYS8ECEN6HJ419JSCE6HA10R","status_code":206},"filename":"/home/runner/work/xet-core/xet-core/xet_client/src/common/http_client.rs","line_number":288}
{"timestamp":"2026-07-30T10:17:12.538255Z","level":"INFO","fields":{"message":"Request Success: s3::get_range api call succeeded (request id 01KYS8ECEN6HJ419JSCE6HA10R)."},"filename":"/home/runner/work/xet-core/xet-core/xet_client/src/cas_client/retry_wrapper.rs","line_number":237}
{"timestamp":"2026-07-30T10:17:12.541135Z","level":"INFO","fields":{"message":"Retry strategy","retry":"RetryWrapper { max_attempts: 5, base_delay: 3s, max_duration: 360s, no_retry_on_429: false, retry_on_403: true, expected_416: false, expected_404: false, log_errors_as_info: false, api_tag: \"s3::get_range\", has_connection_permit: true }"},"filename":"/home/runner/work/xet-core/xet-core/xet_client/src/cas_client/retry_wrapper.rs","line_number":274}
{"timestamp":"2026-07-30T10:17:12.541257Z","level":"INFO","fields":{"message":"Retry strategy","retry":"RetryWrapper { max_attempts: 5, base_delay: 3s, max_duration: 360s, no_retry_on_429: false, retry_on_403: true, expected_416: false, expected_404: false, log_errors_as_info: false, api_tag: \"s3::get_range\", has_connection_permit: true }"},"filename":"/home/runner/work/xet-core/xet-core/xet_client/src/cas_client/retry_wrapper.rs","line_number":274}
{"timestamp":"2026-07-30T10:17:12.541841Z","level":"INFO","fields":{"message":"Retry strategy","retry":"RetryWrapper { max_attempts: 5, base_delay: 3s, max_duration: 360s, no_retry_on_429: false, retry_on_403: true, expected_416: false, expected_404: false, log_errors_as_info: false, api_tag: \"s3::get_range\", has_connection_permit: true }"},"filename":"/home/runner/work/xet-core/xet-core/xet_client/src/cas_client/retry_wrapper.rs","line_number":274}
{"timestamp":"2026-07-30T10:17:12.543634Z","level":"INFO","fields":{"message":"Received CAS response","request_id":"01KYS8ECEZ1FMEPBD57BNE79K9","status_code":206},"filename":"/home/runner/work/xet-core/xet-core/xet_client/src/common/http_client.rs","line_number":288}
{"timestamp":"2026-07-30T10:17:12.543648Z","level":"INFO","fields":{"message":"Request Success: s3::get_range api call succeeded (request id 01KYS8ECEZ1FMEPBD57BNE79K9)."},"filename":"/home/runner/work/xet-core/xet-core/xet_client/src/cas_client/retry_wrapper.rs","line_number":237}
{"timestamp":"2026-07-30T10:17:12.544546Z","level":"INFO","fields":{"message":"Retry strategy","retry":"RetryWrapper { max_attempts: 5, base_delay: 3s, max_duration: 360s, no_retry_on_429: false, retry_on_403: true, expected_416: false, expected_404: false, log_errors_as_info: false, api_tag: \"s3::get_range\", has_connection_permit: true }"},"filename":"/home/runner/work/xet-core/xet-core/xet_client/src/cas_client/retry_wrapper.rs","line_number":274}
{"timestamp":"2026-07-30T10:17:12.548621Z","level":"INFO","fields":{"message":"Retry strategy","retry":"RetryWrapper { max_attempts: 5, base_delay: 3s, max_duration: 360s, no_retry_on_429: false, retry_on_403: true, expected_416: false, expected_404: false, log_errors_as_info: false, api_tag: \"s3::get_range\", has_connection_permit: true }"},"filename":"/home/runner/work/xet-core/xet-core/xet_client/src/cas_client/retry_wrapper.rs","line_number":274}
{"timestamp":"2026-07-30T10:17:12.551645Z","level":"INFO","fields":{"message":"Received CAS response","request_id":"01KYS8ECEEBBM1E30XQMTZQFB8","status_code":206},"filename":"/home/runner/work/xet-core/xet-core/xet_client/src/common/http_client.rs","line_number":288}
{"timestamp":"2026-07-30T10:17:12.551661Z","level":"INFO","fields":{"message":"Request Success: s3::get_range api call succeeded (request id 01KYS8ECEEBBM1E30XQMTZQFB8)."},"filename":"/home/runner/work/xet-core/xet-core/xet_client/src/cas_client/retry_wrapper.rs","line_number":237}
{"timestamp":"2026-07-30T10:17:12.551733Z","level":"INFO","fields":{"message":"Retry strategy","retry":"RetryWrapper { max_attempts: 5, base_delay: 3s, max_duration: 360s, no_retry_on_429: false, retry_on_403: true, expected_416: false, expected_404: false, log_errors_as_info: false, api_tag: \"s3::get_range\", has_connection_permit: true }"},"filename":"/home/runner/work/xet-core/xet-core/xet_client/src/cas_client/retry_wrapper.rs","line_number":274}
{"timestamp":"2026-07-30T10:17:12.561429Z","level":"INFO","fields":{"message":"Retry strategy","retry":"RetryWrapper { max_attempts: 5, base_delay: 3s, max_duration: 360s, no_retry_on_429: false, retry_on_403: true, expected_416: false, expected_404: false, log_errors_as_info: false, api_tag: \"s3::get_range\", has_connection_permit: true }"},"filename":"/home/runner/work/xet-core/xet-core/xet_client/src/cas_client/retry_wrapper.rs","line_number":274}
{"timestamp":"2026-07-30T10:17:12.581124Z","level":"INFO","fields":{"message":"Received CAS response","request_id":"01KYS8ECFHGXEQB8YQ16J9T330","status_code":206},"filename":"/home/runner/work/xet-core/xet-core/xet_client/src/common/http_client.rs","line_number":288}
{"timestamp":"2026-07-30T10:17:12.581150Z","level":"INFO","fields":{"message":"Request Success: s3::get_range api call succeeded (request id 01KYS8ECFHGXEQB8YQ16J9T330)."},"filename":"/home/runner/work/xet-core/xet-core/xet_client/src/cas_client/retry_wrapper.rs","line_number":237}
{"timestamp":"2026-07-30T10:17:12.585609Z","level":"INFO","fields":{"message":"Received CAS response","request_id":"01KYS8ECG2W3HK3ZSN20DF3C27","status_code":206},"filename":"/home/runner/work/xet-core/xet-core/xet_client/src/common/http_client.rs","line_number":288}
{"timestamp":"2026-07-30T10:17:12.585624Z","level":"INFO","fields":{"message":"Request Success: s3::get_range api call succeeded (request id 01KYS8ECG2W3HK3ZSN20DF3C27)."},"filename":"/home/runner/work/xet-core/xet-core/xet_client/src/cas_client/retry_wrapper.rs","line_number":237}
{"timestamp":"2026-07-30T10:17:12.590311Z","level":"INFO","fields":{"message":"Retry strategy","retry":"RetryWrapper { max_attempts: 5, base_delay: 3s, max_duration: 360s, no_retry_on_429: false, retry_on_403: true, expected_416: false, expected_404: false, log_errors_as_info: false, api_tag: \"s3::get_range\", has_connection_permit: true }"},"filename":"/home/runner/work/xet-core/xet-core/xet_client/src/cas_client/retry_wrapper.rs","line_number":274}
{"timestamp":"2026-07-30T10:17:12.600866Z","level":"INFO","fields":{"message":"Received CAS response","request_id":"01KYS8ECGPCYZJZE0ZJ509V0C6","status_code":206},"filename":"/home/runner/work/xet-core/xet-core/xet_client/src/common/http_client.rs","line_number":288}
{"timestamp":"2026-07-30T10:17:12.600885Z","level":"INFO","fields":{"message":"Request Success: s3::get_range api call succeeded (request id 01KYS8ECGPCYZJZE0ZJ509V0C6)."},"filename":"/home/runner/work/xet-core/xet-core/xet_client/src/cas_client/retry_wrapper.rs","line_number":237}
{"timestamp":"2026-07-30T10:17:12.603931Z","level":"INFO","fields":{"message":"Received CAS response","request_id":"01KYS8ECG2MA4DPW1Z6F2ASZDE","status_code":206},"filename":"/home/runner/work/xet-core/xet-core/xet_client/src/common/http_client.rs","line_number":288}
{"timestamp":"2026-07-30T10:17:12.603950Z","level":"INFO","fields":{"message":"Request Success: s3::get_range api call succeeded (request id 01KYS8ECG2MA4DPW1Z6F2ASZDE)."},"filename":"/home/runner/work/xet-core/xet-core/xet_client/src/cas_client/retry_wrapper.rs","line_number":237}
{"timestamp":"2026-07-30T10:17:12.606244Z","level":"INFO","fields":{"message":"Received CAS response","request_id":"01KYS8ECH0NG05JMWMDQWYKCEY","status_code":206},"filename":"/home/runner/work/xet-core/xet-core/xet_client/src/common/http_client.rs","line_number":288}
{"timestamp":"2026-07-30T10:17:12.606256Z","level":"INFO","fields":{"message":"Request Success: s3::get_range api call succeeded (request id 01KYS8ECH0NG05JMWMDQWYKCEY)."},"filename":"/home/runner/work/xet-core/xet-core/xet_client/src/cas_client/retry_wrapper.rs","line_number":237}
{"timestamp":"2026-07-30T10:17:12.613791Z","level":"INFO","fields":{"message":"Retry strategy","retry":"RetryWrapper { max_attempts: 5, base_delay: 3s, max_duration: 360s, no_retry_on_429: false, retry_on_403: true, expected_416: false, expected_404: false, log_errors_as_info: false, api_tag: \"s3::get_range\", has_connection_permit: true }"},"filename":"/home/runner/work/xet-core/xet-core/xet_client/src/cas_client/retry_wrapper.rs","line_number":274}
{"timestamp":"2026-07-30T10:17:12.623654Z","level":"INFO","fields":{"message":"Received CAS response","request_id":"01KYS8ECGVAJ5ZFP5NX8NX732B","status_code":206},"filename":"/home/runner/work/xet-core/xet-core/xet_client/src/common/http_client.rs","line_number":288}
{"timestamp":"2026-07-30T10:17:12.623670Z","level":"INFO","fields":{"message":"Request Success: s3::get_range api call succeeded (request id 01KYS8ECGVAJ5ZFP5NX8NX732B)."},"filename":"/home/runner/work/xet-core/xet-core/xet_client/src/cas_client/retry_wrapper.rs","line_number":237}
{"timestamp":"2026-07-30T10:17:12.627397Z","level":"INFO","fields":{"message":"Received CAS response","request_id":"01KYS8ECHPV1Z0VN3GYXZ6DVF4","status_code":206},"filename":"/home/runner/work/xet-core/xet-core/xet_client/src/common/http_client.rs","line_number":288}
{"timestamp":"2026-07-30T10:17:12.627427Z","level":"INFO","fields":{"message":"Request Success: s3::get_range api call succeeded (request id 01KYS8ECHPV1Z0VN3GYXZ6DVF4)."},"filename":"/home/runner/work/xet-core/xet-core/xet_client/src/cas_client/retry_wrapper.rs","line_number":237}
{"timestamp":"2026-07-30T10:17:12.629998Z","level":"INFO","fields":{"message":"Retry strategy","retry":"RetryWrapper { max_attempts: 5, base_delay: 3s, max_duration: 360s, no_retry_on_429: false, retry_on_403: true, expected_416: false, expected_404: false, log_errors_as_info: false, api_tag: \"s3::get_range\", has_connection_permit: true }"},"filename":"/home/runner/work/xet-core/xet-core/xet_client/src/cas_client/retry_wrapper.rs","line_number":274}
{"timestamp":"2026-07-30T10:17:12.632061Z","level":"INFO","fields":{"message":"Retry strategy","retry":"RetryWrapper { max_attempts: 5, base_delay: 3s, max_duration: 360s, no_retry_on_429: false, retry_on_403: true, expected_416: false, expected_404: false, log_errors_as_info: false, api_tag: \"s3::get_range\", has_connection_permit: true }"},"filename":"/home/runner/work/xet-core/xet-core/xet_client/src/cas_client/retry_wrapper.rs","line_number":274}
{"timestamp":"2026-07-30T10:17:12.638707Z","level":"INFO","fields":{"message":"Received CAS response","request_id":"01KYS8ECHTJ7F5SJKG9650WDBX","status_code":206},"filename":"/home/runner/work/xet-core/xet-core/xet_client/src/common/http_client.rs","line_number":288}
{"timestamp":"2026-07-30T10:17:12.638725Z","level":"INFO","fields":{"message":"Request Success: s3::get_range api call succeeded (request id 01KYS8ECHTJ7F5SJKG9650WDBX)."},"filename":"/home/runner/work/xet-core/xet-core/xet_client/src/cas_client/retry_wrapper.rs","line_number":237}
{"timestamp":"2026-07-30T10:17:12.643259Z","level":"INFO","fields":{"message":"Retry strategy","retry":"RetryWrapper { max_attempts: 5, base_delay: 3s, max_duration: 360s, no_retry_on_429: false, retry_on_403: true, expected_416: false, expected_404: false, log_errors_as_info: false, api_tag: \"s3::get_range\", has_connection_permit: true }"},"filename":"/home/runner/work/xet-core/xet-core/xet_client/src/cas_client/retry_wrapper.rs","line_number":274}
{"timestamp":"2026-07-30T10:17:12.649947Z","level":"INFO","fields":{"message":"Retry strategy","retry":"RetryWrapper { max_attempts: 5, base_delay: 3s, max_duration: 360s, no_retry_on_429: false, retry_on_403: true, expected_416: false, expected_404: false, log_errors_as_info: false, api_tag: \"s3::get_range\", has_connection_permit: true }"},"filename":"/home/runner/work/xet-core/xet-core/xet_client/src/cas_client/retry_wrapper.rs","line_number":274}
{"timestamp":"2026-07-30T10:17:12.650546Z","level":"INFO","fields":{"message":"Received CAS response","request_id":"01KYS8ECJDKXSX84JM0JZZG0TP","status_code":206},"filename":"/home/runner/work/xet-core/xet-core/xet_client/src/common/http_client.rs","line_number":288}
{"timestamp":"2026-07-30T10:17:12.650566Z","level":"INFO","fields":{"message":"Request Success: s3::get_range api call succeeded (request id 01KYS8ECJDKXSX84JM0JZZG0TP)."},"filename":"/home/runner/work/xet-core/xet-core/xet_client/src/cas_client/retry_wrapper.rs","line_number":237}
{"timestamp":"2026-07-30T10:17:12.654372Z","level":"INFO","fields":{"message":"Retry strategy","retry":"RetryWrapper { max_attempts: 5, base_delay: 3s, max_duration: 360s, no_retry_on_429: false, retry_on_403: true, expected_416: false, expected_404: false, log_errors_as_info: false, api_tag: \"s3::get_range\", has_connection_permit: true }"},"filename":"/home/runner/work/xet-core/xet-core/xet_client/src/cas_client/retry_wrapper.rs","line_number":274}
{"timestamp":"2026-07-30T10:17:12.654414Z","level":"INFO","fields":{"message":"Retry strategy","retry":"RetryWrapper { max_attempts: 5, base_delay: 3s, max_duration: 360s, no_retry_on_429: false, retry_on_403: true, expected_416: false, expected_404: false, log_errors_as_info: false, api_tag: \"s3::get_range\", has_connection_permit: true }"},"filename":"/home/runner/work/xet-core/xet-core/xet_client/src/cas_client/retry_wrapper.rs","line_number":274}
{"timestamp":"2026-07-30T10:17:12.658256Z","level":"INFO","fields":{"message":"Received CAS response","request_id":"01KYS8ECJFVG6K7X7S6CEV1AKQ","status_code":206},"filename":"/home/runner/work/xet-core/xet-core/xet_client/src/common/http_client.rs","line_number":288}
{"timestamp":"2026-07-30T10:17:12.658269Z","level":"INFO","fields":{"message":"Request Success: s3::get_range api call succeeded (request id 01KYS8ECJFVG6K7X7S6CEV1AKQ)."},"filename":"/home/runner/work/xet-core/xet-core/xet_client/src/cas_client/retry_wrapper.rs","line_number":237}
{"timestamp":"2026-07-30T10:17:12.663799Z","level":"INFO","fields":{"message":"Received CAS response","request_id":"01KYS8ECJ45C98M6PRJFV108YJ","status_code":206},"filename":"/home/runner/work/xet-core/xet-core/xet_client/src/common/http_client.rs","line_number":288}
{"timestamp":"2026-07-30T10:17:12.663810Z","level":"INFO","fields":{"message":"Request Success: s3::get_range api call succeeded (request id 01KYS8ECJ45C98M6PRJFV108YJ)."},"filename":"/home/runner/work/xet-core/xet-core/xet_client/src/cas_client/retry_wrapper.rs","line_number":237}
{"timestamp":"2026-07-30T10:17:12.667222Z","level":"INFO","fields":{"message":"Received CAS response","request_id":"01KYS8ECJYPK9TXN6KTEQMQAER","status_code":206},"filename":"/home/runner/work/xet-core/xet-core/xet_client/src/common/http_client.rs","line_number":288}
{"timestamp":"2026-07-30T10:17:12.667240Z","level":"INFO","fields":{"message":"Request Success: s3::get_range api call succeeded (request id 01KYS8ECJYPK9TXN6KTEQMQAER)."},"filename":"/home/runner/work/xet-core/xet-core/xet_client/src/cas_client/retry_wrapper.rs","line_number":237}
{"timestamp":"2026-07-30T10:17:12.667335Z","level":"INFO","fields":{"message":"Retry strategy","retry":"RetryWrapper { max_attempts: 5, base_delay: 3s, max_duration: 360s, no_retry_on_429: false, retry_on_403: true, expected_416: false, expected_404: false, log_errors_as_info: false, api_tag: \"s3::get_range\", has_connection_permit: true }"},"filename":"/home/runner/work/xet-core/xet-core/xet_client/src/cas_client/retry_wrapper.rs","line_number":274}
{"timestamp":"2026-07-30T10:17:12.673745Z","level":"INFO","fields":{"message":"Retry strategy","retry":"RetryWrapper { max_attempts: 5, base_delay: 3s, max_duration: 360s, no_retry_on_429: false, retry_on_403: true, expected_416: false, expected_404: false, log_errors_as_info: false, api_tag: \"s3::get_range\", has_connection_permit: true }"},"filename":"/home/runner/work/xet-core/xet-core/xet_client/src/cas_client/retry_wrapper.rs","line_number":274}
{"timestamp":"2026-07-30T10:17:12.675349Z","level":"INFO","fields":{"message":"Retry strategy","retry":"RetryWrapper { max_attempts: 5, base_delay: 3s, max_duration: 360s, no_retry_on_429: false, retry_on_403: true, expected_416: false, expected_404: false, log_errors_as_info: false, api_tag: \"s3::get_range\", has_connection_permit: true }"},"filename":"/home/runner/work/xet-core/xet-core/xet_client/src/cas_client/retry_wrapper.rs","line_number":274}
{"timestamp":"2026-07-30T10:17:12.687130Z","level":"INFO","fields":{"message":"Received CAS response","request_id":"01KYS8ECKGN8BF924WFEMY9BW8","status_code":206},"filename":"/home/runner/work/xet-core/xet-core/xet_client/src/common/http_client.rs","line_number":288}
{"timestamp":"2026-07-30T10:17:12.687146Z","level":"INFO","fields":{"message":"Request Success: s3::get_range api call succeeded (request id 01KYS8ECKGN8BF924WFEMY9BW8)."},"filename":"/home/runner/work/xet-core/xet-core/xet_client/src/cas_client/retry_wrapper.rs","line_number":237}
{"timestamp":"2026-07-30T10:17:12.687143Z","level":"INFO","fields":{"message":"Received CAS response","request_id":"01KYS8ECKGFDT9MEHHAHX8N46E","status_code":206},"filename":"/home/runner/work/xet-core/xet-core/xet_client/src/common/http_client.rs","line_number":288}
{"timestamp":"2026-07-30T10:17:12.687156Z","level":"INFO","fields":{"message":"Request Success: s3::get_range api call succeeded (request id 01KYS8ECKGFDT9MEHHAHX8N46E)."},"filename":"/home/runner/work/xet-core/xet-core/xet_client/src/cas_client/retry_wrapper.rs","line_number":237}
{"timestamp":"2026-07-30T10:17:12.688698Z","level":"INFO","fields":{"message":"Retry strategy","retry":"RetryWrapper { max_attempts: 5, base_delay: 3s, max_duration: 360s, no_retry_on_429: false, retry_on_403: true, expected_416: false, expected_404: false, log_errors_as_info: false, api_tag: \"s3::get_range\", has_connection_permit: true }"},"filename":"/home/runner/work/xet-core/xet-core/xet_client/src/cas_client/retry_wrapper.rs","line_number":274}
{"timestamp":"2026-07-30T10:17:12.690296Z","level":"INFO","fields":{"message":"Retry strategy","retry":"RetryWrapper { max_attempts: 5, base_delay: 3s, max_duration: 360s, no_retry_on_429: false, retry_on_403: true, expected_416: false, expected_404: false, log_errors_as_info: false, api_tag: \"s3::get_range\", has_connection_permit: true }"},"filename":"/home/runner/work/xet-core/xet-core/xet_client/src/cas_client/retry_wrapper.rs","line_number":274}
{"timestamp":"2026-07-30T10:17:12.690326Z","level":"INFO","fields":{"message":"Received CAS response","request_id":"01KYS8ECKEDVZ7FAMJ6PD67GXY","status_code":206},"filename":"/home/runner/work/xet-core/xet-core/xet_client/src/common/http_client.rs","line_number":288}
{"timestamp":"2026-07-30T10:17:12.690336Z","level":"INFO","fields":{"message":"Request Success: s3::get_range api call succeeded (request id 01KYS8ECKEDVZ7FAMJ6PD67GXY)."},"filename":"/home/runner/work/xet-core/xet-core/xet_client/src/cas_client/retry_wrapper.rs","line_number":237}
{"timestamp":"2026-07-30T10:17:12.693671Z","level":"INFO","fields":{"message":"Received CAS response","request_id":"01KYS8ECKRA729KF9XTA5WYDRE","status_code":206},"filename":"/home/runner/work/xet-core/xet-core/xet_client/src/common/http_client.rs","line_number":288}
{"timestamp":"2026-07-30T10:17:12.693694Z","level":"INFO","fields":{"message":"Request Success: s3::get_range api call succeeded (request id 01KYS8ECKRA729KF9XTA5WYDRE)."},"filename":"/home/runner/work/xet-core/xet-core/xet_client/src/cas_client/retry_wrapper.rs","line_number":237}
{"timestamp":"2026-07-30T10:17:12.699553Z","level":"INFO","fields":{"message":"Retry strategy","retry":"RetryWrapper { max_attempts: 5, base_delay: 3s, max_duration: 360s, no_retry_on_429: false, retry_on_403: true, expected_416: false, expected_404: false, log_errors_as_info: false, api_tag: \"s3::get_range\", has_connection_permit: true }"},"filename":"/home/runner/work/xet-core/xet-core/xet_client/src/cas_client/retry_wrapper.rs","line_number":274}
{"timestamp":"2026-07-30T10:17:12.702346Z","level":"INFO","fields":{"message":"Received CAS response","request_id":"01KYS8ECKM741S5TBDM6DTRJSV","status_code":206},"filename":"/home/runner/work/xet-core/xet-core/xet_client/src/common/http_client.rs","line_number":288}
{"timestamp":"2026-07-30T10:17:12.702362Z","level":"INFO","fields":{"message":"Request Success: s3::get_range api call succeeded (request id 01KYS8ECKM741S5TBDM6DTRJSV)."},"filename":"/home/runner/work/xet-core/xet-core/xet_client/src/cas_client/retry_wrapper.rs","line_number":237}
{"timestamp":"2026-07-30T10:17:12.705774Z","level":"INFO","fields":{"message":"Received CAS response","request_id":"01KYS8ECM24JVG1BV3F57Z8MEQ","status_code":206},"filename":"/home/runner/work/xet-core/xet-core/xet_client/src/common/http_client.rs","line_number":288}
{"timestamp":"2026-07-30T10:17:12.705789Z","level":"INFO","fields":{"message":"Request Success: s3::get_range api call succeeded (request id 01KYS8ECM24JVG1BV3F57Z8MEQ)."},"filename":"/home/runner/work/xet-core/xet-core/xet_client/src/cas_client/retry_wrapper.rs","line_number":237}
{"timestamp":"2026-07-30T10:17:12.707281Z","level":"INFO","fields":{"message":"Retry strategy","retry":"RetryWrapper { max_attempts: 5, base_delay: 3s, max_duration: 360s, no_retry_on_429: false, retry_on_403: true, expected_416: false, expected_404: false, log_errors_as_info: false, api_tag: \"s3::get_range\", has_connection_permit: true }"},"filename":"/home/runner/work/xet-core/xet-core/xet_client/src/cas_client/retry_wrapper.rs","line_number":274}
{"timestamp":"2026-07-30T10:17:12.711253Z","level":"INFO","fields":{"message":"Received CAS response","request_id":"01KYS8ECKNWPZXVMR6VYCBJB0A","status_code":206},"filename":"/home/runner/work/xet-core/xet-core/xet_client/src/common/http_client.rs","line_number":288}
{"timestamp":"2026-07-30T10:17:12.711267Z","level":"INFO","fields":{"message":"Request Success: s3::get_range api call succeeded (request id 01KYS8ECKNWPZXVMR6VYCBJB0A)."},"filename":"/home/runner/work/xet-core/xet-core/xet_client/src/cas_client/retry_wrapper.rs","line_number":237}
{"timestamp":"2026-07-30T10:17:12.711548Z","level":"INFO","fields":{"message":"Retry strategy","retry":"RetryWrapper { max_attempts: 5, base_delay: 3s, max_duration: 360s, no_retry_on_429: false, retry_on_403: true, expected_416: false, expected_404: false, log_errors_as_info: false, api_tag: \"s3::get_range\", has_connection_permit: true }"},"filename":"/home/runner/work/xet-core/xet-core/xet_client/src/cas_client/retry_wrapper.rs","line_number":274}
{"timestamp":"2026-07-30T10:17:12.711652Z","level":"INFO","fields":{"message":"Retry strategy","retry":"RetryWrapper { max_attempts: 5, base_delay: 3s, max_duration: 360s, no_retry_on_429: false, retry_on_403: true, expected_416: false, expected_404: false, log_errors_as_info: false, api_tag: \"s3::get_range\", has_connection_permit: true }"},"filename":"/home/runner/work/xet-core/xet-core/xet_client/src/cas_client/retry_wrapper.rs","line_number":274}
{"timestamp":"2026-07-30T10:17:12.720636Z","level":"INFO","fields":{"message":"Retry strategy","retry":"RetryWrapper { max_attempts: 5, base_delay: 3s, max_duration: 360s, no_retry_on_429: false, retry_on_403: true, expected_416: false, expected_404: false, log_errors_as_info: false, api_tag: \"s3::get_range\", has_connection_permit: true }"},"filename":"/home/runner/work/xet-core/xet-core/xet_client/src/cas_client/retry_wrapper.rs","line_number":274}
{"timestamp":"2026-07-30T10:17:12.754736Z","level":"INFO","fields":{"message":"Received CAS response","request_id":"01KYS8ECN3D4BA6MQAYNDB00GC","status_code":206},"filename":"/home/runner/work/xet-core/xet-core/xet_client/src/common/http_client.rs","line_number":288}
{"timestamp":"2026-07-30T10:17:12.754760Z","level":"INFO","fields":{"message":"Request Success: s3::get_range api call succeeded (request id 01KYS8ECN3D4BA6MQAYNDB00GC)."},"filename":"/home/runner/work/xet-core/xet-core/xet_client/src/cas_client/retry_wrapper.rs","line_number":237}
{"timestamp":"2026-07-30T10:17:12.755101Z","level":"INFO","fields":{"message":"Concurrency control for download: Increased concurrency from 21 to 22; reason: success ratio 1.000 is above threshold 0.800 and predicted RTT for 3MB at new concurrency is 0.30s < target 60.0s"},"filename":"/home/runner/work/xet-core/xet-core/xet_client/src/cas_client/adaptive_concurrency/controller.rs","line_number":548}
{"timestamp":"2026-07-30T10:17:12.755122Z","level":"INFO","fields":{"message":"Retry strategy","retry":"RetryWrapper { max_attempts: 5, base_delay: 3s, max_duration: 360s, no_retry_on_429: false, retry_on_403: true, expected_416: false, expected_404: false, log_errors_as_info: false, api_tag: \"s3::get_range\", has_connection_permit: true }"},"filename":"/home/runner/work/xet-core/xet-core/xet_client/src/cas_client/retry_wrapper.rs","line_number":274}
{"timestamp":"2026-07-30T10:17:12.755311Z","level":"INFO","fields":{"message":"Received CAS response","request_id":"01KYS8ECNRHK9AXH9426FEEB0E","status_code":206},"filename":"/home/runner/work/xet-core/xet-core/xet_client/src/common/http_client.rs","line_number":288}
{"timestamp":"2026-07-30T10:17:12.755332Z","level":"INFO","fields":{"message":"Request Success: s3::get_range api call succeeded (request id 01KYS8ECNRHK9AXH9426FEEB0E)."},"filename":"/home/runner/work/xet-core/xet-core/xet_client/src/cas_client/retry_wrapper.rs","line_number":237}
{"timestamp":"2026-07-30T10:17:12.766635Z","level":"INFO","fields":{"message":"Retry strategy","retry":"RetryWrapper { max_attempts: 5, base_delay: 3s, max_duration: 360s, no_retry_on_429: false, retry_on_403: true, expected_416: false, expected_404: false, log_errors_as_info: false, api_tag: \"s3::get_range\", has_connection_permit: true }"},"filename":"/home/runner/work/xet-core/xet-core/xet_client/src/cas_client/retry_wrapper.rs","line_number":274}
{"timestamp":"2026-07-30T10:17:12.768810Z","level":"INFO","fields":{"message":"Received CAS response","request_id":"01KYS8ECP9RJ9ZKJRVMSTDFQN4","status_code":206},"filename":"/home/runner/work/xet-core/xet-core/xet_client/src/common/http_client.rs","line_number":288}
{"timestamp":"2026-07-30T10:17:12.768824Z","level":"INFO","fields":{"message":"Request Success: s3::get_range api call succeeded (request id 01KYS8ECP9RJ9ZKJRVMSTDFQN4)."},"filename":"/home/runner/work/xet-core/xet-core/xet_client/src/cas_client/retry_wrapper.rs","line_number":237}
{"timestamp":"2026-07-30T10:17:12.770474Z","level":"INFO","fields":{"message":"Retry strategy","retry":"RetryWrapper { max_attempts: 5, base_delay: 3s, max_duration: 360s, no_retry_on_429: false, retry_on_403: true, expected_416: false, expected_404: false, log_errors_as_info: false, api_tag: \"s3::get_range\", has_connection_permit: true }"},"filename":"/home/runner/work/xet-core/xet-core/xet_client/src/cas_client/retry_wrapper.rs","line_number":274}
{"timestamp":"2026-07-30T10:17:12.773707Z","level":"INFO","fields":{"message":"Retry strategy","retry":"RetryWrapper { max_attempts: 5, base_delay: 3s, max_duration: 360s, no_retry_on_429: false, retry_on_403: true, expected_416: false, expected_404: false, log_errors_as_info: false, api_tag: \"s3::get_range\", has_connection_permit: true }"},"filename":"/home/runner/work/xet-core/xet-core/xet_client/src/cas_client/retry_wrapper.rs","line_number":274}
{"timestamp":"2026-07-30T10:17:12.785282Z","level":"INFO","fields":{"message":"Received CAS response","request_id":"01KYS8ECPMJDDZG5DGW95747RA","status_code":206},"filename":"/home/runner/work/xet-core/xet-core/xet_client/src/common/http_client.rs","line_number":288}
{"timestamp":"2026-07-30T10:17:12.785305Z","level":"INFO","fields":{"message":"Request Success: s3::get_range api call succeeded (request id 01KYS8ECPMJDDZG5DGW95747RA)."},"filename":"/home/runner/work/xet-core/xet-core/xet_client/src/cas_client/retry_wrapper.rs","line_number":237}
{"timestamp":"2026-07-30T10:17:12.785640Z","level":"INFO","fields":{"message":"Received CAS response","request_id":"01KYS8ECPV8E30BJFYJME8P037","status_code":206},"filename":"/home/runner/work/xet-core/xet-core/xet_client/src/common/http_client.rs","line_number":288}
{"timestamp":"2026-07-30T10:17:12.785666Z","level":"INFO","fields":{"message":"Request Success: s3::get_range api call succeeded (request id 01KYS8ECPV8E30BJFYJME8P037)."},"filename":"/home/runner/work/xet-core/xet-core/xet_client/src/cas_client/retry_wrapper.rs","line_number":237}
{"timestamp":"2026-07-30T10:17:12.790082Z","level":"INFO","fields":{"message":"Received CAS response","request_id":"01KYS8ECP79WPERFR6DB7A3N9H","status_code":206},"filename":"/home/runner/work/xet-core/xet-core/xet_client/src/common/http_client.rs","line_number":288}
{"timestamp":"2026-07-30T10:17:12.790098Z","level":"INFO","fields":{"message":"Request Success: s3::get_range api call succeeded (request id 01KYS8ECP79WPERFR6DB7A3N9H)."},"filename":"/home/runner/work/xet-core/xet-core/xet_client/src/cas_client/retry_wrapper.rs","line_number":237}
{"timestamp":"2026-07-30T10:17:12.796336Z","level":"INFO","fields":{"message":"Retry strategy","retry":"RetryWrapper { max_attempts: 5, base_delay: 3s, max_duration: 360s, no_retry_on_429: false, retry_on_403: true, expected_416: false, expected_404: false, log_errors_as_info: false, api_tag: \"s3::get_range\", has_connection_permit: true }"},"filename":"/home/runner/work/xet-core/xet-core/xet_client/src/cas_client/retry_wrapper.rs","line_number":274}
{"timestamp":"2026-07-30T10:17:12.799315Z","level":"INFO","fields":{"message":"Received CAS response","request_id":"01KYS8ECQ02NGNKBTFHVBNJT2Z","status_code":206},"filename":"/home/runner/work/xet-core/xet-core/xet_client/src/common/http_client.rs","line_number":288}
{"timestamp":"2026-07-30T10:17:12.799340Z","level":"INFO","fields":{"message":"Request Success: s3::get_range api call succeeded (request id 01KYS8ECQ02NGNKBTFHVBNJT2Z)."},"filename":"/home/runner/work/xet-core/xet-core/xet_client/src/cas_client/retry_wrapper.rs","line_number":237}
{"timestamp":"2026-07-30T10:17:12.799755Z","level":"INFO","fields":{"message":"Received CAS response","request_id":"01KYS8ECQ39653YM8VRQ7F63V1","status_code":206},"filename":"/home/runner/work/xet-core/xet-core/xet_client/src/common/http_client.rs","line_number":288}
{"timestamp":"2026-07-30T10:17:12.799772Z","level":"INFO","fields":{"message":"Request Success: s3::get_range api call succeeded (request id 01KYS8ECQ39653YM8VRQ7F63V1)."},"filename":"/home/runner/work/xet-core/xet-core/xet_client/src/cas_client/retry_wrapper.rs","line_number":237}
{"timestamp":"2026-07-30T10:17:12.808694Z","level":"INFO","fields":{"message":"Retry strategy","retry":"RetryWrapper { max_attempts: 5, base_delay: 3s, max_duration: 360s, no_retry_on_429: false, retry_on_403: true, expected_416: false, expected_404: false, log_errors_as_info: false, api_tag: \"s3::get_range\", has_connection_permit: true }"},"filename":"/home/runner/work/xet-core/xet-core/xet_client/src/cas_client/retry_wrapper.rs","line_number":274}
{"timestamp":"2026-07-30T10:17:12.808937Z","level":"INFO","fields":{"message":"Retry strategy","retry":"RetryWrapper { max_attempts: 5, base_delay: 3s, max_duration: 360s, no_retry_on_429: false, retry_on_403: true, expected_416: false, expected_404: false, log_errors_as_info: false, api_tag: \"s3::get_range\", has_connection_permit: true }"},"filename":"/home/runner/work/xet-core/xet-core/xet_client/src/cas_client/retry_wrapper.rs","line_number":274}
{"timestamp":"2026-07-30T10:17:12.809077Z","level":"INFO","fields":{"message":"Retry strategy","retry":"RetryWrapper { max_attempts: 5, base_delay: 3s, max_duration: 360s, no_retry_on_429: false, retry_on_403: true, expected_416: false, expected_404: false, log_errors_as_info: false, api_tag: \"s3::get_range\", has_connection_permit: true }"},"filename":"/home/runner/work/xet-core/xet-core/xet_client/src/cas_client/retry_wrapper.rs","line_number":274}
{"timestamp":"2026-07-30T10:17:12.809474Z","level":"INFO","fields":{"message":"Retry strategy","retry":"RetryWrapper { max_attempts: 5, base_delay: 3s, max_duration: 360s, no_retry_on_429: false, retry_on_403: true, expected_416: false, expected_404: false, log_errors_as_info: false, api_tag: \"s3::get_range\", has_connection_permit: true }"},"filename":"/home/runner/work/xet-core/xet-core/xet_client/src/cas_client/retry_wrapper.rs","line_number":274}
{"timestamp":"2026-07-30T10:17:12.812315Z","level":"INFO","fields":{"message":"Received CAS response","request_id":"01KYS8ECQN4KKMEW54F98YAXRX","status_code":206},"filename":"/home/runner/work/xet-core/xet-core/xet_client/src/common/http_client.rs","line_number":288}
{"timestamp":"2026-07-30T10:17:12.812328Z","level":"INFO","fields":{"message":"Request Success: s3::get_range api call succeeded (request id 01KYS8ECQN4KKMEW54F98YAXRX)."},"filename":"/home/runner/work/xet-core/xet-core/xet_client/src/cas_client/retry_wrapper.rs","line_number":237}
{"timestamp":"2026-07-30T10:17:12.815530Z","level":"INFO","fields":{"message":"Retry strategy","retry":"RetryWrapper { max_attempts: 5, base_delay: 3s, max_duration: 360s, no_retry_on_429: false, retry_on_403: true, expected_416: false, expected_404: false, log_errors_as_info: false, api_tag: \"s3::get_range\", has_connection_permit: true }"},"filename":"/home/runner/work/xet-core/xet-core/xet_client/src/cas_client/retry_wrapper.rs","line_number":274}
{"timestamp":"2026-07-30T10:17:12.822112Z","level":"INFO","fields":{"message":"Retry strategy","retry":"RetryWrapper { max_attempts: 5, base_delay: 3s, max_duration: 360s, no_retry_on_429: false, retry_on_403: true, expected_416: false, expected_404: false, log_errors_as_info: false, api_tag: \"s3::get_range\", has_connection_permit: true }"},"filename":"/home/runner/work/xet-core/xet-core/xet_client/src/cas_client/retry_wrapper.rs","line_number":274}
{"timestamp":"2026-07-30T10:17:12.822135Z","level":"INFO","fields":{"message":"Received CAS response","request_id":"01KYS8ECR11XV5DF8QAP355FVM","status_code":206},"filename":"/home/runner/work/xet-core/xet-core/xet_client/src/common/http_client.rs","line_number":288}
{"timestamp":"2026-07-30T10:17:12.822150Z","level":"INFO","fields":{"message":"Request Success: s3::get_range api call succeeded (request id 01KYS8ECR11XV5DF8QAP355FVM)."},"filename":"/home/runner/work/xet-core/xet-core/xet_client/src/cas_client/retry_wrapper.rs","line_number":237}
{"timestamp":"2026-07-30T10:17:12.824410Z","level":"INFO","fields":{"message":"Retry strategy","retry":"RetryWrapper { max_attempts: 5, base_delay: 3s, max_duration: 360s, no_retry_on_429: false, retry_on_403: true, expected_416: false, expected_404: false, log_errors_as_info: false, api_tag: \"s3::get_range\", has_connection_permit: true }"},"filename":"/home/runner/work/xet-core/xet-core/xet_client/src/cas_client/retry_wrapper.rs","line_number":274}
{"timestamp":"2026-07-30T10:17:12.824495Z","level":"INFO","fields":{"message":"Received CAS response","request_id":"01KYS8ECQDQEVQZCE6KECSWJKP","status_code":206},"filename":"/home/runner/work/xet-core/xet-core/xet_client/src/common/http_client.rs","line_number":288}
{"timestamp":"2026-07-30T10:17:12.824513Z","level":"INFO","fields":{"message":"Request Success: s3::get_range api call succeeded (request id 01KYS8ECQDQEVQZCE6KECSWJKP)."},"filename":"/home/runner/work/xet-core/xet-core/xet_client/src/cas_client/retry_wrapper.rs","line_number":237}
{"timestamp":"2026-07-30T10:17:12.824571Z","level":"INFO","fields":{"message":"Retry strategy","retry":"RetryWrapper { max_attempts: 5, base_delay: 3s, max_duration: 360s, no_retry_on_429: false, retry_on_403: true, expected_416: false, expected_404: false, log_errors_as_info: false, api_tag: \"s3::get_range\", has_connection_permit: true }"},"filename":"/home/runner/work/xet-core/xet-core/xet_client/src/cas_client/retry_wrapper.rs","line_number":274}
{"timestamp":"2026-07-30T10:17:12.831150Z","level":"INFO","fields":{"message":"Received CAS response","request_id":"01KYS8ECQNQV6REME6S61A9BRF","status_code":206},"filename":"/home/runner/work/xet-core/xet-core/xet_client/src/common/http_client.rs","line_number":288}
{"timestamp":"2026-07-30T10:17:12.831166Z","level":"INFO","fields":{"message":"Request Success: s3::get_range api call succeeded (request id 01KYS8ECQNQV6REME6S61A9BRF)."},"filename":"/home/runner/work/xet-core/xet-core/xet_client/src/cas_client/retry_wrapper.rs","line_number":237}
{"timestamp":"2026-07-30T10:17:12.840178Z","level":"INFO","fields":{"message":"Received CAS response","request_id":"01KYS8ECR5FZFK79M7WZ2088AP","status_code":206},"filename":"/home/runner/work/xet-core/xet-core/xet_client/src/common/http_client.rs","line_number":288}
{"timestamp":"2026-07-30T10:17:12.840202Z","level":"INFO","fields":{"message":"Request Success: s3::get_range api call succeeded (request id 01KYS8ECR5FZFK79M7WZ2088AP)."},"filename":"/home/runner/work/xet-core/xet-core/xet_client/src/cas_client/retry_wrapper.rs","line_number":237}
{"timestamp":"2026-07-30T10:17:12.843305Z","level":"INFO","fields":{"message":"Retry strategy","retry":"RetryWrapper { max_attempts: 5, base_delay: 3s, max_duration: 360s, no_retry_on_429: false, retry_on_403: true, expected_416: false, expected_404: false, log_errors_as_info: false, api_tag: \"s3::get_range\", has_connection_permit: true }"},"filename":"/home/runner/work/xet-core/xet-core/xet_client/src/cas_client/retry_wrapper.rs","line_number":274}
{"timestamp":"2026-07-30T10:17:12.849987Z","level":"INFO","fields":{"message":"Received CAS response","request_id":"01KYS8ECREC9VPJ5H5SDQ3MEWN","status_code":206},"filename":"/home/runner/work/xet-core/xet-core/xet_client/src/common/http_client.rs","line_number":288}
{"timestamp":"2026-07-30T10:17:12.850003Z","level":"INFO","fields":{"message":"Request Success: s3::get_range api call succeeded (request id 01KYS8ECREC9VPJ5H5SDQ3MEWN)."},"filename":"/home/runner/work/xet-core/xet-core/xet_client/src/cas_client/retry_wrapper.rs","line_number":237}
{"timestamp":"2026-07-30T10:17:12.850536Z","level":"INFO","fields":{"message":"Retry strategy","retry":"RetryWrapper { max_attempts: 5, base_delay: 3s, max_duration: 360s, no_retry_on_429: false, retry_on_403: true, expected_416: false, expected_404: false, log_errors_as_info: false, api_tag: \"s3::get_range\", has_connection_permit: true }"},"filename":"/home/runner/work/xet-core/xet-core/xet_client/src/cas_client/retry_wrapper.rs","line_number":274}
{"timestamp":"2026-07-30T10:17:12.851435Z","level":"INFO","fields":{"message":"Retry strategy","retry":"RetryWrapper { max_attempts: 5, base_delay: 3s, max_duration: 360s, no_retry_on_429: false, retry_on_403: true, expected_416: false, expected_404: false, log_errors_as_info: false, api_tag: \"s3::get_range\", has_connection_permit: true }"},"filename":"/home/runner/work/xet-core/xet-core/xet_client/src/cas_client/retry_wrapper.rs","line_number":274}
{"timestamp":"2026-07-30T10:17:12.853659Z","level":"INFO","fields":{"message":"Received CAS response","request_id":"01KYS8ECRR9X9YG119DV5TDZB7","status_code":206},"filename":"/home/runner/work/xet-core/xet-core/xet_client/src/common/http_client.rs","line_number":288}
{"timestamp":"2026-07-30T10:17:12.853672Z","level":"INFO","fields":{"message":"Request Success: s3::get_range api call succeeded (request id 01KYS8ECRR9X9YG119DV5TDZB7)."},"filename":"/home/runner/work/xet-core/xet-core/xet_client/src/cas_client/retry_wrapper.rs","line_number":237}
{"timestamp":"2026-07-30T10:17:12.860003Z","level":"INFO","fields":{"message":"Received CAS response","request_id":"01KYS8ECRRR1ETKTQ8VFKCP3H2","status_code":206},"filename":"/home/runner/work/xet-core/xet-core/xet_client/src/common/http_client.rs","line_number":288}
{"timestamp":"2026-07-30T10:17:12.860024Z","level":"INFO","fields":{"message":"Request Success: s3::get_range api call succeeded (request id 01KYS8ECRRR1ETKTQ8VFKCP3H2)."},"filename":"/home/runner/work/xet-core/xet-core/xet_client/src/cas_client/retry_wrapper.rs","line_number":237}
{"timestamp":"2026-07-30T10:17:12.860393Z","level":"INFO","fields":{"message":"Retry strategy","retry":"RetryWrapper { max_attempts: 5, base_delay: 3s, max_duration: 360s, no_retry_on_429: false, retry_on_403: true, expected_416: false, expected_404: false, log_errors_as_info: false, api_tag: \"s3::get_range\", has_connection_permit: true }"},"filename":"/home/runner/work/xet-core/xet-core/xet_client/src/cas_client/retry_wrapper.rs","line_number":274}
{"timestamp":"2026-07-30T10:17:12.860997Z","level":"INFO","fields":{"message":"Retry strategy","retry":"RetryWrapper { max_attempts: 5, base_delay: 3s, max_duration: 360s, no_retry_on_429: false, retry_on_403: true, expected_416: false, expected_404: false, log_errors_as_info: false, api_tag: \"s3::get_range\", has_connection_permit: true }"},"filename":"/home/runner/work/xet-core/xet-core/xet_client/src/cas_client/retry_wrapper.rs","line_number":274}
{"timestamp":"2026-07-30T10:17:12.861559Z","level":"INFO","fields":{"message":"Received CAS response","request_id":"01KYS8ECRP9J2467QCW0SG4135","status_code":206},"filename":"/home/runner/work/xet-core/xet-core/xet_client/src/common/http_client.rs","line_number":288}
{"timestamp":"2026-07-30T10:17:12.861573Z","level":"INFO","fields":{"message":"Request Success: s3::get_range api call succeeded (request id 01KYS8ECRP9J2467QCW0SG4135)."},"filename":"/home/runner/work/xet-core/xet-core/xet_client/src/cas_client/retry_wrapper.rs","line_number":237}
{"timestamp":"2026-07-30T10:17:12.869616Z","level":"INFO","fields":{"message":"Retry strategy","retry":"RetryWrapper { max_attempts: 5, base_delay: 3s, max_duration: 360s, no_retry_on_429: false, retry_on_403: true, expected_416: false, expected_404: false, log_errors_as_info: false, api_tag: \"s3::get_range\", has_connection_permit: true }"},"filename":"/home/runner/work/xet-core/xet-core/xet_client/src/cas_client/retry_wrapper.rs","line_number":274}
{"timestamp":"2026-07-30T10:17:12.873234Z","level":"INFO","fields":{"message":"Received CAS response","request_id":"01KYS8ECS1FTR415CCA4YM2GV5","status_code":206},"filename":"/home/runner/work/xet-core/xet-core/xet_client/src/common/http_client.rs","line_number":288}
{"timestamp":"2026-07-30T10:17:12.873252Z","level":"INFO","fields":{"message":"Request Success: s3::get_range api call succeeded (request id 01KYS8ECS1FTR415CCA4YM2GV5)."},"filename":"/home/runner/work/xet-core/xet-core/xet_client/src/cas_client/retry_wrapper.rs","line_number":237}
{"timestamp":"2026-07-30T10:17:12.875398Z","level":"INFO","fields":{"message":"Retry strategy","retry":"RetryWrapper { max_attempts: 5, base_delay: 3s, max_duration: 360s, no_retry_on_429: false, retry_on_403: true, expected_416: false, expected_404: false, log_errors_as_info: false, api_tag: \"s3::get_range\", has_connection_permit: true }"},"filename":"/home/runner/work/xet-core/xet-core/xet_client/src/cas_client/retry_wrapper.rs","line_number":274}
{"timestamp":"2026-07-30T10:17:12.878228Z","level":"INFO","fields":{"message":"Retry strategy","retry":"RetryWrapper { max_attempts: 5, base_delay: 3s, max_duration: 360s, no_retry_on_429: false, retry_on_403: true, expected_416: false, expected_404: false, log_errors_as_info: false, api_tag: \"s3::get_range\", has_connection_permit: true }"},"filename":"/home/runner/work/xet-core/xet-core/xet_client/src/cas_client/retry_wrapper.rs","line_number":274}
{"timestamp":"2026-07-30T10:17:12.905995Z","level":"INFO","fields":{"message":"Received CAS response","request_id":"01KYS8ECTFJG47V08D946QY39D","status_code":206},"filename":"/home/runner/work/xet-core/xet-core/xet_client/src/common/http_client.rs","line_number":288}
{"timestamp":"2026-07-30T10:17:12.906012Z","level":"INFO","fields":{"message":"Request Success: s3::get_range api call succeeded (request id 01KYS8ECTFJG47V08D946QY39D)."},"filename":"/home/runner/work/xet-core/xet-core/xet_client/src/cas_client/retry_wrapper.rs","line_number":237}
{"timestamp":"2026-07-30T10:17:12.911224Z","level":"INFO","fields":{"message":"Received CAS response","request_id":"01KYS8ECT7A0PZBHW5ESQ21CMP","status_code":206},"filename":"/home/runner/work/xet-core/xet-core/xet_client/src/common/http_client.rs","line_number":288}
{"timestamp":"2026-07-30T10:17:12.911263Z","level":"INFO","fields":{"message":"Request Success: s3::get_range api call succeeded (request id 01KYS8ECT7A0PZBHW5ESQ21CMP)."},"filename":"/home/runner/work/xet-core/xet-core/xet_client/src/cas_client/retry_wrapper.rs","line_number":237}
{"timestamp":"2026-07-30T10:17:12.912453Z","level":"INFO","fields":{"message":"Received CAS response","request_id":"01KYS8ECTQA5E78TNZC4C0VJE5","status_code":206},"filename":"/home/runner/work/xet-core/xet-core/xet_client/src/common/http_client.rs","line_number":288}
{"timestamp":"2026-07-30T10:17:12.912477Z","level":"INFO","fields":{"message":"Request Success: s3::get_range api call succeeded (request id 01KYS8ECTQA5E78TNZC4C0VJE5)."},"filename":"/home/runner/work/xet-core/xet-core/xet_client/src/cas_client/retry_wrapper.rs","line_number":237}
{"timestamp":"2026-07-30T10:17:12.912801Z","level":"INFO","fields":{"message":"Received CAS response","request_id":"01KYS8ECTP313PDHHDKX5MB4KP","status_code":206},"filename":"/home/runner/work/xet-core/xet-core/xet_client/src/common/http_client.rs","line_number":288}
{"timestamp":"2026-07-30T10:17:12.912813Z","level":"INFO","fields":{"message":"Request Success: s3::get_range api call succeeded (request id 01KYS8ECTP313PDHHDKX5MB4KP)."},"filename":"/home/runner/work/xet-core/xet-core/xet_client/src/cas_client/retry_wrapper.rs","line_number":237}
{"timestamp":"2026-07-30T10:17:12.947401Z","level":"INFO","fields":{"message":"Received CAS response","request_id":"01KYS8ECVTJQNF0N7D9AV2G1E6","status_code":206},"filename":"/home/runner/work/xet-core/xet-core/xet_client/src/common/http_client.rs","line_number":288}
{"timestamp":"2026-07-30T10:17:12.947458Z","level":"INFO","fields":{"message":"Request Success: s3::get_range api call succeeded (request id 01KYS8ECVTJQNF0N7D9AV2G1E6)."},"filename":"/home/runner/work/xet-core/xet-core/xet_client/src/cas_client/retry_wrapper.rs","line_number":237}
{"timestamp":"2026-07-30T10:17:12.954775Z","level":"INFO","fields":{"message":"Received CAS response","request_id":"01KYS8ECVEVRP2Z7GAJGGA1EKR","status_code":206},"filename":"/home/runner/work/xet-core/xet-core/xet_client/src/common/http_client.rs","line_number":288}
{"timestamp":"2026-07-30T10:17:12.954791Z","level":"INFO","fields":{"message":"Request Success: s3::get_range api call succeeded (request id 01KYS8ECVEVRP2Z7GAJGGA1EKR)."},"filename":"/home/runner/work/xet-core/xet-core/xet_client/src/cas_client/retry_wrapper.rs","line_number":237}
{"timestamp":"2026-07-30T10:17:12.967796Z","level":"INFO","fields":{"message":"Received CAS response","request_id":"01KYS8ECVWHE5H92K2CZHJYTAD","status_code":206},"filename":"/home/runner/work/xet-core/xet-core/xet_client/src/common/http_client.rs","line_number":288}
{"timestamp":"2026-07-30T10:17:12.967810Z","level":"INFO","fields":{"message":"Request Success: s3::get_range api call succeeded (request id 01KYS8ECVWHE5H92K2CZHJYTAD)."},"filename":"/home/runner/work/xet-core/xet-core/xet_client/src/cas_client/retry_wrapper.rs","line_number":237}
{"timestamp":"2026-07-30T10:17:12.968746Z","level":"INFO","fields":{"message":"Received CAS response","request_id":"01KYS8ECW9KS5K6762BW2XD9PP","status_code":206},"filename":"/home/runner/work/xet-core/xet-core/xet_client/src/common/http_client.rs","line_number":288}
{"timestamp":"2026-07-30T10:17:12.968761Z","level":"INFO","fields":{"message":"Request Success: s3::get_range api call succeeded (request id 01KYS8ECW9KS5K6762BW2XD9PP)."},"filename":"/home/runner/work/xet-core/xet-core/xet_client/src/cas_client/retry_wrapper.rs","line_number":237}
{"timestamp":"2026-07-30T10:17:12.969643Z","level":"INFO","fields":{"message":"Received CAS response","request_id":"01KYS8ECW9M5RQ9CKPW9GYY8QS","status_code":206},"filename":"/home/runner/work/xet-core/xet-core/xet_client/src/common/http_client.rs","line_number":288}
{"timestamp":"2026-07-30T10:17:12.969662Z","level":"INFO","fields":{"message":"Request Success: s3::get_range api call succeeded (request id 01KYS8ECW9M5RQ9CKPW9GYY8QS)."},"filename":"/home/runner/work/xet-core/xet-core/xet_client/src/cas_client/retry_wrapper.rs","line_number":237}
{"timestamp":"2026-07-30T10:17:12.970536Z","level":"INFO","fields":{"message":"Received CAS response","request_id":"01KYS8ECW10XY2KT6DVN6MYRQB","status_code":206},"filename":"/home/runner/work/xet-core/xet-core/xet_client/src/common/http_client.rs","line_number":288}
{"timestamp":"2026-07-30T10:17:12.970548Z","level":"INFO","fields":{"message":"Request Success: s3::get_range api call succeeded (request id 01KYS8ECW10XY2KT6DVN6MYRQB)."},"filename":"/home/runner/work/xet-core/xet-core/xet_client/src/cas_client/retry_wrapper.rs","line_number":237}
{"timestamp":"2026-07-30T10:17:12.973731Z","level":"INFO","fields":{"message":"Received CAS response","request_id":"01KYS8ECWBQQ8QST1T48QH15BR","status_code":206},"filename":"/home/runner/work/xet-core/xet-core/xet_client/src/common/http_client.rs","line_number":288}
{"timestamp":"2026-07-30T10:17:12.973750Z","level":"INFO","fields":{"message":"Request Success: s3::get_range api call succeeded (request id 01KYS8ECWBQQ8QST1T48QH15BR)."},"filename":"/home/runner/work/xet-core/xet-core/xet_client/src/cas_client/retry_wrapper.rs","line_number":237}
{"timestamp":"2026-07-30T10:17:12.973824Z","level":"INFO","fields":{"message":"Received CAS response","request_id":"01KYS8ECVT4C5FWP5G62436XP1","status_code":206},"filename":"/home/runner/work/xet-core/xet-core/xet_client/src/common/http_client.rs","line_number":288}
{"timestamp":"2026-07-30T10:17:12.973845Z","level":"INFO","fields":{"message":"Request Success: s3::get_range api call succeeded (request id 01KYS8ECVT4C5FWP5G62436XP1)."},"filename":"/home/runner/work/xet-core/xet-core/xet_client/src/cas_client/retry_wrapper.rs","line_number":237}
{"timestamp":"2026-07-30T10:17:12.977460Z","level":"INFO","fields":{"message":"Received CAS response","request_id":"01KYS8ECVVZ6KWNA5B1BW2X8ES","status_code":206},"filename":"/home/runner/work/xet-core/xet-core/xet_client/src/common/http_client.rs","line_number":288}
{"timestamp":"2026-07-30T10:17:12.977473Z","level":"INFO","fields":{"message":"Request Success: s3::get_range api call succeeded (request id 01KYS8ECVVZ6KWNA5B1BW2X8ES)."},"filename":"/home/runner/work/xet-core/xet-core/xet_client/src/cas_client/retry_wrapper.rs","line_number":237}
{"timestamp":"2026-07-30T10:17:12.984732Z","level":"INFO","fields":{"message":"File reconstruction completed successfully","file_hash":"60a34d5ba7d0badaa72355c46f786999de74b7deb868a90c512baef272afcce4","block_count":1,"total_terms_processed":562,"total_bytes_scheduled":207592288},"filename":"/home/runner/work/xet-core/xet-core/xet_data/src/file_reconstruction/run_state.rs","line_number":150}
{"timestamp":"2026-07-30T10:17:12.995686Z","level":"INFO","fields":{"message":"Received CAS response","request_id":"01KYS8ECWWS6440SAHWQA8425P","status_code":206},"filename":"/home/runner/work/xet-core/xet-core/xet_client/src/common/http_client.rs","line_number":288}
{"timestamp":"2026-07-30T10:17:12.995700Z","level":"INFO","fields":{"message":"Request Success: s3::get_range api call succeeded (request id 01KYS8ECWWS6440SAHWQA8425P)."},"filename":"/home/runner/work/xet-core/xet-core/xet_client/src/cas_client/retry_wrapper.rs","line_number":237}
{"timestamp":"2026-07-30T10:17:13.013653Z","level":"INFO","fields":{"message":"Received CAS response","request_id":"01KYS8ECXD8VJ56WXZ3XCRY9MW","status_code":206},"filename":"/home/runner/work/xet-core/xet-core/xet_client/src/common/http_client.rs","line_number":288}
{"timestamp":"2026-07-30T10:17:13.013677Z","level":"INFO","fields":{"message":"Request Success: s3::get_range api call succeeded (request id 01KYS8ECXD8VJ56WXZ3XCRY9MW)."},"filename":"/home/runner/work/xet-core/xet-core/xet_client/src/cas_client/retry_wrapper.rs","line_number":237}
{"timestamp":"2026-07-30T10:17:13.017313Z","level":"INFO","fields":{"message":"Received CAS response","request_id":"01KYS8ECXDRN6RAV1N990Y7S94","status_code":206},"filename":"/home/runner/work/xet-core/xet-core/xet_client/src/common/http_client.rs","line_number":288}
{"timestamp":"2026-07-30T10:17:13.017325Z","level":"INFO","fields":{"message":"Request Success: s3::get_range api call succeeded (request id 01KYS8ECXDRN6RAV1N990Y7S94)."},"filename":"/home/runner/work/xet-core/xet-core/xet_client/src/cas_client/retry_wrapper.rs","line_number":237}
{"timestamp":"2026-07-30T10:17:13.023441Z","level":"INFO","fields":{"message":"Received CAS response","request_id":"01KYS8ECX4Y6JV1ZPKG1SPZ8J1","status_code":206},"filename":"/home/runner/work/xet-core/xet-core/xet_client/src/common/http_client.rs","line_number":288}
{"timestamp":"2026-07-30T10:17:13.023452Z","level":"INFO","fields":{"message":"Request Success: s3::get_range api call succeeded (request id 01KYS8ECX4Y6JV1ZPKG1SPZ8J1)."},"filename":"/home/runner/work/xet-core/xet-core/xet_client/src/cas_client/retry_wrapper.rs","line_number":237}
{"timestamp":"2026-07-30T10:17:13.026247Z","level":"INFO","fields":{"message":"Received CAS response","request_id":"01KYS8ECXRYH4ZPNC1YHXJNK3E","status_code":206},"filename":"/home/runner/work/xet-core/xet-core/xet_client/src/common/http_client.rs","line_number":288}
{"timestamp":"2026-07-30T10:17:13.026259Z","level":"INFO","fields":{"message":"Request Success: s3::get_range api call succeeded (request id 01KYS8ECXRYH4ZPNC1YHXJNK3E)."},"filename":"/home/runner/work/xet-core/xet-core/xet_client/src/cas_client/retry_wrapper.rs","line_number":237}
{"timestamp":"2026-07-30T10:17:13.032500Z","level":"INFO","fields":{"message":"Received CAS response","request_id":"01KYS8ECXWCSYDMZHGHF4A3YXR","status_code":206},"filename":"/home/runner/work/xet-core/xet-core/xet_client/src/common/http_client.rs","line_number":288}
{"timestamp":"2026-07-30T10:17:13.032523Z","level":"INFO","fields":{"message":"Request Success: s3::get_range api call succeeded (request id 01KYS8ECXWCSYDMZHGHF4A3YXR)."},"filename":"/home/runner/work/xet-core/xet-core/xet_client/src/cas_client/retry_wrapper.rs","line_number":237}
{"timestamp":"2026-07-30T10:17:13.098416Z","level":"INFO","fields":{"message":"Received CAS response","request_id":"01KYS8ECX661BBSDT7EAMHW0EG","status_code":206},"filename":"/home/runner/work/xet-core/xet-core/xet_client/src/common/http_client.rs","line_number":288}
{"timestamp":"2026-07-30T10:17:13.098451Z","level":"INFO","fields":{"message":"Request Success: s3::get_range api call succeeded (request id 01KYS8ECX661BBSDT7EAMHW0EG)."},"filename":"/home/runner/work/xet-core/xet-core/xet_client/src/cas_client/retry_wrapper.rs","line_number":237}
{"timestamp":"2026-07-30T10:17:13.197168Z","level":"INFO","fields":{"message":"CAS auth disabled","caller":"/home/runner/work/xet-core/xet-core/xet_client/src/common/http_client.rs:166"},"filename":"/home/runner/work/xet-core/xet-core/xet_runtime/src/error_printer/mod.rs","line_number":198}
{"timestamp":"2026-07-30T10:17:13.208903Z","level":"INFO","fields":{"message":"HTTP client configured","idle_timeout":"60s","max_idle_connections":16,"custom_headers":"Some({\"user-agent\": \"unknown/None; hf_hub/1.25.1; python/3.11.15; agent/codex\"})"},"filename":"/home/runner/work/xet-core/xet-core/xet_client/src/common/http_client.rs","line_number":187}
{"timestamp":"2026-07-30T10:17:13.208933Z","level":"INFO","fields":{"message":"Retry strategy","retry":"RetryWrapper { max_attempts: 5, base_delay: 3s, max_duration: 360s, no_retry_on_429: false, retry_on_403: false, expected_416: false, expected_404: false, log_errors_as_info: false, api_tag: \"xet-token\", has_connection_permit: false }"},"filename":"/home/runner/work/xet-core/xet-core/xet_client/src/cas_client/retry_wrapper.rs","line_number":274}
{"timestamp":"2026-07-30T10:17:13.348357Z","level":"INFO","fields":{"message":"Received CAS response","request_id":"01KYS8ED6G46KKC3G6HTJSTP5B","status_code":206},"filename":"/home/runner/work/xet-core/xet-core/xet_client/src/common/http_client.rs","line_number":288}
{"timestamp":"2026-07-30T10:17:13.348391Z","level":"INFO","fields":{"message":"Request Success: s3::get_range api call succeeded (request id 01KYS8ED6G46KKC3G6HTJSTP5B)."},"filename":"/home/runner/work/xet-core/xet-core/xet_client/src/cas_client/retry_wrapper.rs","line_number":237}
{"timestamp":"2026-07-30T10:17:13.367556Z","level":"INFO","fields":{"message":"Concurrency control for download: Increased concurrency from 22 to 23; reason: success ratio 1.000 is above threshold 0.800 and predicted RTT for 2MB at new concurrency is 0.27s < target 60.0s"},"filename":"/home/runner/work/xet-core/xet-core/xet_client/src/cas_client/adaptive_concurrency/controller.rs","line_number":548}
{"timestamp":"2026-07-30T10:17:13.453453Z","level":"INFO","fields":{"message":"Received CAS response","request_id":"Root=1-6a6b24a9-4cf9b7ce5066ff7d371adeec","status_code":200},"filename":"/home/runner/work/xet-core/xet-core/xet_client/src/common/http_client.rs","line_number":288}
{"timestamp":"2026-07-30T10:17:13.453485Z","level":"INFO","fields":{"message":"Request Success: xet-token api call succeeded (request id Root=1-6a6b24a9-4cf9b7ce5066ff7d371adeec)."},"filename":"/home/runner/work/xet-core/xet-core/xet_client/src/cas_client/retry_wrapper.rs","line_number":237}
{"timestamp":"2026-07-30T10:17:13.453608Z","level":"INFO","fields":{"message":"TranslatorConfig initialized","endpoint":"https://cas-server.xethub.hf.co","session_id":"Some(\"019fb287-35ed-7d21-b5a9-68bffbbf9af5\")","shard_cache":"/mnt/hdd1/TSFM/models/cache/huggingface/xet/https___cas_serv-tGqkUaZf_CBPHQ6h/shard-cache","shard_session":"/mnt/hdd1/TSFM/models/cache/huggingface/xet/https___cas_serv-tGqkUaZf_CBPHQ6h/staging/shard-session"},"filename":"/home/runner/work/xet-core/xet-core/xet_data/src/processing/configurations.rs","line_number":127}
{"timestamp":"2026-07-30T10:17:13.465364Z","level":"INFO","fields":{"message":"HTTP client configured","idle_timeout":"60s","max_idle_connections":16,"custom_headers":"Some({\"user-agent\": \"unknown/None; hf_hub/1.25.1; python/3.11.15; agent/codex; hf_xet/1.5.2\"})"},"filename":"/home/runner/work/xet-core/xet-core/xet_client/src/common/http_client.rs","line_number":187}
{"timestamp":"2026-07-30T10:17:13.465394Z","level":"INFO","fields":{"message":"CAS auth disabled","caller":"/home/runner/work/xet-core/xet-core/xet_client/src/common/http_client.rs:166"},"filename":"/home/runner/work/xet-core/xet-core/xet_runtime/src/error_printer/mod.rs","line_number":198}
{"timestamp":"2026-07-30T10:17:13.465404Z","level":"INFO","fields":{"message":"HTTP client configured","idle_timeout":"60s","max_idle_connections":16,"custom_headers":"Some({\"user-agent\": \"unknown/None; hf_hub/1.25.1; python/3.11.15; agent/codex; hf_xet/1.5.2\"})"},"filename":"/home/runner/work/xet-core/xet-core/xet_client/src/common/http_client.rs","line_number":187}
{"timestamp":"2026-07-30T10:17:13.476645Z","level":"INFO","fields":{"message":"No-read-timeout HTTP client configured (for shard uploads)","connect_timeout":"60s"},"filename":"/home/runner/work/xet-core/xet-core/xet_client/src/common/http_client.rs","line_number":136}
{"timestamp":"2026-07-30T10:17:13.476773Z","level":"INFO","fields":{"message":"New file download group, session_id=019fb287-0086-7282-95db-0127299f6ab8, group_id=28"},"filename":"/home/runner/work/xet-core/xet-core/xet_pkg/src/xet_session/file_download_group.rs","line_number":61}
{"timestamp":"2026-07-30T10:17:13.477040Z","level":"INFO","fields":{"message":"Download file to path","group_id":"28","dest_path":"\"/mnt/hdd1/TSFM/dataset/raw/multi_domain/gift_eval/.cache/huggingface/download/solar/10T/ph-PwKzEizU51qoBvN-kh8yvA-U=.0cc57e755664a1a2684907b1734e93961dc0ebc3d4a7ebc39fe75187d8a0ac5c.236a540a.incomplete\"","hash":"79e2a8afd428a26fbac5b0ab1675c68a65f1e7c8065952b8135ebc152a888859"},"filename":"/home/runner/work/xet-core/xet-core/xet_pkg/src/xet_session/file_download_group.rs","line_number":287}
{"timestamp":"2026-07-30T10:17:13.477153Z","level":"INFO","fields":{"message":"Reconstructing file to disk","file_hash":"79e2a8afd428a26fbac5b0ab1675c68a65f1e7c8065952b8135ebc152a888859","byte_range":"None","path":"/mnt/hdd1/TSFM/dataset/raw/multi_domain/gift_eval/.cache/huggingface/download/solar/10T/ph-PwKzEizU51qoBvN-kh8yvA-U=.0cc57e755664a1a2684907b1734e93961dc0ebc3d4a7ebc39fe75187d8a0ac5c.236a540a.incomplete","write_offset":"None"},"filename":"/home/runner/work/xet-core/xet-core/xet_data/src/file_reconstruction/file_reconstructor.rs","line_number":126}
{"timestamp":"2026-07-30T10:17:13.477382Z","level":"INFO","fields":{"message":"Download group finish","group_id":"28"},"filename":"/home/runner/work/xet-core/xet-core/xet_pkg/src/xet_session/file_download_group.rs","line_number":306}
{"timestamp":"2026-07-30T10:17:13.477505Z","level":"INFO","fields":{"message":"Scheduling prefetch block","file_hash":"79e2a8afd428a26fbac5b0ab1675c68a65f1e7c8065952b8135ebc152a888859","prefetch_range":"(0, 256000000)","requested_block_size":256000000,"actual_block_size":256000000,"queue_depth":1},"filename":"/home/runner/work/xet-core/xet-core/xet_data/src/file_reconstruction/reconstruction_terms/manager.rs","line_number":277}
{"timestamp":"2026-07-30T10:17:13.477525Z","level":"INFO","fields":{"message":"Scheduling prefetch block","file_hash":"79e2a8afd428a26fbac5b0ab1675c68a65f1e7c8065952b8135ebc152a888859","prefetch_range":"(256000000, 768000000)","requested_block_size":512000000,"actual_block_size":512000000,"queue_depth":2},"filename":"/home/runner/work/xet-core/xet-core/xet_data/src/file_reconstruction/reconstruction_terms/manager.rs","line_number":277}
{"timestamp":"2026-07-30T10:17:13.477540Z","level":"INFO","fields":{"message":"Scheduling prefetch block","file_hash":"79e2a8afd428a26fbac5b0ab1675c68a65f1e7c8065952b8135ebc152a888859","prefetch_range":"(768000000, 1024000000)","requested_block_size":256000000,"actual_block_size":256000000,"queue_depth":3},"filename":"/home/runner/work/xet-core/xet-core/xet_data/src/file_reconstruction/reconstruction_terms/manager.rs","line_number":277}
{"timestamp":"2026-07-30T10:17:13.477570Z","level":"INFO","fields":{"message":"Starting get_reconstruction API call","call_id":29,"file_id":"79e2a8afd428a26fbac5b0ab1675c68a65f1e7c8065952b8135ebc152a888859","bytes_range":"Some(Range { start: 768000000, end: 1024000000 })","api_version":"v2"},"filename":"/home/runner/work/xet-core/xet-core/xet_client/src/cas_client/remote_client.rs","line_number":212}
{"timestamp":"2026-07-30T10:17:13.477574Z","level":"INFO","fields":{"message":"Starting get_reconstruction API call","call_id":28,"file_id":"79e2a8afd428a26fbac5b0ab1675c68a65f1e7c8065952b8135ebc152a888859","bytes_range":"Some(Range { start: 0, end: 256000000 })","api_version":"v2"},"filename":"/home/runner/work/xet-core/xet-core/xet_client/src/cas_client/remote_client.rs","line_number":212}
{"timestamp":"2026-07-30T10:17:13.477589Z","level":"INFO","fields":{"message":"Starting get_reconstruction API call","call_id":30,"file_id":"79e2a8afd428a26fbac5b0ab1675c68a65f1e7c8065952b8135ebc152a888859","bytes_range":"Some(Range { start: 256000000, end: 768000000 })","api_version":"v2"},"filename":"/home/runner/work/xet-core/xet-core/xet_client/src/cas_client/remote_client.rs","line_number":212}
{"timestamp":"2026-07-30T10:17:13.477590Z","level":"INFO","fields":{"message":"Retry strategy","retry":"RetryWrapper { max_attempts: 5, base_delay: 3s, max_duration: 360s, no_retry_on_429: false, retry_on_403: false, expected_416: true, expected_404: false, log_errors_as_info: false, api_tag: \"cas::get_reconstruction_v2\", has_connection_permit: false }"},"filename":"/home/runner/work/xet-core/xet-core/xet_client/src/cas_client/retry_wrapper.rs","line_number":274}
{"timestamp":"2026-07-30T10:17:13.477595Z","level":"INFO","fields":{"message":"Retry strategy","retry":"RetryWrapper { max_attempts: 5, base_delay: 3s, max_duration: 360s, no_retry_on_429: false, retry_on_403: false, expected_416: true, expected_404: false, log_errors_as_info: false, api_tag: \"cas::get_reconstruction_v2\", has_connection_permit: false }"},"filename":"/home/runner/work/xet-core/xet-core/xet_client/src/cas_client/retry_wrapper.rs","line_number":274}
{"timestamp":"2026-07-30T10:17:13.477599Z","level":"INFO","fields":{"message":"Retry strategy","retry":"RetryWrapper { max_attempts: 5, base_delay: 3s, max_duration: 360s, no_retry_on_429: false, retry_on_403: false, expected_416: true, expected_404: false, log_errors_as_info: false, api_tag: \"cas::get_reconstruction_v2\", has_connection_permit: false }"},"filename":"/home/runner/work/xet-core/xet-core/xet_client/src/cas_client/retry_wrapper.rs","line_number":274}
{"timestamp":"2026-07-30T10:17:13.632666Z","level":"INFO","fields":{"message":"CAS auth disabled","caller":"/home/runner/work/xet-core/xet-core/xet_client/src/common/http_client.rs:166"},"filename":"/home/runner/work/xet-core/xet-core/xet_runtime/src/error_printer/mod.rs","line_number":198}
{"timestamp":"2026-07-30T10:17:13.644213Z","level":"INFO","fields":{"message":"HTTP client configured","idle_timeout":"60s","max_idle_connections":16,"custom_headers":"Some({\"user-agent\": \"unknown/None; hf_hub/1.25.1; python/3.11.15; agent/codex\"})"},"filename":"/home/runner/work/xet-core/xet-core/xet_client/src/common/http_client.rs","line_number":187}
{"timestamp":"2026-07-30T10:17:13.644258Z","level":"INFO","fields":{"message":"Retry strategy","retry":"RetryWrapper { max_attempts: 5, base_delay: 3s, max_duration: 360s, no_retry_on_429: false, retry_on_403: false, expected_416: false, expected_404: false, log_errors_as_info: false, api_tag: \"xet-token\", has_connection_permit: false }"},"filename":"/home/runner/work/xet-core/xet-core/xet_client/src/cas_client/retry_wrapper.rs","line_number":274}
{"timestamp":"2026-07-30T10:17:13.733353Z","level":"INFO","fields":{"message":"File reconstruction completed successfully","file_hash":"e37906a7ddd4327672a30d67617e84e1ab153ea60e363987fd2cd04d133139f0","block_count":1,"total_terms_processed":1,"total_bytes_scheduled":320344},"filename":"/home/runner/work/xet-core/xet-core/xet_data/src/file_reconstruction/run_state.rs","line_number":150}
{"timestamp":"2026-07-30T10:17:13.753499Z","level":"INFO","fields":{"message":"CAS auth disabled","caller":"/home/runner/work/xet-core/xet-core/xet_client/src/common/http_client.rs:166"},"filename":"/home/runner/work/xet-core/xet-core/xet_runtime/src/error_printer/mod.rs","line_number":198}
{"timestamp":"2026-07-30T10:17:13.753527Z","level":"INFO","fields":{"message":"HTTP client configured","idle_timeout":"60s","max_idle_connections":16,"custom_headers":"Some({\"user-agent\": \"unknown/None; hf_hub/1.25.1; python/3.11.15; agent/codex\"})"},"filename":"/home/runner/work/xet-core/xet-core/xet_client/src/common/http_client.rs","line_number":187}
{"timestamp":"2026-07-30T10:17:13.753545Z","level":"INFO","fields":{"message":"Retry strategy","retry":"RetryWrapper { max_attempts: 5, base_delay: 3s, max_duration: 360s, no_retry_on_429: false, retry_on_403: false, expected_416: false, expected_404: false, log_errors_as_info: false, api_tag: \"xet-token\", has_connection_permit: false }"},"filename":"/home/runner/work/xet-core/xet-core/xet_client/src/cas_client/retry_wrapper.rs","line_number":274}
{"timestamp":"2026-07-30T10:17:13.888856Z","level":"INFO","fields":{"message":"Received CAS response","request_id":"Root=1-6a6b24a9-3d9be1bf2cd7f70411e458bf","status_code":200},"filename":"/home/runner/work/xet-core/xet-core/xet_client/src/common/http_client.rs","line_number":288}
{"timestamp":"2026-07-30T10:17:13.888890Z","level":"INFO","fields":{"message":"Request Success: xet-token api call succeeded (request id Root=1-6a6b24a9-3d9be1bf2cd7f70411e458bf)."},"filename":"/home/runner/work/xet-core/xet-core/xet_client/src/cas_client/retry_wrapper.rs","line_number":237}
{"timestamp":"2026-07-30T10:17:13.889025Z","level":"INFO","fields":{"message":"TranslatorConfig initialized","endpoint":"https://cas-server.xethub.hf.co","session_id":"Some(\"019fb287-37a0-7502-b325-7b51a8552271\")","shard_cache":"/mnt/hdd1/TSFM/models/cache/huggingface/xet/https___cas_serv-tGqkUaZf_CBPHQ6h/shard-cache","shard_session":"/mnt/hdd1/TSFM/models/cache/huggingface/xet/https___cas_serv-tGqkUaZf_CBPHQ6h/staging/shard-session"},"filename":"/home/runner/work/xet-core/xet-core/xet_data/src/processing/configurations.rs","line_number":127}
{"timestamp":"2026-07-30T10:17:13.900586Z","level":"INFO","fields":{"message":"HTTP client configured","idle_timeout":"60s","max_idle_connections":16,"custom_headers":"Some({\"user-agent\": \"unknown/None; hf_hub/1.25.1; python/3.11.15; agent/codex; hf_xet/1.5.2\"})"},"filename":"/home/runner/work/xet-core/xet-core/xet_client/src/common/http_client.rs","line_number":187}
{"timestamp":"2026-07-30T10:17:13.900609Z","level":"INFO","fields":{"message":"CAS auth disabled","caller":"/home/runner/work/xet-core/xet-core/xet_client/src/common/http_client.rs:166"},"filename":"/home/runner/work/xet-core/xet-core/xet_runtime/src/error_printer/mod.rs","line_number":198}
{"timestamp":"2026-07-30T10:17:13.900617Z","level":"INFO","fields":{"message":"HTTP client configured","idle_timeout":"60s","max_idle_connections":16,"custom_headers":"Some({\"user-agent\": \"unknown/None; hf_hub/1.25.1; python/3.11.15; agent/codex; hf_xet/1.5.2\"})"},"filename":"/home/runner/work/xet-core/xet-core/xet_client/src/common/http_client.rs","line_number":187}
{"timestamp":"2026-07-30T10:17:13.911723Z","level":"INFO","fields":{"message":"No-read-timeout HTTP client configured (for shard uploads)","connect_timeout":"60s"},"filename":"/home/runner/work/xet-core/xet-core/xet_client/src/common/http_client.rs","line_number":136}
{"timestamp":"2026-07-30T10:17:13.911847Z","level":"INFO","fields":{"message":"New file download group, session_id=019fb287-0086-7282-95db-0127299f6ab8, group_id=30"},"filename":"/home/runner/work/xet-core/xet-core/xet_pkg/src/xet_session/file_download_group.rs","line_number":61}
{"timestamp":"2026-07-30T10:17:13.912076Z","level":"INFO","fields":{"message":"Download file to path","group_id":"30","dest_path":"\"/mnt/hdd1/TSFM/dataset/raw/multi_domain/gift_eval/.cache/huggingface/download/solar/D/ph-PwKzEizU51qoBvN-kh8yvA-U=.783d4671a159fb4150a0cc3105e192846dc759f3be204d8bad95aa13d428b578.7f9aa11f.incomplete\"","hash":"019b99c59f4986839892d5e5c5b33d2fcc5364c391597cf77ce3934bb5332d00"},"filename":"/home/runner/work/xet-core/xet-core/xet_pkg/src/xet_session/file_download_group.rs","line_number":287}
{"timestamp":"2026-07-30T10:17:13.912170Z","level":"INFO","fields":{"message":"Reconstructing file to disk","file_hash":"019b99c59f4986839892d5e5c5b33d2fcc5364c391597cf77ce3934bb5332d00","byte_range":"None","path":"/mnt/hdd1/TSFM/dataset/raw/multi_domain/gift_eval/.cache/huggingface/download/solar/D/ph-PwKzEizU51qoBvN-kh8yvA-U=.783d4671a159fb4150a0cc3105e192846dc759f3be204d8bad95aa13d428b578.7f9aa11f.incomplete","write_offset":"None"},"filename":"/home/runner/work/xet-core/xet-core/xet_data/src/file_reconstruction/file_reconstructor.rs","line_number":126}
{"timestamp":"2026-07-30T10:17:13.912335Z","level":"INFO","fields":{"message":"Download group finish","group_id":"30"},"filename":"/home/runner/work/xet-core/xet-core/xet_pkg/src/xet_session/file_download_group.rs","line_number":306}
{"timestamp":"2026-07-30T10:17:13.912833Z","level":"INFO","fields":{"message":"Scheduling prefetch block","file_hash":"019b99c59f4986839892d5e5c5b33d2fcc5364c391597cf77ce3934bb5332d00","prefetch_range":"(0, 256000000)","requested_block_size":256000000,"actual_block_size":256000000,"queue_depth":1},"filename":"/home/runner/work/xet-core/xet-core/xet_data/src/file_reconstruction/reconstruction_terms/manager.rs","line_number":277}
{"timestamp":"2026-07-30T10:17:13.912852Z","level":"INFO","fields":{"message":"Scheduling prefetch block","file_hash":"019b99c59f4986839892d5e5c5b33d2fcc5364c391597cf77ce3934bb5332d00","prefetch_range":"(256000000, 768000000)","requested_block_size":512000000,"actual_block_size":512000000,"queue_depth":2},"filename":"/home/runner/work/xet-core/xet-core/xet_data/src/file_reconstruction/reconstruction_terms/manager.rs","line_number":277}
{"timestamp":"2026-07-30T10:17:13.912872Z","level":"INFO","fields":{"message":"Scheduling prefetch block","file_hash":"019b99c59f4986839892d5e5c5b33d2fcc5364c391597cf77ce3934bb5332d00","prefetch_range":"(768000000, 1024000000)","requested_block_size":256000000,"actual_block_size":256000000,"queue_depth":3},"filename":"/home/runner/work/xet-core/xet-core/xet_data/src/file_reconstruction/reconstruction_terms/manager.rs","line_number":277}
{"timestamp":"2026-07-30T10:17:13.912897Z","level":"INFO","fields":{"message":"Starting get_reconstruction API call","call_id":31,"file_id":"019b99c59f4986839892d5e5c5b33d2fcc5364c391597cf77ce3934bb5332d00","bytes_range":"Some(Range { start: 768000000, end: 1024000000 })","api_version":"v2"},"filename":"/home/runner/work/xet-core/xet-core/xet_client/src/cas_client/remote_client.rs","line_number":212}
{"timestamp":"2026-07-30T10:17:13.912907Z","level":"INFO","fields":{"message":"Retry strategy","retry":"RetryWrapper { max_attempts: 5, base_delay: 3s, max_duration: 360s, no_retry_on_429: false, retry_on_403: false, expected_416: true, expected_404: false, log_errors_as_info: false, api_tag: \"cas::get_reconstruction_v2\", has_connection_permit: false }"},"filename":"/home/runner/work/xet-core/xet-core/xet_client/src/cas_client/retry_wrapper.rs","line_number":274}
{"timestamp":"2026-07-30T10:17:13.912944Z","level":"INFO","fields":{"message":"Starting get_reconstruction API call","call_id":32,"file_id":"019b99c59f4986839892d5e5c5b33d2fcc5364c391597cf77ce3934bb5332d00","bytes_range":"Some(Range { start: 0, end: 256000000 })","api_version":"v2"},"filename":"/home/runner/work/xet-core/xet-core/xet_client/src/cas_client/remote_client.rs","line_number":212}
{"timestamp":"2026-07-30T10:17:13.912968Z","level":"INFO","fields":{"message":"Retry strategy","retry":"RetryWrapper { max_attempts: 5, base_delay: 3s, max_duration: 360s, no_retry_on_429: false, retry_on_403: false, expected_416: true, expected_404: false, log_errors_as_info: false, api_tag: \"cas::get_reconstruction_v2\", has_connection_permit: false }"},"filename":"/home/runner/work/xet-core/xet-core/xet_client/src/cas_client/retry_wrapper.rs","line_number":274}
{"timestamp":"2026-07-30T10:17:13.912968Z","level":"INFO","fields":{"message":"Starting get_reconstruction API call","call_id":33,"file_id":"019b99c59f4986839892d5e5c5b33d2fcc5364c391597cf77ce3934bb5332d00","bytes_range":"Some(Range { start: 256000000, end: 768000000 })","api_version":"v2"},"filename":"/home/runner/work/xet-core/xet-core/xet_client/src/cas_client/remote_client.rs","line_number":212}
{"timestamp":"2026-07-30T10:17:13.913001Z","level":"INFO","fields":{"message":"Retry strategy","retry":"RetryWrapper { max_attempts: 5, base_delay: 3s, max_duration: 360s, no_retry_on_429: false, retry_on_403: false, expected_416: true, expected_404: false, log_errors_as_info: false, api_tag: \"cas::get_reconstruction_v2\", has_connection_permit: false }"},"filename":"/home/runner/work/xet-core/xet-core/xet_client/src/cas_client/retry_wrapper.rs","line_number":274}
{"timestamp":"2026-07-30T10:17:13.993529Z","level":"INFO","fields":{"message":"Received CAS response","request_id":"Root=1-6a6b24a9-62551fc9193f2ec5309e64f1","status_code":200},"filename":"/home/runner/work/xet-core/xet-core/xet_client/src/common/http_client.rs","line_number":288}
{"timestamp":"2026-07-30T10:17:13.993565Z","level":"INFO","fields":{"message":"Request Success: xet-token api call succeeded (request id Root=1-6a6b24a9-62551fc9193f2ec5309e64f1)."},"filename":"/home/runner/work/xet-core/xet-core/xet_client/src/cas_client/retry_wrapper.rs","line_number":237}
{"timestamp":"2026-07-30T10:17:13.993681Z","level":"INFO","fields":{"message":"TranslatorConfig initialized","endpoint":"https://cas-server.xethub.hf.co","session_id":"Some(\"019fb287-3809-71a0-b439-219ade0e131e\")","shard_cache":"/mnt/hdd1/TSFM/models/cache/huggingface/xet/https___cas_serv-tGqkUaZf_CBPHQ6h/shard-cache","shard_session":"/mnt/hdd1/TSFM/models/cache/huggingface/xet/https___cas_serv-tGqkUaZf_CBPHQ6h/staging/shard-session"},"filename":"/home/runner/work/xet-core/xet-core/xet_data/src/processing/configurations.rs","line_number":127}
{"timestamp":"2026-07-30T10:17:13.993724Z","level":"INFO","fields":{"message":"HTTP client configured","idle_timeout":"60s","max_idle_connections":16,"custom_headers":"Some({\"user-agent\": \"unknown/None; hf_hub/1.25.1; python/3.11.15; agent/codex; hf_xet/1.5.2\"})"},"filename":"/home/runner/work/xet-core/xet-core/xet_client/src/common/http_client.rs","line_number":187}
{"timestamp":"2026-07-30T10:17:13.993739Z","level":"INFO","fields":{"message":"CAS auth disabled","caller":"/home/runner/work/xet-core/xet-core/xet_client/src/common/http_client.rs:166"},"filename":"/home/runner/work/xet-core/xet-core/xet_runtime/src/error_printer/mod.rs","line_number":198}
{"timestamp":"2026-07-30T10:17:13.993746Z","level":"INFO","fields":{"message":"HTTP client configured","idle_timeout":"60s","max_idle_connections":16,"custom_headers":"Some({\"user-agent\": \"unknown/None; hf_hub/1.25.1; python/3.11.15; agent/codex; hf_xet/1.5.2\"})"},"filename":"/home/runner/work/xet-core/xet-core/xet_client/src/common/http_client.rs","line_number":187}
{"timestamp":"2026-07-30T10:17:14.005246Z","level":"INFO","fields":{"message":"No-read-timeout HTTP client configured (for shard uploads)","connect_timeout":"60s"},"filename":"/home/runner/work/xet-core/xet-core/xet_client/src/common/http_client.rs","line_number":136}
{"timestamp":"2026-07-30T10:17:14.005373Z","level":"INFO","fields":{"message":"New file download group, session_id=019fb287-0086-7282-95db-0127299f6ab8, group_id=31"},"filename":"/home/runner/work/xet-core/xet-core/xet_pkg/src/xet_session/file_download_group.rs","line_number":61}
{"timestamp":"2026-07-30T10:17:14.005599Z","level":"INFO","fields":{"message":"Download file to path","group_id":"31","dest_path":"\"/mnt/hdd1/TSFM/dataset/raw/multi_domain/gift_eval/.cache/huggingface/download/solar/H/ph-PwKzEizU51qoBvN-kh8yvA-U=.16d10540595200124ac0d8d3f46e6d27951ce53ca3d0782cb2453e1afbba86f8.1bebf02c.incomplete\"","hash":"cdcfc2ec56191d3326554ca17eafc54f4b0022999f99d2af40770f1498f587dd"},"filename":"/home/runner/work/xet-core/xet-core/xet_pkg/src/xet_session/file_download_group.rs","line_number":287}
{"timestamp":"2026-07-30T10:17:14.005700Z","level":"INFO","fields":{"message":"Reconstructing file to disk","file_hash":"cdcfc2ec56191d3326554ca17eafc54f4b0022999f99d2af40770f1498f587dd","byte_range":"None","path":"/mnt/hdd1/TSFM/dataset/raw/multi_domain/gift_eval/.cache/huggingface/download/solar/H/ph-PwKzEizU51qoBvN-kh8yvA-U=.16d10540595200124ac0d8d3f46e6d27951ce53ca3d0782cb2453e1afbba86f8.1bebf02c.incomplete","write_offset":"None"},"filename":"/home/runner/work/xet-core/xet-core/xet_data/src/file_reconstruction/file_reconstructor.rs","line_number":126}
{"timestamp":"2026-07-30T10:17:14.005826Z","level":"INFO","fields":{"message":"Scheduling prefetch block","file_hash":"cdcfc2ec56191d3326554ca17eafc54f4b0022999f99d2af40770f1498f587dd","prefetch_range":"(0, 256000000)","requested_block_size":256000000,"actual_block_size":256000000,"queue_depth":1},"filename":"/home/runner/work/xet-core/xet-core/xet_data/src/file_reconstruction/reconstruction_terms/manager.rs","line_number":277}
{"timestamp":"2026-07-30T10:17:14.005843Z","level":"INFO","fields":{"message":"Scheduling prefetch block","file_hash":"cdcfc2ec56191d3326554ca17eafc54f4b0022999f99d2af40770f1498f587dd","prefetch_range":"(256000000, 768000000)","requested_block_size":512000000,"actual_block_size":512000000,"queue_depth":2},"filename":"/home/runner/work/xet-core/xet-core/xet_data/src/file_reconstruction/reconstruction_terms/manager.rs","line_number":277}
{"timestamp":"2026-07-30T10:17:14.005836Z","level":"INFO","fields":{"message":"Download group finish","group_id":"31"},"filename":"/home/runner/work/xet-core/xet-core/xet_pkg/src/xet_session/file_download_group.rs","line_number":306}
{"timestamp":"2026-07-30T10:17:14.005860Z","level":"INFO","fields":{"message":"Scheduling prefetch block","file_hash":"cdcfc2ec56191d3326554ca17eafc54f4b0022999f99d2af40770f1498f587dd","prefetch_range":"(768000000, 1024000000)","requested_block_size":256000000,"actual_block_size":256000000,"queue_depth":3},"filename":"/home/runner/work/xet-core/xet-core/xet_data/src/file_reconstruction/reconstruction_terms/manager.rs","line_number":277}
{"timestamp":"2026-07-30T10:17:14.005889Z","level":"INFO","fields":{"message":"Starting get_reconstruction API call","call_id":34,"file_id":"cdcfc2ec56191d3326554ca17eafc54f4b0022999f99d2af40770f1498f587dd","bytes_range":"Some(Range { start: 768000000, end: 1024000000 })","api_version":"v2"},"filename":"/home/runner/work/xet-core/xet-core/xet_client/src/cas_client/remote_client.rs","line_number":212}
{"timestamp":"2026-07-30T10:17:14.005902Z","level":"INFO","fields":{"message":"Retry strategy","retry":"RetryWrapper { max_attempts: 5, base_delay: 3s, max_duration: 360s, no_retry_on_429: false, retry_on_403: false, expected_416: true, expected_404: false, log_errors_as_info: false, api_tag: \"cas::get_reconstruction_v2\", has_connection_permit: false }"},"filename":"/home/runner/work/xet-core/xet-core/xet_client/src/cas_client/retry_wrapper.rs","line_number":274}
{"timestamp":"2026-07-30T10:17:14.005954Z","level":"INFO","fields":{"message":"Starting get_reconstruction API call","call_id":35,"file_id":"cdcfc2ec56191d3326554ca17eafc54f4b0022999f99d2af40770f1498f587dd","bytes_range":"Some(Range { start: 0, end: 256000000 })","api_version":"v2"},"filename":"/home/runner/work/xet-core/xet-core/xet_client/src/cas_client/remote_client.rs","line_number":212}
{"timestamp":"2026-07-30T10:17:14.005980Z","level":"INFO","fields":{"message":"Retry strategy","retry":"RetryWrapper { max_attempts: 5, base_delay: 3s, max_duration: 360s, no_retry_on_429: false, retry_on_403: false, expected_416: true, expected_404: false, log_errors_as_info: false, api_tag: \"cas::get_reconstruction_v2\", has_connection_permit: false }"},"filename":"/home/runner/work/xet-core/xet-core/xet_client/src/cas_client/retry_wrapper.rs","line_number":274}
{"timestamp":"2026-07-30T10:17:14.005990Z","level":"INFO","fields":{"message":"Starting get_reconstruction API call","call_id":36,"file_id":"cdcfc2ec56191d3326554ca17eafc54f4b0022999f99d2af40770f1498f587dd","bytes_range":"Some(Range { start: 256000000, end: 768000000 })","api_version":"v2"},"filename":"/home/runner/work/xet-core/xet-core/xet_client/src/cas_client/remote_client.rs","line_number":212}
{"timestamp":"2026-07-30T10:17:14.006014Z","level":"INFO","fields":{"message":"Retry strategy","retry":"RetryWrapper { max_attempts: 5, base_delay: 3s, max_duration: 360s, no_retry_on_429: false, retry_on_403: false, expected_416: true, expected_404: false, log_errors_as_info: false, api_tag: \"cas::get_reconstruction_v2\", has_connection_permit: false }"},"filename":"/home/runner/work/xet-core/xet-core/xet_client/src/cas_client/retry_wrapper.rs","line_number":274}
{"timestamp":"2026-07-30T10:17:14.231387Z","level":"INFO","fields":{"message":"Received CAS response","request_id":"01KYS8EE3BCH6DV8K19QB3GDBW","status_code":416},"filename":"/home/runner/work/xet-core/xet-core/xet_client/src/common/http_client.rs","line_number":288}
{"timestamp":"2026-07-30T10:17:14.231430Z","level":"INFO","fields":{"message":"Reached end of reconstruction 416 (Range Not Satisfiable): \"cas::get_reconstruction_v2\" api call failed (request id 01KYS8EE3BCH6DV8K19QB3GDBW): HTTP status client error (416 Range Not Satisfiable) for url (https://cas-server.xethub.hf.co/v2/reconstructions/79e2a8afd428a26fbac5b0ab1675c68a65f1e7c8065952b8135ebc152a888859)"},"filename":"/home/runner/work/xet-core/xet-core/xet_client/src/cas_client/retry_wrapper.rs","line_number":189}
{"timestamp":"2026-07-30T10:17:14.243941Z","level":"INFO","fields":{"message":"CAS auth disabled","caller":"/home/runner/work/xet-core/xet-core/xet_client/src/common/http_client.rs:166"},"filename":"/home/runner/work/xet-core/xet-core/xet_runtime/src/error_printer/mod.rs","line_number":198}
{"timestamp":"2026-07-30T10:17:14.255801Z","level":"INFO","fields":{"message":"HTTP client configured","idle_timeout":"60s","max_idle_connections":16,"custom_headers":"Some({\"user-agent\": \"unknown/None; hf_hub/1.25.1; python/3.11.15; agent/codex\"})"},"filename":"/home/runner/work/xet-core/xet-core/xet_client/src/common/http_client.rs","line_number":187}
{"timestamp":"2026-07-30T10:17:14.255829Z","level":"INFO","fields":{"message":"Retry strategy","retry":"RetryWrapper { max_attempts: 5, base_delay: 3s, max_duration: 360s, no_retry_on_429: false, retry_on_403: false, expected_416: false, expected_404: false, log_errors_as_info: false, api_tag: \"xet-token\", has_connection_permit: false }"},"filename":"/home/runner/work/xet-core/xet-core/xet_client/src/cas_client/retry_wrapper.rs","line_number":274}
{"timestamp":"2026-07-30T10:17:14.261514Z","level":"INFO","fields":{"message":"File reconstruction completed successfully","file_hash":"9e32691a8068ddceea08c2c978e0e8b992d7a032ddccc73885c30ae0f15756a4","block_count":1,"total_terms_processed":689,"total_bytes_scheduled":207590640},"filename":"/home/runner/work/xet-core/xet-core/xet_data/src/file_reconstruction/run_state.rs","line_number":150}
{"timestamp":"2026-07-30T10:17:14.266408Z","level":"INFO","fields":{"message":"Received CAS response","request_id":"01KYS8EE44HTVJVYJPENW1QCQ5","status_code":416},"filename":"/home/runner/work/xet-core/xet-core/xet_client/src/common/http_client.rs","line_number":288}
{"timestamp":"2026-07-30T10:17:14.266437Z","level":"INFO","fields":{"message":"Reached end of reconstruction 416 (Range Not Satisfiable): \"cas::get_reconstruction_v2\" api call failed (request id 01KYS8EE44HTVJVYJPENW1QCQ5): HTTP status client error (416 Range Not Satisfiable) for url (https://cas-server.xethub.hf.co/v2/reconstructions/79e2a8afd428a26fbac5b0ab1675c68a65f1e7c8065952b8135ebc152a888859)"},"filename":"/home/runner/work/xet-core/xet-core/xet_client/src/cas_client/retry_wrapper.rs","line_number":189}
{"timestamp":"2026-07-30T10:17:14.418097Z","level":"INFO","fields":{"message":"Received CAS response","request_id":"01KYS8EE3AGQMEMHCQ3MPMBTXQ","status_code":200},"filename":"/home/runner/work/xet-core/xet-core/xet_client/src/common/http_client.rs","line_number":288}
{"timestamp":"2026-07-30T10:17:14.418129Z","level":"INFO","fields":{"message":"Request Success: cas::get_reconstruction_v2 api call succeeded (request id 01KYS8EE3AGQMEMHCQ3MPMBTXQ)."},"filename":"/home/runner/work/xet-core/xet-core/xet_client/src/cas_client/retry_wrapper.rs","line_number":237}
{"timestamp":"2026-07-30T10:17:14.418165Z","level":"INFO","fields":{"message":"Completed get_reconstruction API call","call_id":28,"file_id":"79e2a8afd428a26fbac5b0ab1675c68a65f1e7c8065952b8135ebc152a888859","bytes_range":"Some(Range { start: 0, end: 256000000 })","api_version":"v2"},"filename":"/home/runner/work/xet-core/xet-core/xet_client/src/cas_client/remote_client.rs","line_number":236}
{"timestamp":"2026-07-30T10:17:14.418221Z","level":"INFO","fields":{"message":"Received block of file terms from prefetch queue","file_hash":"79e2a8afd428a26fbac5b0ab1675c68a65f1e7c8065952b8135ebc152a888859","domain":"us.aws.cdn.hf.co","block_start":0,"block_end":28808040,"block_size":1},"filename":"/home/runner/work/xet-core/xet-core/xet_data/src/file_reconstruction/reconstruction_terms/manager.rs","line_number":156}
{"timestamp":"2026-07-30T10:17:14.418252Z","level":"INFO","fields":{"message":"Updated completion rate estimate based on previous block completion time (seconds).","file_hash":"79e2a8afd428a26fbac5b0ab1675c68a65f1e7c8065952b8135ebc152a888859","block_start":0,"block_end":28808040,"block_size":28808040,"completion_time":0.000029432},"filename":"/home/runner/work/xet-core/xet-core/xet_data/src/file_reconstruction/reconstruction_terms/manager.rs","line_number":109}
{"timestamp":"2026-07-30T10:17:14.418265Z","level":"INFO","fields":{"message":"Completed prefetch queue; end of file reached.","file_hash":"79e2a8afd428a26fbac5b0ab1675c68a65f1e7c8065952b8135ebc152a888859","prefetched_byte_position":1024000000},"filename":"/home/runner/work/xet-core/xet-core/xet_data/src/file_reconstruction/reconstruction_terms/manager.rs","line_number":183}
{"timestamp":"2026-07-30T10:17:14.418270Z","level":"INFO","fields":{"message":"All term blocks received and scheduled for writing","file_hash":"79e2a8afd428a26fbac5b0ab1675c68a65f1e7c8065952b8135ebc152a888859","block_count":1,"total_terms_processed":1,"total_bytes_scheduled":28808040},"filename":"/home/runner/work/xet-core/xet-core/xet_data/src/file_reconstruction/run_state.rs","line_number":150}
{"timestamp":"2026-07-30T10:17:14.418290Z","level":"INFO","fields":{"message":"Retry strategy","retry":"RetryWrapper { max_attempts: 5, base_delay: 3s, max_duration: 360s, no_retry_on_429: false, retry_on_403: true, expected_416: false, expected_404: false, log_errors_as_info: false, api_tag: \"s3::get_range\", has_connection_permit: true }"},"filename":"/home/runner/work/xet-core/xet-core/xet_client/src/cas_client/retry_wrapper.rs","line_number":274}
{"timestamp":"2026-07-30T10:17:14.499451Z","level":"INFO","fields":{"message":"Received CAS response","request_id":"Root=1-6a6b24aa-5dd5d16a01b723253f0b15a9","status_code":200},"filename":"/home/runner/work/xet-core/xet-core/xet_client/src/common/http_client.rs","line_number":288}
{"timestamp":"2026-07-30T10:17:14.499480Z","level":"INFO","fields":{"message":"Request Success: xet-token api call succeeded (request id Root=1-6a6b24aa-5dd5d16a01b723253f0b15a9)."},"filename":"/home/runner/work/xet-core/xet-core/xet_client/src/cas_client/retry_wrapper.rs","line_number":237}
{"timestamp":"2026-07-30T10:17:14.499593Z","level":"INFO","fields":{"message":"TranslatorConfig initialized","endpoint":"https://cas-server.xethub.hf.co","session_id":"Some(\"019fb287-3a03-7500-8b39-e0561594413b\")","shard_cache":"/mnt/hdd1/TSFM/models/cache/huggingface/xet/https___cas_serv-tGqkUaZf_CBPHQ6h/shard-cache","shard_session":"/mnt/hdd1/TSFM/models/cache/huggingface/xet/https___cas_serv-tGqkUaZf_CBPHQ6h/staging/shard-session"},"filename":"/home/runner/work/xet-core/xet-core/xet_data/src/processing/configurations.rs","line_number":127}
{"timestamp":"2026-07-30T10:17:14.511413Z","level":"INFO","fields":{"message":"HTTP client configured","idle_timeout":"60s","max_idle_connections":16,"custom_headers":"Some({\"user-agent\": \"unknown/None; hf_hub/1.25.1; python/3.11.15; agent/codex; hf_xet/1.5.2\"})"},"filename":"/home/runner/work/xet-core/xet-core/xet_client/src/common/http_client.rs","line_number":187}
{"timestamp":"2026-07-30T10:17:14.511436Z","level":"INFO","fields":{"message":"CAS auth disabled","caller":"/home/runner/work/xet-core/xet-core/xet_client/src/common/http_client.rs:166"},"filename":"/home/runner/work/xet-core/xet-core/xet_runtime/src/error_printer/mod.rs","line_number":198}
{"timestamp":"2026-07-30T10:17:14.511444Z","level":"INFO","fields":{"message":"HTTP client configured","idle_timeout":"60s","max_idle_connections":16,"custom_headers":"Some({\"user-agent\": \"unknown/None; hf_hub/1.25.1; python/3.11.15; agent/codex; hf_xet/1.5.2\"})"},"filename":"/home/runner/work/xet-core/xet-core/xet_client/src/common/http_client.rs","line_number":187}
{"timestamp":"2026-07-30T10:17:14.522519Z","level":"INFO","fields":{"message":"No-read-timeout HTTP client configured (for shard uploads)","connect_timeout":"60s"},"filename":"/home/runner/work/xet-core/xet-core/xet_client/src/common/http_client.rs","line_number":136}
{"timestamp":"2026-07-30T10:17:14.522637Z","level":"INFO","fields":{"message":"New file download group, session_id=019fb287-0086-7282-95db-0127299f6ab8, group_id=34"},"filename":"/home/runner/work/xet-core/xet-core/xet_pkg/src/xet_session/file_download_group.rs","line_number":61}
{"timestamp":"2026-07-30T10:17:14.522877Z","level":"INFO","fields":{"message":"Download file to path","group_id":"34","dest_path":"\"/mnt/hdd1/TSFM/dataset/raw/multi_domain/gift_eval/.cache/huggingface/download/solar/W/ph-PwKzEizU51qoBvN-kh8yvA-U=.66880fe5f2cbb0bc3af42cf96ba2a68faa631a45f41cf739f42908bfe84e90e8.b30978c2.incomplete\"","hash":"23585c2f5a392c4918e4cfd3fdb8f8a4330bec64471710b14d3d80dd28cfa7da"},"filename":"/home/runner/work/xet-core/xet-core/xet_pkg/src/xet_session/file_download_group.rs","line_number":287}
{"timestamp":"2026-07-30T10:17:14.522970Z","level":"INFO","fields":{"message":"Reconstructing file to disk","file_hash":"23585c2f5a392c4918e4cfd3fdb8f8a4330bec64471710b14d3d80dd28cfa7da","byte_range":"None","path":"/mnt/hdd1/TSFM/dataset/raw/multi_domain/gift_eval/.cache/huggingface/download/solar/W/ph-PwKzEizU51qoBvN-kh8yvA-U=.66880fe5f2cbb0bc3af42cf96ba2a68faa631a45f41cf739f42908bfe84e90e8.b30978c2.incomplete","write_offset":"None"},"filename":"/home/runner/work/xet-core/xet-core/xet_data/src/file_reconstruction/file_reconstructor.rs","line_number":126}
{"timestamp":"2026-07-30T10:17:14.523194Z","level":"INFO","fields":{"message":"Download group finish","group_id":"34"},"filename":"/home/runner/work/xet-core/xet-core/xet_pkg/src/xet_session/file_download_group.rs","line_number":306}
{"timestamp":"2026-07-30T10:17:14.523253Z","level":"INFO","fields":{"message":"Scheduling prefetch block","file_hash":"23585c2f5a392c4918e4cfd3fdb8f8a4330bec64471710b14d3d80dd28cfa7da","prefetch_range":"(0, 256000000)","requested_block_size":256000000,"actual_block_size":256000000,"queue_depth":1},"filename":"/home/runner/work/xet-core/xet-core/xet_data/src/file_reconstruction/reconstruction_terms/manager.rs","line_number":277}
{"timestamp":"2026-07-30T10:17:14.523272Z","level":"INFO","fields":{"message":"Scheduling prefetch block","file_hash":"23585c2f5a392c4918e4cfd3fdb8f8a4330bec64471710b14d3d80dd28cfa7da","prefetch_range":"(256000000, 768000000)","requested_block_size":512000000,"actual_block_size":512000000,"queue_depth":2},"filename":"/home/runner/work/xet-core/xet-core/xet_data/src/file_reconstruction/reconstruction_terms/manager.rs","line_number":277}
{"timestamp":"2026-07-30T10:17:14.523289Z","level":"INFO","fields":{"message":"Scheduling prefetch block","file_hash":"23585c2f5a392c4918e4cfd3fdb8f8a4330bec64471710b14d3d80dd28cfa7da","prefetch_range":"(768000000, 1024000000)","requested_block_size":256000000,"actual_block_size":256000000,"queue_depth":3},"filename":"/home/runner/work/xet-core/xet-core/xet_data/src/file_reconstruction/reconstruction_terms/manager.rs","line_number":277}
{"timestamp":"2026-07-30T10:17:14.523316Z","level":"INFO","fields":{"message":"Starting get_reconstruction API call","call_id":37,"file_id":"23585c2f5a392c4918e4cfd3fdb8f8a4330bec64471710b14d3d80dd28cfa7da","bytes_range":"Some(Range { start: 768000000, end: 1024000000 })","api_version":"v2"},"filename":"/home/runner/work/xet-core/xet-core/xet_client/src/cas_client/remote_client.rs","line_number":212}
{"timestamp":"2026-07-30T10:17:14.523318Z","level":"INFO","fields":{"message":"Starting get_reconstruction API call","call_id":38,"file_id":"23585c2f5a392c4918e4cfd3fdb8f8a4330bec64471710b14d3d80dd28cfa7da","bytes_range":"Some(Range { start: 0, end: 256000000 })","api_version":"v2"},"filename":"/home/runner/work/xet-core/xet-core/xet_client/src/cas_client/remote_client.rs","line_number":212}
{"timestamp":"2026-07-30T10:17:14.523331Z","level":"INFO","fields":{"message":"Retry strategy","retry":"RetryWrapper { max_attempts: 5, base_delay: 3s, max_duration: 360s, no_retry_on_429: false, retry_on_403: false, expected_416: true, expected_404: false, log_errors_as_info: false, api_tag: \"cas::get_reconstruction_v2\", has_connection_permit: false }"},"filename":"/home/runner/work/xet-core/xet-core/xet_client/src/cas_client/retry_wrapper.rs","line_number":274}
{"timestamp":"2026-07-30T10:17:14.523335Z","level":"INFO","fields":{"message":"Retry strategy","retry":"RetryWrapper { max_attempts: 5, base_delay: 3s, max_duration: 360s, no_retry_on_429: false, retry_on_403: false, expected_416: true, expected_404: false, log_errors_as_info: false, api_tag: \"cas::get_reconstruction_v2\", has_connection_permit: false }"},"filename":"/home/runner/work/xet-core/xet-core/xet_client/src/cas_client/retry_wrapper.rs","line_number":274}
{"timestamp":"2026-07-30T10:17:14.523365Z","level":"INFO","fields":{"message":"Starting get_reconstruction API call","call_id":39,"file_id":"23585c2f5a392c4918e4cfd3fdb8f8a4330bec64471710b14d3d80dd28cfa7da","bytes_range":"Some(Range { start: 256000000, end: 768000000 })","api_version":"v2"},"filename":"/home/runner/work/xet-core/xet-core/xet_client/src/cas_client/remote_client.rs","line_number":212}
{"timestamp":"2026-07-30T10:17:14.523377Z","level":"INFO","fields":{"message":"Retry strategy","retry":"RetryWrapper { max_attempts: 5, base_delay: 3s, max_duration: 360s, no_retry_on_429: false, retry_on_403: false, expected_416: true, expected_404: false, log_errors_as_info: false, api_tag: \"cas::get_reconstruction_v2\", has_connection_permit: false }"},"filename":"/home/runner/work/xet-core/xet-core/xet_client/src/cas_client/retry_wrapper.rs","line_number":274}
{"timestamp":"2026-07-30T10:17:14.701959Z","level":"INFO","fields":{"message":"Received CAS response","request_id":"01KYS8EEHRYMGKCM5J2M5QYQT9","status_code":416},"filename":"/home/runner/work/xet-core/xet-core/xet_client/src/common/http_client.rs","line_number":288}
{"timestamp":"2026-07-30T10:17:14.702003Z","level":"INFO","fields":{"message":"Reached end of reconstruction 416 (Range Not Satisfiable): \"cas::get_reconstruction_v2\" api call failed (request id 01KYS8EEHRYMGKCM5J2M5QYQT9): HTTP status client error (416 Range Not Satisfiable) for url (https://cas-server.xethub.hf.co/v2/reconstructions/019b99c59f4986839892d5e5c5b33d2fcc5364c391597cf77ce3934bb5332d00)"},"filename":"/home/runner/work/xet-core/xet-core/xet_client/src/cas_client/retry_wrapper.rs","line_number":189}
{"timestamp":"2026-07-30T10:17:14.718727Z","level":"INFO","fields":{"message":"Received CAS response","request_id":"01KYS8EEJ2CNVR27HMTJMCABCQ","status_code":416},"filename":"/home/runner/work/xet-core/xet-core/xet_client/src/common/http_client.rs","line_number":288}
{"timestamp":"2026-07-30T10:17:14.718764Z","level":"INFO","fields":{"message":"Reached end of reconstruction 416 (Range Not Satisfiable): \"cas::get_reconstruction_v2\" api call failed (request id 01KYS8EEJ2CNVR27HMTJMCABCQ): HTTP status client error (416 Range Not Satisfiable) for url (https://cas-server.xethub.hf.co/v2/reconstructions/019b99c59f4986839892d5e5c5b33d2fcc5364c391597cf77ce3934bb5332d00)"},"filename":"/home/runner/work/xet-core/xet-core/xet_client/src/cas_client/retry_wrapper.rs","line_number":189}
{"timestamp":"2026-07-30T10:17:14.762154Z","level":"INFO","fields":{"message":"Received CAS response","request_id":"01KYS8EEKX4C1HMT664F87PW2X","status_code":416},"filename":"/home/runner/work/xet-core/xet-core/xet_client/src/common/http_client.rs","line_number":288}
{"timestamp":"2026-07-30T10:17:14.762207Z","level":"INFO","fields":{"message":"Reached end of reconstruction 416 (Range Not Satisfiable): \"cas::get_reconstruction_v2\" api call failed (request id 01KYS8EEKX4C1HMT664F87PW2X): HTTP status client error (416 Range Not Satisfiable) for url (https://cas-server.xethub.hf.co/v2/reconstructions/cdcfc2ec56191d3326554ca17eafc54f4b0022999f99d2af40770f1498f587dd)"},"filename":"/home/runner/work/xet-core/xet-core/xet_client/src/cas_client/retry_wrapper.rs","line_number":189}
{"timestamp":"2026-07-30T10:17:14.764998Z","level":"INFO","fields":{"message":"Received CAS response","request_id":"01KYS8EEM18KMFXFWSWB4XBZE4","status_code":416},"filename":"/home/runner/work/xet-core/xet-core/xet_client/src/common/http_client.rs","line_number":288}
{"timestamp":"2026-07-30T10:17:14.765023Z","level":"INFO","fields":{"message":"Reached end of reconstruction 416 (Range Not Satisfiable): \"cas::get_reconstruction_v2\" api call failed (request id 01KYS8EEM18KMFXFWSWB4XBZE4): HTTP status client error (416 Range Not Satisfiable) for url (https://cas-server.xethub.hf.co/v2/reconstructions/cdcfc2ec56191d3326554ca17eafc54f4b0022999f99d2af40770f1498f587dd)"},"filename":"/home/runner/work/xet-core/xet-core/xet_client/src/cas_client/retry_wrapper.rs","line_number":189}
{"timestamp":"2026-07-30T10:17:14.820771Z","level":"INFO","fields":{"message":"Received CAS response","request_id":"01KYS8EEGZBCQD65H58QVXGXAW","status_code":200},"filename":"/home/runner/work/xet-core/xet-core/xet_client/src/common/http_client.rs","line_number":288}
{"timestamp":"2026-07-30T10:17:14.820802Z","level":"INFO","fields":{"message":"Request Success: cas::get_reconstruction_v2 api call succeeded (request id 01KYS8EEGZBCQD65H58QVXGXAW)."},"filename":"/home/runner/work/xet-core/xet-core/xet_client/src/cas_client/retry_wrapper.rs","line_number":237}
{"timestamp":"2026-07-30T10:17:14.820838Z","level":"INFO","fields":{"message":"Completed get_reconstruction API call","call_id":32,"file_id":"019b99c59f4986839892d5e5c5b33d2fcc5364c391597cf77ce3934bb5332d00","bytes_range":"Some(Range { start: 0, end: 256000000 })","api_version":"v2"},"filename":"/home/runner/work/xet-core/xet-core/xet_client/src/cas_client/remote_client.rs","line_number":236}
{"timestamp":"2026-07-30T10:17:14.820879Z","level":"INFO","fields":{"message":"Received block of file terms from prefetch queue","file_hash":"019b99c59f4986839892d5e5c5b33d2fcc5364c391597cf77ce3934bb5332d00","domain":"us.aws.cdn.hf.co","block_start":0,"block_end":204912,"block_size":1},"filename":"/home/runner/work/xet-core/xet-core/xet_data/src/file_reconstruction/reconstruction_terms/manager.rs","line_number":156}
{"timestamp":"2026-07-30T10:17:14.820906Z","level":"INFO","fields":{"message":"Updated completion rate estimate based on previous block completion time (seconds).","file_hash":"019b99c59f4986839892d5e5c5b33d2fcc5364c391597cf77ce3934bb5332d00","block_start":0,"block_end":204912,"block_size":204912,"completion_time":0.000025526},"filename":"/home/runner/work/xet-core/xet-core/xet_data/src/file_reconstruction/reconstruction_terms/manager.rs","line_number":109}
{"timestamp":"2026-07-30T10:17:14.820918Z","level":"INFO","fields":{"message":"Completed prefetch queue; end of file reached.","file_hash":"019b99c59f4986839892d5e5c5b33d2fcc5364c391597cf77ce3934bb5332d00","prefetched_byte_position":1024000000},"filename":"/home/runner/work/xet-core/xet-core/xet_data/src/file_reconstruction/reconstruction_terms/manager.rs","line_number":183}
{"timestamp":"2026-07-30T10:17:14.820923Z","level":"INFO","fields":{"message":"All term blocks received and scheduled for writing","file_hash":"019b99c59f4986839892d5e5c5b33d2fcc5364c391597cf77ce3934bb5332d00","block_count":1,"total_terms_processed":1,"total_bytes_scheduled":204912},"filename":"/home/runner/work/xet-core/xet-core/xet_data/src/file_reconstruction/run_state.rs","line_number":150}
{"timestamp":"2026-07-30T10:17:14.820956Z","level":"INFO","fields":{"message":"Retry strategy","retry":"RetryWrapper { max_attempts: 5, base_delay: 3s, max_duration: 360s, no_retry_on_429: false, retry_on_403: true, expected_416: false, expected_404: false, log_errors_as_info: false, api_tag: \"s3::get_range\", has_connection_permit: true }"},"filename":"/home/runner/work/xet-core/xet-core/xet_client/src/cas_client/retry_wrapper.rs","line_number":274}
{"timestamp":"2026-07-30T10:17:14.920999Z","level":"INFO","fields":{"message":"Received CAS response","request_id":"01KYS8EEMF9Y4JNJKRYHC06H96","status_code":200},"filename":"/home/runner/work/xet-core/xet-core/xet_client/src/common/http_client.rs","line_number":288}
{"timestamp":"2026-07-30T10:17:14.921034Z","level":"INFO","fields":{"message":"Request Success: cas::get_reconstruction_v2 api call succeeded (request id 01KYS8EEMF9Y4JNJKRYHC06H96)."},"filename":"/home/runner/work/xet-core/xet-core/xet_client/src/cas_client/retry_wrapper.rs","line_number":237}
{"timestamp":"2026-07-30T10:17:14.921070Z","level":"INFO","fields":{"message":"Completed get_reconstruction API call","call_id":35,"file_id":"cdcfc2ec56191d3326554ca17eafc54f4b0022999f99d2af40770f1498f587dd","bytes_range":"Some(Range { start: 0, end: 256000000 })","api_version":"v2"},"filename":"/home/runner/work/xet-core/xet-core/xet_client/src/cas_client/remote_client.rs","line_number":236}
{"timestamp":"2026-07-30T10:17:14.921112Z","level":"INFO","fields":{"message":"Received block of file terms from prefetch queue","file_hash":"cdcfc2ec56191d3326554ca17eafc54f4b0022999f99d2af40770f1498f587dd","domain":"us.aws.cdn.hf.co","block_start":0,"block_end":4805368,"block_size":1},"filename":"/home/runner/work/xet-core/xet-core/xet_data/src/file_reconstruction/reconstruction_terms/manager.rs","line_number":156}
{"timestamp":"2026-07-30T10:17:14.921142Z","level":"INFO","fields":{"message":"Updated completion rate estimate based on previous block completion time (seconds).","file_hash":"cdcfc2ec56191d3326554ca17eafc54f4b0022999f99d2af40770f1498f587dd","block_start":0,"block_end":4805368,"block_size":4805368,"completion_time":0.000028581},"filename":"/home/runner/work/xet-core/xet-core/xet_data/src/file_reconstruction/reconstruction_terms/manager.rs","line_number":109}
{"timestamp":"2026-07-30T10:17:14.921154Z","level":"INFO","fields":{"message":"Completed prefetch queue; end of file reached.","file_hash":"cdcfc2ec56191d3326554ca17eafc54f4b0022999f99d2af40770f1498f587dd","prefetched_byte_position":1024000000},"filename":"/home/runner/work/xet-core/xet-core/xet_data/src/file_reconstruction/reconstruction_terms/manager.rs","line_number":183}
{"timestamp":"2026-07-30T10:17:14.921159Z","level":"INFO","fields":{"message":"All term blocks received and scheduled for writing","file_hash":"cdcfc2ec56191d3326554ca17eafc54f4b0022999f99d2af40770f1498f587dd","block_count":1,"total_terms_processed":1,"total_bytes_scheduled":4805368},"filename":"/home/runner/work/xet-core/xet-core/xet_data/src/file_reconstruction/run_state.rs","line_number":150}
{"timestamp":"2026-07-30T10:17:14.921179Z","level":"INFO","fields":{"message":"Retry strategy","retry":"RetryWrapper { max_attempts: 5, base_delay: 3s, max_duration: 360s, no_retry_on_429: false, retry_on_403: true, expected_416: false, expected_404: false, log_errors_as_info: false, api_tag: \"s3::get_range\", has_connection_permit: true }"},"filename":"/home/runner/work/xet-core/xet-core/xet_client/src/cas_client/retry_wrapper.rs","line_number":274}
{"timestamp":"2026-07-30T10:17:14.930272Z","level":"INFO","fields":{"message":"Received CAS response","request_id":"01KYS8EEPWJKQDWK4TRPB1F0D4","status_code":206},"filename":"/home/runner/work/xet-core/xet-core/xet_client/src/common/http_client.rs","line_number":288}
{"timestamp":"2026-07-30T10:17:14.930296Z","level":"INFO","fields":{"message":"Request Success: s3::get_range api call succeeded (request id 01KYS8EEPWJKQDWK4TRPB1F0D4)."},"filename":"/home/runner/work/xet-core/xet-core/xet_client/src/cas_client/retry_wrapper.rs","line_number":237}
{"timestamp":"2026-07-30T10:17:14.959160Z","level":"INFO","fields":{"message":"Concurrency control for download: Increased concurrency from 23 to 24; reason: success ratio 1.000 is above threshold 0.800 and predicted RTT for 2MB at new concurrency is 0.30s < target 60.0s"},"filename":"/home/runner/work/xet-core/xet-core/xet_client/src/cas_client/adaptive_concurrency/controller.rs","line_number":548}
{"timestamp":"2026-07-30T10:17:15.276083Z","level":"INFO","fields":{"message":"Received CAS response","request_id":"01KYS8EF3ZV8426C6W1GXV1TX2","status_code":416},"filename":"/home/runner/work/xet-core/xet-core/xet_client/src/common/http_client.rs","line_number":288}
{"timestamp":"2026-07-30T10:17:15.276128Z","level":"INFO","fields":{"message":"Reached end of reconstruction 416 (Range Not Satisfiable): \"cas::get_reconstruction_v2\" api call failed (request id 01KYS8EF3ZV8426C6W1GXV1TX2): HTTP status client error (416 Range Not Satisfiable) for url (https://cas-server.xethub.hf.co/v2/reconstructions/23585c2f5a392c4918e4cfd3fdb8f8a4330bec64471710b14d3d80dd28cfa7da)"},"filename":"/home/runner/work/xet-core/xet-core/xet_client/src/cas_client/retry_wrapper.rs","line_number":189}
{"timestamp":"2026-07-30T10:17:15.283272Z","level":"INFO","fields":{"message":"Received CAS response","request_id":"01KYS8EF446P63BE55KPHMFKDC","status_code":416},"filename":"/home/runner/work/xet-core/xet-core/xet_client/src/common/http_client.rs","line_number":288}
{"timestamp":"2026-07-30T10:17:15.283302Z","level":"INFO","fields":{"message":"Reached end of reconstruction 416 (Range Not Satisfiable): \"cas::get_reconstruction_v2\" api call failed (request id 01KYS8EF446P63BE55KPHMFKDC): HTTP status client error (416 Range Not Satisfiable) for url (https://cas-server.xethub.hf.co/v2/reconstructions/23585c2f5a392c4918e4cfd3fdb8f8a4330bec64471710b14d3d80dd28cfa7da)"},"filename":"/home/runner/work/xet-core/xet-core/xet_client/src/cas_client/retry_wrapper.rs","line_number":189}
{"timestamp":"2026-07-30T10:17:15.302906Z","level":"INFO","fields":{"message":"Received CAS response","request_id":"01KYS8EF35JF532FA5W5R99QVS","status_code":206},"filename":"/home/runner/work/xet-core/xet-core/xet_client/src/common/http_client.rs","line_number":288}
{"timestamp":"2026-07-30T10:17:15.302942Z","level":"INFO","fields":{"message":"Request Success: s3::get_range api call succeeded (request id 01KYS8EF35JF532FA5W5R99QVS)."},"filename":"/home/runner/work/xet-core/xet-core/xet_client/src/cas_client/retry_wrapper.rs","line_number":237}
{"timestamp":"2026-07-30T10:17:15.340047Z","level":"INFO","fields":{"message":"Received CAS response","request_id":"01KYS8EF50M1PQ466PN10GV192","status_code":200},"filename":"/home/runner/work/xet-core/xet-core/xet_client/src/common/http_client.rs","line_number":288}
{"timestamp":"2026-07-30T10:17:15.340079Z","level":"INFO","fields":{"message":"Request Success: cas::get_reconstruction_v2 api call succeeded (request id 01KYS8EF50M1PQ466PN10GV192)."},"filename":"/home/runner/work/xet-core/xet-core/xet_client/src/cas_client/retry_wrapper.rs","line_number":237}
{"timestamp":"2026-07-30T10:17:15.340113Z","level":"INFO","fields":{"message":"Completed get_reconstruction API call","call_id":38,"file_id":"23585c2f5a392c4918e4cfd3fdb8f8a4330bec64471710b14d3d80dd28cfa7da","bytes_range":"Some(Range { start: 0, end: 256000000 })","api_version":"v2"},"filename":"/home/runner/work/xet-core/xet-core/xet_client/src/cas_client/remote_client.rs","line_number":236}
{"timestamp":"2026-07-30T10:17:15.340158Z","level":"INFO","fields":{"message":"Received block of file terms from prefetch queue","file_hash":"23585c2f5a392c4918e4cfd3fdb8f8a4330bec64471710b14d3d80dd28cfa7da","domain":"us.aws.cdn.hf.co","block_start":0,"block_end":33928,"block_size":1},"filename":"/home/runner/work/xet-core/xet-core/xet_data/src/file_reconstruction/reconstruction_terms/manager.rs","line_number":156}
{"timestamp":"2026-07-30T10:17:15.340208Z","level":"INFO","fields":{"message":"Updated completion rate estimate based on previous block completion time (seconds).","file_hash":"23585c2f5a392c4918e4cfd3fdb8f8a4330bec64471710b14d3d80dd28cfa7da","block_start":0,"block_end":33928,"block_size":33928,"completion_time":0.00004841},"filename":"/home/runner/work/xet-core/xet-core/xet_data/src/file_reconstruction/reconstruction_terms/manager.rs","line_number":109}
{"timestamp":"2026-07-30T10:17:15.340221Z","level":"INFO","fields":{"message":"Completed prefetch queue; end of file reached.","file_hash":"23585c2f5a392c4918e4cfd3fdb8f8a4330bec64471710b14d3d80dd28cfa7da","prefetched_byte_position":1024000000},"filename":"/home/runner/work/xet-core/xet-core/xet_data/src/file_reconstruction/reconstruction_terms/manager.rs","line_number":183}
{"timestamp":"2026-07-30T10:17:15.340227Z","level":"INFO","fields":{"message":"All term blocks received and scheduled for writing","file_hash":"23585c2f5a392c4918e4cfd3fdb8f8a4330bec64471710b14d3d80dd28cfa7da","block_count":1,"total_terms_processed":1,"total_bytes_scheduled":33928},"filename":"/home/runner/work/xet-core/xet-core/xet_data/src/file_reconstruction/run_state.rs","line_number":150}
{"timestamp":"2026-07-30T10:17:15.340243Z","level":"INFO","fields":{"message":"Retry strategy","retry":"RetryWrapper { max_attempts: 5, base_delay: 3s, max_duration: 360s, no_retry_on_429: false, retry_on_403: true, expected_416: false, expected_404: false, log_errors_as_info: false, api_tag: \"s3::get_range\", has_connection_permit: true }"},"filename":"/home/runner/work/xet-core/xet-core/xet_client/src/cas_client/retry_wrapper.rs","line_number":274}
{"timestamp":"2026-07-30T10:17:15.388786Z","level":"INFO","fields":{"message":"Received CAS response","request_id":"01KYS8EF6ESJ37B5A3HGXYJN1R","status_code":206},"filename":"/home/runner/work/xet-core/xet-core/xet_client/src/common/http_client.rs","line_number":288}
{"timestamp":"2026-07-30T10:17:15.388821Z","level":"INFO","fields":{"message":"Request Success: s3::get_range api call succeeded (request id 01KYS8EF6ESJ37B5A3HGXYJN1R)."},"filename":"/home/runner/work/xet-core/xet-core/xet_client/src/cas_client/retry_wrapper.rs","line_number":237}
{"timestamp":"2026-07-30T10:17:15.535651Z","level":"INFO","fields":{"message":"Concurrency control for download: Increased concurrency from 24 to 25; reason: success ratio 1.000 is above threshold 0.800 and predicted RTT for 2MB at new concurrency is 0.30s < target 60.0s"},"filename":"/home/runner/work/xet-core/xet-core/xet_client/src/cas_client/adaptive_concurrency/controller.rs","line_number":548}
{"timestamp":"2026-07-30T10:17:15.644555Z","level":"INFO","fields":{"message":"File reconstruction completed successfully","file_hash":"019b99c59f4986839892d5e5c5b33d2fcc5364c391597cf77ce3934bb5332d00","block_count":1,"total_terms_processed":1,"total_bytes_scheduled":204912},"filename":"/home/runner/work/xet-core/xet-core/xet_data/src/file_reconstruction/run_state.rs","line_number":150}
{"timestamp":"2026-07-30T10:17:15.805885Z","level":"INFO","fields":{"message":"Received CAS response","request_id":"01KYS8EFKEHKV9T4VX5PBWMG8N","status_code":206},"filename":"/home/runner/work/xet-core/xet-core/xet_client/src/common/http_client.rs","line_number":288}
{"timestamp":"2026-07-30T10:17:15.805918Z","level":"INFO","fields":{"message":"Request Success: s3::get_range api call succeeded (request id 01KYS8EFKEHKV9T4VX5PBWMG8N)."},"filename":"/home/runner/work/xet-core/xet-core/xet_client/src/cas_client/retry_wrapper.rs","line_number":237}
{"timestamp":"2026-07-30T10:17:15.914329Z","level":"INFO","fields":{"message":"File reconstruction completed successfully","file_hash":"23585c2f5a392c4918e4cfd3fdb8f8a4330bec64471710b14d3d80dd28cfa7da","block_count":1,"total_terms_processed":1,"total_bytes_scheduled":33928},"filename":"/home/runner/work/xet-core/xet-core/xet_data/src/file_reconstruction/run_state.rs","line_number":150}
{"timestamp":"2026-07-30T10:17:16.050010Z","level":"INFO","fields":{"message":"File reconstruction completed successfully","file_hash":"79e2a8afd428a26fbac5b0ab1675c68a65f1e7c8065952b8135ebc152a888859","block_count":1,"total_terms_processed":1,"total_bytes_scheduled":28808040},"filename":"/home/runner/work/xet-core/xet-core/xet_data/src/file_reconstruction/run_state.rs","line_number":150}
{"timestamp":"2026-07-30T10:17:16.130398Z","level":"INFO","fields":{"message":"Concurrency control for download: Increased concurrency from 25 to 26; reason: success ratio 0.839 is above threshold 0.800 and predicted RTT for 2MB at new concurrency is 0.39s < target 60.0s"},"filename":"/home/runner/work/xet-core/xet-core/xet_client/src/cas_client/adaptive_concurrency/controller.rs","line_number":548}
{"timestamp":"2026-07-30T10:17:16.154044Z","level":"INFO","fields":{"message":"File reconstruction completed successfully","file_hash":"cdcfc2ec56191d3326554ca17eafc54f4b0022999f99d2af40770f1498f587dd","block_count":1,"total_terms_processed":1,"total_bytes_scheduled":4805368},"filename":"/home/runner/work/xet-core/xet-core/xet_data/src/file_reconstruction/run_state.rs","line_number":150}
