--2026-07-30 10:16:58--  https://physionet.org/files/ptb-xl/1.0.3/
Resolving physionet.org (physionet.org)... 18.25.8.254
Connecting to physionet.org (physionet.org)|18.25.8.254|:443... connected.
HTTP request sent, awaiting response... 200 OK
Length: unspecified [text/html]
Saving to: ‘physionet.org/files/ptb-xl/1.0.3/index.html’

     0K .                                                       473M=0s

Last-modified header missing -- time-stamps turned off.
2026-07-30 10:16:59 (473 MB/s) - ‘physionet.org/files/ptb-xl/1.0.3/index.html’ saved [1427]

Loading robots.txt; please ignore errors.
--2026-07-30 10:16:59--  https://physionet.org/robots.txt
Reusing existing connection to physionet.org:443.
HTTP request sent, awaiting response... 200 OK
Length: 22 [text/plain]
Saving to: ‘physionet.org/robots.txt’

     0K                                                       100% 87.1M=0s

2026-07-30 10:16:59 (87.1 MB/s) - ‘physionet.org/robots.txt’ saved [22/22]

--2026-07-30 10:16:59--  https://physionet.org/files/ptb-xl/1.0.3/records100/
Reusing existing connection to physionet.org:443.
HTTP request sent, awaiting response... 200 OK
Length: unspecified [text/html]
Saving to: ‘physionet.org/files/ptb-xl/1.0.3/records100/index.html’

     0K ..                                                      590M=0s

Last-modified header missing -- time-stamps turned off.
2026-07-30 10:17:00 (590 MB/s) - ‘physionet.org/files/ptb-xl/1.0.3/records100/index.html’ saved [2683]

--2026-07-30 10:17:00--  https://physionet.org/files/ptb-xl/1.0.3/records500/
Reusing existing connection to physionet.org:443.
HTTP request sent, awaiting response... 200 OK
Length: unspecified [text/html]
Saving to: ‘physionet.org/files/ptb-xl/1.0.3/records500/index.html’

     0K ..                                                     1.08G=0s

Last-modified header missing -- time-stamps turned off.
2026-07-30 10:17:00 (1.08 GB/s) - ‘physionet.org/files/ptb-xl/1.0.3/records500/index.html’ saved [2683]

--2026-07-30 10:17:00--  https://physionet.org/files/ptb-xl/1.0.3/LICENSE.txt
Reusing existing connection to physionet.org:443.
HTTP request sent, awaiting response... 200 OK
Length: 14842 (14K) [text/plain]
Saving to: ‘physionet.org/files/ptb-xl/1.0.3/LICENSE.txt’

     0K .......... ....                                       100% 1.24G=0s

2026-07-30 10:17:01 (1.24 GB/s) - ‘physionet.org/files/ptb-xl/1.0.3/LICENSE.txt’ saved [14842/14842]

--2026-07-30 10:17:01--  https://physionet.org/files/ptb-xl/1.0.3/RECORDS
Reusing existing connection to physionet.org:443.
HTTP request sent, awaiting response... 200 OK
Length: 1133547 (1.1M) [text/plain]
Saving to: ‘physionet.org/files/ptb-xl/1.0.3/RECORDS’

     0K .......... .......... .......... .......... ..........  4% 59.5K 18s
    50K .......... .......... .......... .......... ..........  9% 63.5K 16s
   100K .......... .......... .......... .......... .......... 13% 49.7K 17s
   150K .......... .......... .......... .......... .......... 18% 66.9K 15s
   200K .......... .......... .......... .......... .......... 22% 76.3K 14s
   250K .......... .......... .......... .......... .......... 27% 82.4K 12s
   300K .......... .......... .......... .......... .......... 31% 96.6K 11s
   350K .......... .......... .......... .......... .......... 36% 81.4K 10s
   400K .......... .......... .......... .......... .......... 40%  124K 9s
   450K .......... .......... .......... .......... .......... 45%  119K 8s
   500K .......... .......... .......... .......... .......... 49%  135K 7s
   550K .......... .......... .......... .......... .......... 54%  157K 6s
   600K .......... .......... .......... .......... .......... 58%  161K 5s
   650K .......... .......... .......... .......... .......... 63%  203K 5s
   700K .......... .......... .......... .......... .......... 67%  204K 4s
   750K .......... .......... .......... .......... .......... 72%  106K 3s
   800K .......... .......... .......... .......... .......... 76%  346K 3s
   850K .......... .......... .......... .......... .......... 81%  186K 2s
   900K .......... .......... .......... .......... .......... 85%  101K 2s
   950K .......... .......... .......... .......... .......... 90%  654K 1s
  1000K .......... .......... .......... .......... .......... 94%  162K 1s
  1050K .......... .......... .......... .......... .......... 99%  170K 0s
  1100K ......                                                100%  364K=10s

2026-07-30 10:17:11 (109 KB/s) - ‘physionet.org/files/ptb-xl/1.0.3/RECORDS’ saved [1133547/1133547]

--2026-07-30 10:17:11--  https://physionet.org/files/ptb-xl/1.0.3/SHA256SUMS.txt
Reusing existing connection to physionet.org:443.
HTTP request sent, awaiting response... 200 OK
Length: 8284204 (7.9M) [text/plain]
Saving to: ‘physionet.org/files/ptb-xl/1.0.3/SHA256SUMS.txt’

     0K .......... .......... .......... .......... ..........  0%  125K 64s
    50K .......... .......... .......... .......... ..........  1%  153K 58s
   100K .......... .......... .......... .......... ..........  1%  140K 57s
   150K .......... .......... .......... .......... ..........  2%  160K 55s
   200K .......... .......... .......... .......... ..........  3%  182K 52s
   250K .......... .......... .......... .......... ..........  3%  163K 51s
   300K .......... .......... .......... .......... ..........  4%  185K 50s
   350K .......... .......... .......... .......... ..........  4%  133K 50s
   400K .......... .......... .......... .......... ..........  5%  171K 50s
   450K .......... .......... .......... .......... ..........  6%  181K 48s
   500K .......... .......... .......... .......... ..........  6%  165K 48s
   550K .......... .......... .......... .......... ..........  7%  179K 47s
   600K .......... .......... .......... .......... ..........  8% 92.2K 49s
   650K .......... .......... .......... .......... ..........  8%  168K 49s
   700K .......... .......... .......... .......... ..........  9% 69.3K 52s
   750K .......... .......... .......... .......... ..........  9% 35.1K 62s
   800K .......... .......... .......... .......... .......... 10% 54.2K 65s
   850K .......... .......... .......... .......... .......... 11% 52.8K 69s
   900K .......... .......... .......... .......... .......... 11% 73.5K 70s
   950K .......... .......... .......... .......... .......... 12% 56.9K 72s
  1000K .......... .......... .......... .......... .......... 12% 51.4K 75s
  1050K .......... .......... .......... .......... .......... 13% 46.6K 78s
  1100K .......... .......... .......... .......... .......... 14% 37.1K 82s
  1150K .......... .......... .......... .......... .......... 14% 19.2K 93s
  1200K .......... .......... .......... .......... .......... 15% 37.7K 96s
  1250K .......... .......... .......... .......... .......... 16% 44.1K 97s
  1300K .......... .......... .......... .......... .......... 16% 53.0K 98s
  1350K .......... .......... .......... .......... .......... 17% 28.4K 1m42s
  1400K .......... .......... .......... .......... .......... 17% 13.1K 1m55s
  1450K .......... .......... .......... .......... .......... 18% 38.3K 1m56s
  1500K .......... .......... .......... .......... .......... 19% 38.0K 1m57s
  1550K .......... .......... .......... .......... .......... 19% 30.7K 1m59s
  1600K .......... .......... .......... .......... .......... 20% 58.1K 1m58s
  1650K .......... .......... .......... .......... .......... 21% 74.8K 1m56s
  1700K .......... .......... .......... .......... .......... 21% 89.5K 1m54s
  1750K .......... .......... .......... .......... .......... 22% 77.5K 1m52s
  1800K .......... .......... .......... .......... .......... 22% 85.1K 1m50s
  1850K .......... .......... .......... .......... .......... 23% 91.8K 1m48s
  1900K .......... .......... .......... .......... .......... 24%  116K 1m46s
  1950K .......... .......... .......... .......... .......... 24% 71.1K 1m45s
  2000K .......... .......... .......... .......... .......... 25%  121K 1m43s
  2050K .......... .......... .......... .......... .......... 25%  110K 1m41s
  2100K .......... .......... .......... .......... .......... 26%  123K 99s
  2150K .......... .......... .......... .......... .......... 27%  132K 97s
  2200K .......... .......... .......... .......... .......... 27%  154K 94s
  2250K .......... .......... .......... .......... .......... 28%  143K 93s
  2300K .......... .......... .......... .......... .......... 29%  150K 91s
  2350K .......... .......... .......... .......... .......... 29%  132K 89s
  2400K .......... .......... .......... .......... .......... 30%  195K 87s
  2450K .......... .......... .......... .......... .......... 30% 73.9K 86s
  2500K .......... .......... .......... .......... .......... 31%  109M 83s
  2550K .......... .......... .......... .......... .......... 32%  316K 81s
  2600K .......... .......... .......... .......... .......... 32%  176K 80s
  2650K .......... .......... .......... .......... .......... 33%  115K 78s
  2700K .......... .......... .......... .......... .......... 33%  439K 76s
  2750K .......... .......... .......... .......... .......... 34%  114K 75s
  2800K .......... .......... .......... .......... .......... 35%  171K 74s
  2850K .......... .......... .......... .......... .......... 35%  173K 72s
  2900K .......... .......... .......... .......... .......... 36%  170K 71s
  2950K .......... .......... .......... .......... .......... 37%  170K 70s
  3000K .......... .......... .......... .......... .......... 37%  184K 68s
  3050K .......... .......... .......... .......... .......... 38%  169K 67s
  3100K .......... .......... .......... .......... .......... 38%  190K 66s
  3150K .......... .......... .......... .......... .......... 39% 92.6K 65s
  3200K .......... .......... .......... .......... .......... 40%  396K 63s
  3250K .......... .......... .......... .......... .......... 40%  141K 62s
  3300K .......... .......... .......... .......... .......... 41%  168K 61s
  3350K .......... .......... .......... .......... .......... 42%  172K 60s
  3400K .......... .......... .......... .......... .......... 42%  193K 59s
  3450K .......... .......... .......... .......... .......... 43%  105K 58s
  3500K .......... .......... .......... .......... .......... 43%  480K 57s
  3550K .......... .......... .......... .......... .......... 44%  108K 56s
  3600K .......... .......... .......... .......... .......... 45%  167K 55s
  3650K .......... .......... .......... .......... .......... 45%  167K 54s
  3700K .......... .......... .......... .......... .......... 46%  180K 53s
  3750K .......... .......... .......... .......... .......... 46% 75.0K 52s
  3800K .......... .......... .......... .......... .......... 47% 99.7K 52s
  3850K .......... .......... .......... .......... .......... 48% 93.3K 51s
  3900K .......... .......... .......... .......... .......... 48% 88.2K 50s
  3950K .......... .......... .......... .......... .......... 49% 72.7K 50s
  4000K .......... .......... .......... .......... .......... 50% 97.9K 49s
  4050K .......... .......... .......... .......... .......... 50%  115K 48s
  4100K .......... .......... .......... .......... .......... 51%  104K 47s
  4150K .......... .......... .......... .......... .......... 51%  101K 47s
  4200K .......... .......... .......... .......... .......... 52% 60.1K 46s
  4250K .......... .......... .......... .......... .......... 53% 94.0K 46s
  4300K .......... .......... .......... .......... .......... 53% 94.2K 45s
  4350K .......... .......... .......... .......... .......... 54% 67.9K 45s
  4400K .......... .......... .......... .......... .......... 55% 90.6K 44s
  4450K .......... .......... .......... .......... .......... 55% 74.9K 43s
  4500K .......... .......... .......... .......... .......... 56% 49.8K 43s
  4550K .......... .......... .......... .......... .......... 56% 91.1K 42s
  4600K .......... .......... .......... .......... .......... 57% 66.2K 42s
  4650K .......... .......... .......... .......... .......... 58% 65.9K 41s
  4700K .......... .......... .......... .......... .......... 58% 76.5K 41s
  4750K .......... .......... .......... .......... .......... 59% 56.6K 40s
  4800K .......... .......... .......... .......... .......... 59% 84.4K 40s
  4850K .......... .......... .......... .......... .......... 60% 72.9K 39s
  4900K .......... .......... .......... .......... .......... 61% 76.8K 39s
  4950K .......... .......... .......... .......... .......... 61% 61.4K 38s
  5000K .......... .......... .......... .......... .......... 62% 55.8K 38s
  5050K .......... .......... .......... .......... .......... 63% 50.2K 37s
  5100K .......... .......... .......... .......... .......... 63% 57.1K 37s
  5150K .......... .......... .......... .......... .......... 64% 39.8K 37s
  5200K .......... .......... .......... .......... .......... 64% 51.4K 36s
  5250K .......... .......... .......... .......... .......... 65% 47.5K 36s
  5300K .......... .......... .......... .......... .......... 66% 46.5K 35s
  5350K .......... .......... .......... .......... .......... 66% 27.9K 35s
  5400K .......... .......... .......... .......... .......... 67% 35.4K 35s
  5450K .......... .......... .......... .......... .......... 67% 44.0K 34s
  5500K .......... .......... .......... .......... .......... 68% 35.4K 34s
  5550K .......... .......... .......... .......... .......... 69% 30.0K 34s
  5600K .......... .......... .......... .......... .......... 69% 27.8K 34s
  5650K .......... .......... .......... .......... .......... 70% 22.7K 34s
  5700K .......... .......... .......... .......... .......... 71% 40.9K 33s
  5750K .......... .......... .......... .......... .......... 71% 53.0K 33s
  5800K .......... .......... .......... .......... .......... 72% 61.0K 32s
  5850K .......... .......... .......... .......... .......... 72% 70.7K 31s
  5900K .......... .......... .......... .......... .......... 73% 68.8K 30s
  5950K .......... .......... .......... .......... .......... 74% 48.3K 30s
  6000K .......... .......... .......... .......... .......... 74% 84.9K 29s
  6050K .......... .......... .......... .......... .......... 75% 79.3K 28s
  6100K .......... .......... .......... .......... .......... 76% 96.2K 28s
  6150K .......... .......... .......... .......... .......... 76% 93.5K 27s
  6200K .......... .......... .......... .......... .......... 77%  120K 26s
  6250K .......... .......... .......... .......... .......... 77%  120K 25s
  6300K .......... .......... .......... .......... .......... 78%  130K 24s
  6350K .......... .......... .......... .......... .......... 79%  101K 24s
  6400K .......... .......... .......... .......... .......... 79%  147K 23s
  6450K .......... .......... .......... .......... .......... 80% 94.4K 22s
  6500K .......... .......... .......... .......... .......... 80% 3.21M 21s
  6550K .......... .......... .......... .......... .......... 81%  126K 21s
  6600K .......... .......... .......... .......... .......... 82% 72.8K 20s
  6650K .......... .......... .......... .......... .......... 82% 68.0K 19s
  6700K .......... .......... .......... .......... .......... 83% 51.1K 19s
  6750K .......... .......... .......... .......... .......... 84% 43.8K 18s
  6800K .......... .......... .......... .......... .......... 84% 58.0K 17s
  6850K .......... .......... .......... .......... .......... 85% 49.6K 17s
  6900K .......... .......... .......... .......... .......... 85% 62.5K 16s
  6950K .......... .......... .......... .......... .......... 86% 61.7K 15s
  7000K .......... .......... .......... .......... .......... 87% 68.4K 15s
  7050K .......... .......... .......... .......... .......... 87% 73.3K 14s
  7100K .......... .......... .......... .......... .......... 88% 89.2K 13s
  7150K .......... .......... .......... .......... .......... 88% 79.9K 12s
  7200K .......... .......... .......... .......... .......... 89% 58.1K 12s
  7250K .......... .......... .......... .......... .......... 90% 58.6K 11s
  7300K .......... .......... .......... .......... .......... 90% 65.1K 10s
  7350K .......... .......... .......... .......... .......... 91% 66.9K 10s
  7400K .......... .......... .......... .......... .......... 92% 70.3K 9s
  7450K .......... .......... .......... .......... .......... 92% 85.6K 8s
  7500K .......... .......... .......... .......... .......... 93%  103K 8s
  7550K .......... .......... .......... .......... .......... 93% 56.9K 7s
  7600K .......... .......... .......... .......... .......... 94%  127K 6s
  7650K .......... .......... .......... .......... .......... 95% 65.8K 5s
  7700K .......... .......... .......... .......... .......... 95% 82.1K 5s
  7750K .......... .......... .......... .......... .......... 96% 86.6K 4s
  7800K .......... .......... .......... .......... .......... 97% 85.8K 3s
  7850K .......... .......... .......... .......... .......... 97% 98.1K 3s
  7900K .......... .......... .......... .......... .......... 98%  115K 2s
  7950K .......... .......... .......... .......... .......... 98% 60.7K 1s
  8000K .......... .......... .......... .......... .......... 99% 83.7K 1s
  8050K .......... .......... .......... ..........           100%  102K=1m52s

2026-07-30 10:19:04 (72.1 KB/s) - ‘physionet.org/files/ptb-xl/1.0.3/SHA256SUMS.txt’ saved [8284204/8284204]

--2026-07-30 10:19:04--  https://physionet.org/files/ptb-xl/1.0.3/example_physionet.py
Reusing existing connection to physionet.org:443.
HTTP request sent, awaiting response... 200 OK
Length: 1340 (1.3K) [text/plain]
Saving to: ‘physionet.org/files/ptb-xl/1.0.3/example_physionet.py’

     0K .                                                     100% 2.04G=0s

2026-07-30 10:19:04 (2.04 GB/s) - ‘physionet.org/files/ptb-xl/1.0.3/example_physionet.py’ saved [1340/1340]

--2026-07-30 10:19:04--  https://physionet.org/files/ptb-xl/1.0.3/ptbxl_database.csv
Reusing existing connection to physionet.org:443.
HTTP request sent, awaiting response... 200 OK
Length: 6594879 (6.3M) [text/plain]
Saving to: ‘physionet.org/files/ptb-xl/1.0.3/ptbxl_database.csv’

     0K .......... .......... .......... .......... ..........  0% 69.5K 92s
    50K .......... .......... .......... .......... ..........  1% 69.7K 91s
   100K .......... .......... .......... .......... ..........  2% 81.7K 86s
   150K .......... .......... .......... .......... ..........  3% 85.9K 82s
   200K .......... .......... .......... .......... ..........  3% 93.6K 78s
   250K .......... .......... .......... .......... ..........  4%  115K 74s
   300K .......... .......... .......... .......... ..........  5%  125K 70s
   350K .......... .......... .......... .......... ..........  6% 90.8K 69s
   400K .......... .......... .......... .......... ..........  6%  135K 65s
   450K .......... .......... .......... .......... ..........  7%  148K 62s
   500K .......... .......... .......... .......... ..........  8%  141K 60s
   550K .......... .......... .......... .......... ..........  9%  171K 57s
   600K .......... .......... .......... .......... .......... 10%  161K 55s
   650K .......... .......... .......... .......... .......... 10%  157K 54s
   700K .......... .......... .......... .......... .......... 11%  162K 52s
   750K .......... .......... .......... .......... .......... 12%  103K 52s
   800K .......... .......... .......... .......... .......... 13%  144K 50s
   850K .......... .......... .......... .......... .......... 13%  162K 49s
   900K .......... .......... .......... .......... .......... 14%  149K 48s
   950K .......... .......... .......... .......... .......... 15%  142K 47s
  1000K .......... .......... .......... .......... .......... 16%  161K 46s
  1050K .......... .......... .......... .......... .......... 17%  162K 45s
  1100K .......... .......... .......... .......... .......... 17%  161K 44s
  1150K .......... .......... .......... .......... .......... 18%  132K 44s
  1200K .......... .......... .......... .......... .......... 19%  188K 43s
  1250K .......... .......... .......... .......... .......... 20%  187K 42s
  1300K .......... .......... .......... .......... .......... 20%  185K 41s
  1350K .......... .......... .......... .......... .......... 21%  182K 40s
  1400K .......... .......... .......... .......... .......... 22%  136K 39s
  1450K .......... .......... .......... .......... .......... 23%  166K 39s
  1500K .......... .......... .......... .......... .......... 24%  164K 38s
  1550K .......... .......... .......... .......... .......... 24%  141K 37s
  1600K .......... .......... .......... .......... .......... 25%  180K 37s
  1650K .......... .......... .......... .......... .......... 26%  193K 36s
  1700K .......... .......... .......... .......... .......... 27%  194K 35s
  1750K .......... .......... .......... .......... .......... 27%  188K 35s
  1800K .......... .......... .......... .......... .......... 28%  135K 34s
  1850K .......... .......... .......... .......... .......... 29%  196K 34s
  1900K .......... .......... .......... .......... .......... 30%  160K 33s
  1950K .......... .......... .......... .......... .......... 31%  130K 33s
  2000K .......... .......... .......... .......... .......... 31%  173K 32s
  2050K .......... .......... .......... .......... .......... 32%  143K 32s
  2100K .......... .......... .......... .......... .......... 33%  196K 31s
  2150K .......... .......... .......... .......... .......... 34%  144K 31s
  2200K .......... .......... .......... .......... .......... 34%  171K 30s
  2250K .......... .......... .......... .......... .......... 35%  173K 30s
  2300K .......... .......... .......... .......... .......... 36%  189K 29s
  2350K .......... .......... .......... .......... .......... 37%  144K 29s
  2400K .......... .......... .......... .......... .......... 38%  193K 28s
  2450K .......... .......... .......... .......... .......... 38%  170K 28s
  2500K .......... .......... .......... .......... .......... 39%  143K 28s
  2550K .......... .......... .......... .......... .......... 40%  164K 27s
  2600K .......... .......... .......... .......... .......... 41% 96.4K 27s
  2650K .......... .......... .......... .......... .......... 41%  485K 26s
  2700K .......... .......... .......... .......... .......... 42%  132K 26s
  2750K .......... .......... .......... .......... .......... 43%  110K 26s
  2800K .......... .......... .......... .......... .......... 44%  149K 25s
  2850K .......... .......... .......... .......... .......... 45%  147K 25s
  2900K .......... .......... .......... .......... .......... 45%  160K 25s
  2950K .......... .......... .......... .......... .......... 46%  160K 24s
  3000K .......... .......... .......... .......... .......... 47%  158K 24s
  3050K .......... .......... .......... .......... .......... 48%  173K 23s
  3100K .......... .......... .......... .......... .......... 48%  172K 23s
  3150K .......... .......... .......... .......... .......... 49%  135K 23s
  3200K .......... .......... .......... .......... .......... 50%  151K 22s
  3250K .......... .......... .......... .......... .......... 51%  173K 22s
  3300K .......... .......... .......... .......... .......... 52%  150K 22s
  3350K .......... .......... .......... .......... .......... 52%  158K 21s
  3400K .......... .......... .......... .......... .......... 53%  174K 21s
  3450K .......... .......... .......... .......... .......... 54%  179K 20s
  3500K .......... .......... .......... .......... .......... 55%  195K 20s
  3550K .......... .......... .......... .......... .......... 55%  138K 20s
  3600K .......... .......... .......... .......... .......... 56%  152K 19s
  3650K .......... .......... .......... .......... .......... 57%  166K 19s
  3700K .......... .......... .......... .......... .......... 58%  129K 19s
  3750K .......... .......... .......... .......... .......... 59%  111K 18s
  3800K .......... .......... .......... .......... .......... 59% 82.0K 18s
  3850K .......... .......... .......... .......... .......... 60%  158K 18s
  3900K .......... .......... .......... .......... .......... 61%  103K 18s
  3950K .......... .......... .......... .......... .......... 62% 97.0K 17s
  4000K .......... .......... .......... .......... .......... 62%  116K 17s
  4050K .......... .......... .......... .......... .......... 63%  105K 17s
  4100K .......... .......... .......... .......... .......... 64% 96.0K 16s
  4150K .......... .......... .......... .......... .......... 65%  122K 16s
  4200K .......... .......... .......... .......... .......... 65% 64.2K 16s
  4250K .......... .......... .......... .......... .......... 66% 92.8K 16s
  4300K .......... .......... .......... .......... .......... 67% 64.8K 15s
  4350K .......... .......... .......... .......... .......... 68% 24.2K 16s
  4400K .......... .......... .......... .......... .......... 69% 27.8K 16s
  4450K .......... .......... .......... .......... .......... 69% 43.0K 16s
  4500K .......... .......... .......... .......... .......... 70% 34.0K 16s
  4550K .......... .......... .......... .......... .......... 71% 42.7K 16s
  4600K .......... .......... .......... .......... .......... 72% 52.5K 16s
  4650K .......... .......... .......... .......... .......... 72% 67.0K 15s
  4700K .......... .......... .......... .......... .......... 73% 81.0K 15s
  4750K .......... .......... .......... .......... .......... 74% 71.0K 15s
  4800K .......... .......... .......... .......... .......... 75%  117K 14s
  4850K .......... .......... .......... .......... .......... 76%  146K 14s
  4900K .......... .......... .......... .......... .......... 76% 93.9K 13s
  4950K .......... .......... .......... .......... .......... 77% 2.16M 13s
  5000K .......... .......... .......... .......... .......... 78%  158K 12s
  5050K .......... .......... .......... .......... .......... 79%  130K 12s
  5100K .......... .......... .......... .......... .......... 79%  102K 11s
  5150K .......... .......... .......... .......... .......... 80%  128K 11s
  5200K .......... .......... .......... .......... .......... 81%  123K 10s
  5250K .......... .......... .......... .......... .......... 82% 63.2K 10s
  5300K .......... .......... .......... .......... .......... 83% 76.9K 10s
  5350K .......... .......... .......... .......... .......... 83% 66.3K 9s
  5400K .......... .......... .......... .......... .......... 84% 57.3K 9s
  5450K .......... .......... .......... .......... .......... 85% 90.4K 9s
  5500K .......... .......... .......... .......... .......... 86% 77.2K 8s
  5550K .......... .......... .......... .......... .......... 86% 49.0K 8s
  5600K .......... .......... .......... .......... .......... 87%  126K 7s
  5650K .......... .......... .......... .......... .......... 88% 85.0K 7s
  5700K .......... .......... .......... .......... .......... 89% 59.1K 6s
  5750K .......... .......... .......... .......... .......... 90% 96.2K 6s
  5800K .......... .......... .......... .......... .......... 90% 58.7K 6s
  5850K .......... .......... .......... .......... .......... 91% 59.9K 5s
  5900K .......... .......... .......... .......... .......... 92% 69.3K 5s
  5950K .......... .......... .......... .......... .......... 93% 51.9K 4s
  6000K .......... .......... .......... .......... .......... 93% 87.2K 4s
  6050K .......... .......... .......... .......... .......... 94% 87.2K 3s
  6100K .......... .......... .......... .......... .......... 95% 87.0K 3s
  6150K .......... .......... .......... .......... .......... 96% 74.3K 2s
  6200K .......... .......... .......... .......... .......... 97% 89.6K 2s
  6250K .......... .......... .......... .......... .......... 97% 95.7K 1s
  6300K .......... .......... .......... .......... .......... 98% 98.9K 1s
  6350K .......... .......... .......... .......... .......... 99% 79.7K 0s
  6400K .......... .......... .......... ..........           100%  184K=62s

2026-07-30 10:20:07 (104 KB/s) - ‘physionet.org/files/ptb-xl/1.0.3/ptbxl_database.csv’ saved [6594879/6594879]

--2026-07-30 10:20:07--  https://physionet.org/files/ptb-xl/1.0.3/ptbxl_v102_changelog.txt
Reusing existing connection to physionet.org:443.
HTTP request sent, awaiting response... 200 OK
Length: 6130 (6.0K) [text/plain]
Saving to: ‘physionet.org/files/ptb-xl/1.0.3/ptbxl_v102_changelog.txt’

     0K .....                                                 100% 7.70G=0s

2026-07-30 10:20:07 (7.70 GB/s) - ‘physionet.org/files/ptb-xl/1.0.3/ptbxl_v102_changelog.txt’ saved [6130/6130]

--2026-07-30 10:20:07--  https://physionet.org/files/ptb-xl/1.0.3/ptbxl_v103_changelog.txt
Reusing existing connection to physionet.org:443.
HTTP request sent, awaiting response... 200 OK
Length: 7407 (7.2K) [text/plain]
Saving to: ‘physionet.org/files/ptb-xl/1.0.3/ptbxl_v103_changelog.txt’

     0K .......                                               100% 5.99G=0s

2026-07-30 10:20:07 (5.99 GB/s) - ‘physionet.org/files/ptb-xl/1.0.3/ptbxl_v103_changelog.txt’ saved [7407/7407]

--2026-07-30 10:20:07--  https://physionet.org/files/ptb-xl/1.0.3/scp_statements.csv
Reusing existing connection to physionet.org:443.
HTTP request sent, awaiting response... 200 OK
Length: 9720 (9.5K) [text/plain]
Saving to: ‘physionet.org/files/ptb-xl/1.0.3/scp_statements.csv’

     0K .........                                             100% 4.52G=0s

2026-07-30 10:20:07 (4.52 GB/s) - ‘physionet.org/files/ptb-xl/1.0.3/scp_statements.csv’ saved [9720/9720]

--2026-07-30 10:20:07--  https://physionet.org/files/ptb-xl/1.0.3/records100/00000/
Reusing existing connection to physionet.org:443.
HTTP request sent, awaiting response... 200 OK
Length: unspecified [text/html]
Saving to: ‘physionet.org/files/ptb-xl/1.0.3/records100/00000/index.html’

     0K .......... .......... .......... .......... .......... 58.1K
    50K .......... .......... .......... .......... .......... 33.3K
   100K .......... .......... .......... .......... .......... 32.0K
   150K .......... .......... .......... .......... .......... 36.6K
   200K .......... .......... .....                            66.0K=5.7s

Last-modified header missing -- time-stamps turned off.
2026-07-30 10:20:13 (39.7 KB/s) - ‘physionet.org/files/ptb-xl/1.0.3/records100/00000/index.html’ saved [231211]

--2026-07-30 10:20:13--  https://physionet.org/files/ptb-xl/1.0.3/records100/01000/
Reusing existing connection to physionet.org:443.
HTTP request sent, awaiting response... 200 OK
Length: unspecified [text/html]
Saving to: ‘physionet.org/files/ptb-xl/1.0.3/records100/01000/index.html’

     0K .......... .......... .......... .......... .......... 65.1K
    50K .......... .......... .......... .......... .......... 86.2K
   100K .......... .......... .......... .......... .......... 88.0K
   150K .......... .......... .......... .......... ..........  106K
   200K .......... .......... ........                          153K=2.6s

Last-modified header missing -- time-stamps turned off.
2026-07-30 10:20:16 (88.8 KB/s) - ‘physionet.org/files/ptb-xl/1.0.3/records100/01000/index.html’ saved [234253]

--2026-07-30 10:20:16--  https://physionet.org/files/ptb-xl/1.0.3/records100/02000/
Reusing existing connection to physionet.org:443.
HTTP request sent, awaiting response... 200 OK
Length: unspecified [text/html]
Saving to: ‘physionet.org/files/ptb-xl/1.0.3/records100/02000/index.html’

     0K .......... .......... .......... .......... ..........  133K
    50K .......... .......... .......... .......... ..........  158K
   100K .......... .......... .......... .......... ..........  192K
   150K .......... .......... .......... .......... ..........  114K
   200K .......... .......... ........                          336K=1.5s

Last-modified header missing -- time-stamps turned off.
2026-07-30 10:20:18 (155 KB/s) - ‘physionet.org/files/ptb-xl/1.0.3/records100/02000/index.html’ saved [233785]

--2026-07-30 10:20:18--  https://physionet.org/files/ptb-xl/1.0.3/records100/03000/
Reusing existing connection to physionet.org:443.
HTTP request sent, awaiting response... 200 OK
Length: unspecified [text/html]
Saving to: ‘physionet.org/files/ptb-xl/1.0.3/records100/03000/index.html’

     0K .......... .......... .......... .......... ..........  262K
    50K .......... .......... .......... .......... ..........  124K
   100K .......... .......... .......... .......... ..........  130K
   150K .......... .......... .......... .......... ..........  137K
   200K .......... .......... .......                          75.6K=1.7s

Last-modified header missing -- time-stamps turned off.
2026-07-30 10:20:20 (133 KB/s) - ‘physionet.org/files/ptb-xl/1.0.3/records100/03000/index.html’ saved [233083]

--2026-07-30 10:20:20--  https://physionet.org/files/ptb-xl/1.0.3/records100/04000/
Reusing existing connection to physionet.org:443.
HTTP request sent, awaiting response... 200 OK
Length: unspecified [text/html]
Saving to: ‘physionet.org/files/ptb-xl/1.0.3/records100/04000/index.html’

     0K .......... .......... .......... .......... .......... 38.6K
    50K .......... .......... .......... .......... .......... 42.9K
   100K .......... .......... .......... .......... .......... 33.9K
   150K .......... .......... .......... .......... .......... 32.2K
   200K .......... .......... ........                         44.4K=6.1s

Last-modified header missing -- time-stamps turned off.
2026-07-30 10:20:27 (37.3 KB/s) - ‘physionet.org/files/ptb-xl/1.0.3/records100/04000/index.html’ saved [234253]

--2026-07-30 10:20:27--  https://physionet.org/files/ptb-xl/1.0.3/records100/05000/
Reusing existing connection to physionet.org:443.
HTTP request sent, awaiting response... 200 OK
Length: unspecified [text/html]
Saving to: ‘physionet.org/files/ptb-xl/1.0.3/records100/05000/index.html’

     0K .......... .......... .......... .......... .......... 35.8K
    50K .......... .......... .......... .......... .......... 52.2K
   100K .......... .......... .......... .......... .......... 65.4K
   150K .......... .......... .......... .......... .......... 67.0K
   200K .......... .......... ........                         75.6K=4.2s

Last-modified header missing -- time-stamps turned off.
2026-07-30 10:20:32 (53.9 KB/s) - ‘physionet.org/files/ptb-xl/1.0.3/records100/05000/index.html’ saved [234019]

--2026-07-30 10:20:32--  https://physionet.org/files/ptb-xl/1.0.3/records100/06000/
Reusing existing connection to physionet.org:443.
HTTP request sent, awaiting response... 200 OK
Length: unspecified [text/html]
Saving to: ‘physionet.org/files/ptb-xl/1.0.3/records100/06000/index.html’

     0K .......... .......... .......... .......... .......... 88.4K
    50K .......... .......... .......... .......... .......... 86.0K
   100K .......... .......... .......... .......... .......... 90.8K
   150K .......... .......... .......... .......... ..........  111K
   200K .......... .......... ........                          141K=2.4s

Last-modified header missing -- time-stamps turned off.
2026-07-30 10:20:35 (97.2 KB/s) - ‘physionet.org/files/ptb-xl/1.0.3/records100/06000/index.html’ saved [234253]

--2026-07-30 10:20:35--  https://physionet.org/files/ptb-xl/1.0.3/records100/07000/
Reusing existing connection to physionet.org:443.
HTTP request sent, awaiting response... 200 OK
Length: unspecified [text/html]
Saving to: ‘physionet.org/files/ptb-xl/1.0.3/records100/07000/index.html’

     0K .......... .......... .......... .......... ..........  114K
    50K .......... .......... .......... .......... ..........  126K
   100K .......... .......... .......... .......... ..........  132K
   150K .......... .......... .......... .......... ..........  134K
   200K .......... .......... ........                          179K=1.7s

Last-modified header missing -- time-stamps turned off.
2026-07-30 10:20:37 (131 KB/s) - ‘physionet.org/files/ptb-xl/1.0.3/records100/07000/index.html’ saved [233551]

--2026-07-30 10:20:37--  https://physionet.org/files/ptb-xl/1.0.3/records100/08000/
Reusing existing connection to physionet.org:443.
HTTP request sent, awaiting response... 200 OK
Length: unspecified [text/html]
Saving to: ‘physionet.org/files/ptb-xl/1.0.3/records100/08000/index.html’

     0K .......... .......... .......... .......... ..........  101K
    50K .......... .......... .......... .......... ..........  153K
   100K .......... .......... .......... .......... ..........  132K
   150K .......... .......... .......... .......... ..........  138K
   200K .......... .......... ........                          176K=1.7s

Last-modified header missing -- time-stamps turned off.
2026-07-30 10:20:39 (133 KB/s) - ‘physionet.org/files/ptb-xl/1.0.3/records100/08000/index.html’ saved [234253]

--2026-07-30 10:20:39--  https://physionet.org/files/ptb-xl/1.0.3/records100/09000/
Reusing existing connection to physionet.org:443.
HTTP request sent, awaiting response... 200 OK
Length: unspecified [text/html]
Saving to: ‘physionet.org/files/ptb-xl/1.0.3/records100/09000/index.html’

     0K .......... .......... .......... .......... ..........  123K
    50K .......... .......... .......... .......... ..........  122K
   100K .......... .......... .......... .......... ..........  130K
   150K .......... .......... .......... .......... ..........  150K
   200K .......... .......... ........                          218K=1.7s

Last-modified header missing -- time-stamps turned off.
2026-07-30 10:20:41 (137 KB/s) - ‘physionet.org/files/ptb-xl/1.0.3/records100/09000/index.html’ saved [233551]

--2026-07-30 10:20:41--  https://physionet.org/files/ptb-xl/1.0.3/records100/10000/
Reusing existing connection to physionet.org:443.
HTTP request sent, awaiting response... 200 OK
Length: unspecified [text/html]
Saving to: ‘physionet.org/files/ptb-xl/1.0.3/records100/10000/index.html’

     0K .......... .......... .......... .......... ..........  144K
    50K .......... .......... .......... .......... ..........  122K
   100K .......... .......... .......... .......... ..........  133K
   150K .......... .......... .......... .......... ..........  141K
   200K .......... .......... ........                         89.0K=1.8s

Last-modified header missing -- time-stamps turned off.
2026-07-30 10:20:43 (126 KB/s) - ‘physionet.org/files/ptb-xl/1.0.3/records100/10000/index.html’ saved [234253]

--2026-07-30 10:20:43--  https://physionet.org/files/ptb-xl/1.0.3/records100/11000/
Reusing existing connection to physionet.org:443.
HTTP request sent, awaiting response... 200 OK
Length: unspecified [text/html]
Saving to: ‘physionet.org/files/ptb-xl/1.0.3/records100/11000/index.html’

     0K .......... .......... .......... .......... ..........  114K
    50K .......... .......... .......... .......... ..........  138K
   100K .......... .......... .......... .......... ..........  149K
   150K .......... .......... .......... .......... ..........  162K
   200K .......... .......... .......                           212K=1.6s

Last-modified header missing -- time-stamps turned off.
2026-07-30 10:20:45 (144 KB/s) - ‘physionet.org/files/ptb-xl/1.0.3/records100/11000/index.html’ saved [233083]

--2026-07-30 10:20:45--  https://physionet.org/files/ptb-xl/1.0.3/records100/12000/
Reusing existing connection to physionet.org:443.
HTTP request sent, awaiting response... 200 OK
Length: unspecified [text/html]
Saving to: ‘physionet.org/files/ptb-xl/1.0.3/records100/12000/index.html’

     0K .......... .......... .......... .......... ..........  144K
    50K .......... .......... .......... .......... ..........  122K
   100K .......... .......... .......... .......... ..........  132K
   150K .......... .......... .......... .......... ..........  144K
   200K .......... .......... ........                          247K=1.6s

Last-modified header missing -- time-stamps turned off.
2026-07-30 10:20:46 (143 KB/s) - ‘physionet.org/files/ptb-xl/1.0.3/records100/12000/index.html’ saved [234253]

--2026-07-30 10:20:46--  https://physionet.org/files/ptb-xl/1.0.3/records100/13000/
Reusing existing connection to physionet.org:443.
HTTP request sent, awaiting response... 200 OK
Length: unspecified [text/html]
Saving to: ‘physionet.org/files/ptb-xl/1.0.3/records100/13000/index.html’

     0K .......... .......... .......... .......... ..........  144K
    50K .......... .......... .......... .......... .......... 76.4K
   100K .......... .......... .......... .......... ..........  265K
   150K .......... .......... .......... .......... .......... 98.0K
   200K .......... .......... .......                           147K=1.9s

Last-modified header missing -- time-stamps turned off.
2026-07-30 10:20:49 (121 KB/s) - ‘physionet.org/files/ptb-xl/1.0.3/records100/13000/index.html’ saved [233083]

--2026-07-30 10:20:49--  https://physionet.org/files/ptb-xl/1.0.3/records100/14000/
Reusing existing connection to physionet.org:443.
HTTP request sent, awaiting response... 200 OK
Length: unspecified [text/html]
Saving to: ‘physionet.org/files/ptb-xl/1.0.3/records100/14000/index.html’

     0K .......... .......... .......... .......... ..........  123K
    50K .......... .......... .......... .......... ..........  107K
   100K .......... .......... .......... .......... ..........  132K
   150K .......... .......... .......... .......... ..........  132K
   200K .......... .......... ........                          166K=1.8s

Last-modified header missing -- time-stamps turned off.
2026-07-30 10:20:51 (127 KB/s) - ‘physionet.org/files/ptb-xl/1.0.3/records100/14000/index.html’ saved [234253]

--2026-07-30 10:20:51--  https://physionet.org/files/ptb-xl/1.0.3/records100/15000/
Reusing existing connection to physionet.org:443.
HTTP request sent, awaiting response... 200 OK
Length: unspecified [text/html]
Saving to: ‘physionet.org/files/ptb-xl/1.0.3/records100/15000/index.html’

     0K .......... .......... .......... .......... ..........  132K
    50K .......... .......... .......... .......... ..........  112K
   100K .......... .......... .......... .......... ..........  119K
   150K .......... .......... .......... .......... ..........  149K
   200K .......... .......... ........                          180K=1.7s

Last-modified header missing -- time-stamps turned off.
2026-07-30 10:20:53 (132 KB/s) - ‘physionet.org/files/ptb-xl/1.0.3/records100/15000/index.html’ saved [234019]

--2026-07-30 10:20:53--  https://physionet.org/files/ptb-xl/1.0.3/records100/16000/
Reusing existing connection to physionet.org:443.
HTTP request sent, awaiting response... 200 OK
Length: unspecified [text/html]
Saving to: ‘physionet.org/files/ptb-xl/1.0.3/records100/16000/index.html’

     0K .......... .......... .......... .......... ..........  132K
    50K .......... .......... .......... .......... ..........  111K
   100K .......... .......... .......... .......... ..........  127K
   150K .......... .......... .......... .......... ..........  135K
   200K .......... .......... ........                          176K=1.8s

Last-modified header missing -- time-stamps turned off.
2026-07-30 10:20:55 (130 KB/s) - ‘physionet.org/files/ptb-xl/1.0.3/records100/16000/index.html’ saved [234253]

--2026-07-30 10:20:55--  https://physionet.org/files/ptb-xl/1.0.3/records100/17000/
Reusing existing connection to physionet.org:443.
HTTP request sent, awaiting response... 200 OK
Length: unspecified [text/html]
Saving to: ‘physionet.org/files/ptb-xl/1.0.3/records100/17000/index.html’

     0K .......... .......... .......... .......... ..........  132K
    50K .......... .......... .......... .......... ..........  114K
   100K .......... .......... .......... .......... ..........  119K
   150K .......... .......... .......... .......... ..........  145K
   200K .......... .......... ........                          184K=1.7s

Last-modified header missing -- time-stamps turned off.
2026-07-30 10:20:57 (132 KB/s) - ‘physionet.org/files/ptb-xl/1.0.3/records100/17000/index.html’ saved [234253]

--2026-07-30 10:20:57--  https://physionet.org/files/ptb-xl/1.0.3/records100/18000/
Reusing existing connection to physionet.org:443.
HTTP request sent, awaiting response... 200 OK
Length: unspecified [text/html]
Saving to: ‘physionet.org/files/ptb-xl/1.0.3/records100/18000/index.html’

     0K .......... .......... .......... .......... ..........  132K
    50K .......... .......... .......... .......... ..........  114K
   100K .......... .......... .......... .......... ..........  125K
   150K .......... .......... .......... .......... ..........  138K
   200K .......... .......... ........                          181K=1.7s

Last-modified header missing -- time-stamps turned off.
2026-07-30 10:20:59 (131 KB/s) - ‘physionet.org/files/ptb-xl/1.0.3/records100/18000/index.html’ saved [234019]

--2026-07-30 10:20:59--  https://physionet.org/files/ptb-xl/1.0.3/records100/19000/
Reusing existing connection to physionet.org:443.
HTTP request sent, awaiting response... 200 OK
Length: unspecified [text/html]
Saving to: ‘physionet.org/files/ptb-xl/1.0.3/records100/19000/index.html’

     0K .......... .......... .......... .......... ..........  107K
    50K .......... .......... .......... .......... ..........  114K
   100K .......... .......... .......... .......... ..........  127K
   150K .......... .......... .......... .......... ..........  147K
   200K .......... .......... ........                          125K=1.9s

Last-modified header missing -- time-stamps turned off.
2026-07-30 10:21:01 (122 KB/s) - ‘physionet.org/files/ptb-xl/1.0.3/records100/19000/index.html’ saved [234253]

--2026-07-30 10:21:01--  https://physionet.org/files/ptb-xl/1.0.3/records100/20000/
Reusing existing connection to physionet.org:443.
HTTP request sent, awaiting response... 200 OK
Length: unspecified [text/html]
Saving to: ‘physionet.org/files/ptb-xl/1.0.3/records100/20000/index.html’

     0K .......... .......... .......... .......... ..........  129K
    50K .......... .......... .......... .......... ..........  112K
   100K .......... .......... .......... .......... ..........  133K
   150K .......... .......... .......... .......... ..........  135K
   200K .......... .......... ........                          204K=1.7s

Last-modified header missing -- time-stamps turned off.
2026-07-30 10:21:03 (133 KB/s) - ‘physionet.org/files/ptb-xl/1.0.3/records100/20000/index.html’ saved [234253]

--2026-07-30 10:21:03--  https://physionet.org/files/ptb-xl/1.0.3/records100/21000/
Reusing existing connection to physionet.org:443.
HTTP request sent, awaiting response... 200 OK
Length: unspecified [text/html]
Saving to: ‘physionet.org/files/ptb-xl/1.0.3/records100/21000/index.html’

     0K .......... .......... .......... .......... ..........  103K
    50K .......... .......... .......... .......... ..........  106K
   100K .......... .......... .......... .......... ..........  130K
   150K .......... .......... .......... .......... .           165K=1.6s

Last-modified header missing -- time-stamps turned off.
2026-07-30 10:21:05 (120 KB/s) - ‘physionet.org/files/ptb-xl/1.0.3/records100/21000/index.html’ saved [196345]

--2026-07-30 10:21:05--  https://physionet.org/files/ptb-xl/1.0.3/records500/00000/
Reusing existing connection to physionet.org:443.
HTTP request sent, awaiting response... 200 OK
Length: unspecified [text/html]
Saving to: ‘physionet.org/files/ptb-xl/1.0.3/records500/00000/index.html’

     0K .......... .......... .......... .......... ..........  107K
    50K .......... .......... .......... .......... ..........  102K
   100K .......... .......... .......... .......... .......... 97.4K
   150K .......... .......... .......... .......... .......... 77.4K
   200K .......... .......... .....                             119K=2.3s

Last-modified header missing -- time-stamps turned off.
2026-07-30 10:21:08 (96.8 KB/s) - ‘physionet.org/files/ptb-xl/1.0.3/records500/00000/index.html’ saved [231211]

--2026-07-30 10:21:08--  https://physionet.org/files/ptb-xl/1.0.3/records500/01000/
Reusing existing connection to physionet.org:443.
HTTP request sent, awaiting response... 200 OK
Length: unspecified [text/html]
Saving to: ‘physionet.org/files/ptb-xl/1.0.3/records500/01000/index.html’

     0K .......... .......... .......... .......... .......... 63.4K
    50K .......... .......... .......... .......... .......... 57.4K
   100K .......... .......... .......... .......... .......... 66.2K
   150K .......... .......... .......... .......... .......... 58.6K
   200K .......... .......... ........                         88.0K=3.6s

Last-modified header missing -- time-stamps turned off.
2026-07-30 10:21:12 (63.6 KB/s) - ‘physionet.org/files/ptb-xl/1.0.3/records500/01000/index.html’ saved [234253]

--2026-07-30 10:21:12--  https://physionet.org/files/ptb-xl/1.0.3/records500/02000/
Reusing existing connection to physionet.org:443.
HTTP request sent, awaiting response... 200 OK
Length: unspecified [text/html]
Saving to: ‘physionet.org/files/ptb-xl/1.0.3/records500/02000/index.html’

     0K .......... .......... .......... .......... .......... 82.8K
    50K .......... .......... .......... .......... .......... 70.4K
   100K .......... .......... .......... .......... .......... 88.3K
   150K .......... .......... .......... .......... .......... 99.7K
   200K .......... .......... ........                          130K=2.6s

Last-modified header missing -- time-stamps turned off.
2026-07-30 10:21:15 (87.9 KB/s) - ‘physionet.org/files/ptb-xl/1.0.3/records500/02000/index.html’ saved [233785]

--2026-07-30 10:21:15--  https://physionet.org/files/ptb-xl/1.0.3/records500/03000/
Reusing existing connection to physionet.org:443.
HTTP request sent, awaiting response... 200 OK
Length: unspecified [text/html]
Saving to: ‘physionet.org/files/ptb-xl/1.0.3/records500/03000/index.html’

     0K .......... .......... .......... .......... ..........  102K
    50K .......... .......... .......... .......... ..........  127K
   100K .......... .......... .......... .......... ..........  132K
   150K .......... .......... .......... .......... ..........  134K
   200K .......... .......... .......                           268K=1.7s

Last-modified header missing -- time-stamps turned off.
2026-07-30 10:21:17 (131 KB/s) - ‘physionet.org/files/ptb-xl/1.0.3/records500/03000/index.html’ saved [233083]

--2026-07-30 10:21:17--  https://physionet.org/files/ptb-xl/1.0.3/records500/04000/
Reusing existing connection to physionet.org:443.
HTTP request sent, awaiting response... 200 OK
Length: unspecified [text/html]
Saving to: ‘physionet.org/files/ptb-xl/1.0.3/records500/04000/index.html’

     0K .......... .......... .......... .......... ..........  141K
    50K .......... .......... .......... .......... ..........  119K
   100K .......... .......... .......... .......... ..........  134K
   150K .......... .......... .......... .......... ..........  151K
   200K .......... .......... ........                          199K=1.6s

Last-modified header missing -- time-stamps turned off.
2026-07-30 10:21:19 (141 KB/s) - ‘physionet.org/files/ptb-xl/1.0.3/records500/04000/index.html’ saved [234253]

--2026-07-30 10:21:19--  https://physionet.org/files/ptb-xl/1.0.3/records500/05000/
Reusing existing connection to physionet.org:443.
HTTP request sent, awaiting response... 200 OK
Length: unspecified [text/html]
Saving to: ‘physionet.org/files/ptb-xl/1.0.3/records500/05000/index.html’

     0K .......... .......... .......... .......... ..........  143K
    50K .......... .......... .......... .......... ..........  121K
   100K .......... .......... .......... .......... ..........  135K
   150K .......... .......... .......... .......... ..........  150K
   200K .......... .......... ........                          222K=1.6s

Last-modified header missing -- time-stamps turned off.
2026-07-30 10:21:21 (143 KB/s) - ‘physionet.org/files/ptb-xl/1.0.3/records500/05000/index.html’ saved [234019]

--2026-07-30 10:21:21--  https://physionet.org/files/ptb-xl/1.0.3/records500/06000/
Reusing existing connection to physionet.org:443.
HTTP request sent, awaiting response... 200 OK
Length: unspecified [text/html]
Saving to: ‘physionet.org/files/ptb-xl/1.0.3/records500/06000/index.html’

     0K .......... .......... .......... .......... ..........  143K
    50K .......... .......... .......... .......... ..........  121K
   100K .......... .......... .......... .......... ..........  135K
   150K .......... .......... .......... .......... ..........  150K
   200K .......... .......... ........                          181K=1.6s

Last-modified header missing -- time-stamps turned off.
2026-07-30 10:21:23 (141 KB/s) - ‘physionet.org/files/ptb-xl/1.0.3/records500/06000/index.html’ saved [234253]

--2026-07-30 10:21:23--  https://physionet.org/files/ptb-xl/1.0.3/records500/07000/
Reusing existing connection to physionet.org:443.
HTTP request sent, awaiting response... 200 OK
Length: unspecified [text/html]
Saving to: ‘physionet.org/files/ptb-xl/1.0.3/records500/07000/index.html’

     0K .......... .......... .......... .......... ..........  144K
    50K .......... .......... .......... .......... .......... 76.3K
   100K .......... .......... .......... .......... ..........  265K
   150K .......... .......... .......... .......... .......... 98.5K
   200K .......... .......... ........                          149K=1.9s

Last-modified header missing -- time-stamps turned off.
2026-07-30 10:21:25 (121 KB/s) - ‘physionet.org/files/ptb-xl/1.0.3/records500/07000/index.html’ saved [233551]

--2026-07-30 10:21:25--  https://physionet.org/files/ptb-xl/1.0.3/records500/08000/
Reusing existing connection to physionet.org:443.
HTTP request sent, awaiting response... 200 OK
Length: unspecified [text/html]
Saving to: ‘physionet.org/files/ptb-xl/1.0.3/records500/08000/index.html’

     0K .......... .......... .......... .......... ..........  125K
    50K .......... .......... .......... .......... .......... 94.2K
   100K .......... .......... .......... .......... ..........  118K
   150K .......... .......... .......... .......... ..........  106K
   200K .......... .......... ........                          153K=2.0s

Last-modified header missing -- time-stamps turned off.
2026-07-30 10:21:27 (114 KB/s) - ‘physionet.org/files/ptb-xl/1.0.3/records500/08000/index.html’ saved [234253]

--2026-07-30 10:21:27--  https://physionet.org/files/ptb-xl/1.0.3/records500/09000/
Reusing existing connection to physionet.org:443.
HTTP request sent, awaiting response... 200 OK
Length: unspecified [text/html]
Saving to: ‘physionet.org/files/ptb-xl/1.0.3/records500/09000/index.html’

     0K .......... .......... .......... .......... ..........  123K
    50K .......... .......... .......... .......... ..........  108K
   100K .......... .......... .......... .......... ..........  161K
   150K .......... .......... .......... .......... ..........  138K
   200K .......... .......... ........                          170K=1.7s

Last-modified header missing -- time-stamps turned off.
2026-07-30 10:21:29 (134 KB/s) - ‘physionet.org/files/ptb-xl/1.0.3/records500/09000/index.html’ saved [233551]

--2026-07-30 10:21:29--  https://physionet.org/files/ptb-xl/1.0.3/records500/10000/
Reusing existing connection to physionet.org:443.
HTTP request sent, awaiting response... 200 OK
Length: unspecified [text/html]
Saving to: ‘physionet.org/files/ptb-xl/1.0.3/records500/10000/index.html’

     0K .......... .......... .......... .......... ..........  137K
    50K .......... .......... .......... .......... .......... 80.6K
   100K .......... .......... .......... .......... ..........  125K
   150K .......... .......... .......... .......... .......... 99.4K
   200K .......... .......... ........                          133K=2.1s

Last-modified header missing -- time-stamps turned off.
2026-07-30 10:21:32 (109 KB/s) - ‘physionet.org/files/ptb-xl/1.0.3/records500/10000/index.html’ saved [234253]

--2026-07-30 10:21:32--  https://physionet.org/files/ptb-xl/1.0.3/records500/11000/
Reusing existing connection to physionet.org:443.
HTTP request sent, awaiting response... 200 OK
Length: unspecified [text/html]
Saving to: ‘physionet.org/files/ptb-xl/1.0.3/records500/11000/index.html’

     0K .......... .......... .......... .......... .......... 96.6K
    50K .......... .......... .......... .......... ..........  126K
   100K .......... .......... .......... .......... ..........  125K
   150K .......... .......... .......... .......... .......... 96.8K
   200K .......... .......... .......                           190K=2.0s

Last-modified header missing -- time-stamps turned off.
2026-07-30 10:21:34 (115 KB/s) - ‘physionet.org/files/ptb-xl/1.0.3/records500/11000/index.html’ saved [233083]

--2026-07-30 10:21:34--  https://physionet.org/files/ptb-xl/1.0.3/records500/12000/
Reusing existing connection to physionet.org:443.
HTTP request sent, awaiting response... 200 OK
Length: unspecified [text/html]
Saving to: ‘physionet.org/files/ptb-xl/1.0.3/records500/12000/index.html’

     0K .......... .......... .......... .......... ..........  101K
    50K .......... .......... .......... .......... ..........  111K
   100K .......... .......... .......... .......... .......... 90.6K
   150K .......... .......... .......... .......... ..........  116K
   200K .......... .......... ........                          122K=2.2s

Last-modified header missing -- time-stamps turned off.
2026-07-30 10:21:37 (106 KB/s) - ‘physionet.org/files/ptb-xl/1.0.3/records500/12000/index.html’ saved [234253]

--2026-07-30 10:21:37--  https://physionet.org/files/ptb-xl/1.0.3/records500/13000/
Reusing existing connection to physionet.org:443.
HTTP request sent, awaiting response... 200 OK
Length: unspecified [text/html]
Saving to: ‘physionet.org/files/ptb-xl/1.0.3/records500/13000/index.html’

     0K .......... .......... .......... .......... ..........  102K
    50K .......... .......... .......... .......... .......... 92.5K
   100K .......... .......... .......... .......... ..........  110K
   150K .......... .......... .......... .......... .......... 88.1K
   200K .......... .......... .......                           174K=2.2s

Last-modified header missing -- time-stamps turned off.
2026-07-30 10:21:39 (103 KB/s) - ‘physionet.org/files/ptb-xl/1.0.3/records500/13000/index.html’ saved [233083]

--2026-07-30 10:21:39--  https://physionet.org/files/ptb-xl/1.0.3/records500/14000/
Reusing existing connection to physionet.org:443.
HTTP request sent, awaiting response... 200 OK
Length: unspecified [text/html]
Saving to: ‘physionet.org/files/ptb-xl/1.0.3/records500/14000/index.html’

     0K .......... .......... .......... .......... ..........  109K
    50K .......... .......... .......... .......... .......... 94.9K
   100K .......... .......... .......... .......... ..........  116K
   150K .......... .......... .......... .......... .......... 99.3K
   200K .......... .......... ........                          152K=2.1s

Last-modified header missing -- time-stamps turned off.
2026-07-30 10:21:42 (109 KB/s) - ‘physionet.org/files/ptb-xl/1.0.3/records500/14000/index.html’ saved [234253]

--2026-07-30 10:21:42--  https://physionet.org/files/ptb-xl/1.0.3/records500/15000/
Reusing existing connection to physionet.org:443.
HTTP request sent, awaiting response... 200 OK
Length: unspecified [text/html]
Saving to: ‘physionet.org/files/ptb-xl/1.0.3/records500/15000/index.html’

     0K .......... .......... .......... .......... ..........  122K
    50K .......... .......... .......... .......... ..........  132K
   100K .......... .......... .......... .......... ..........  135K
   150K .......... .......... .......... .......... ..........  137K
   200K .......... .......... ........                          193K=1.7s

Last-modified header missing -- time-stamps turned off.
2026-07-30 10:21:44 (137 KB/s) - ‘physionet.org/files/ptb-xl/1.0.3/records500/15000/index.html’ saved [234019]

--2026-07-30 10:21:44--  https://physionet.org/files/ptb-xl/1.0.3/records500/16000/
Reusing existing connection to physionet.org:443.
HTTP request sent, awaiting response... 200 OK
Length: unspecified [text/html]
Saving to: ‘physionet.org/files/ptb-xl/1.0.3/records500/16000/index.html’

     0K .......... .......... .......... .......... ..........  138K
    50K .......... .......... .......... .......... ..........  118K
   100K .......... .......... .......... .......... ..........  133K
   150K .......... .......... .......... .......... ..........  154K
   200K .......... .......... ........                          220K=1.6s

Last-modified header missing -- time-stamps turned off.
2026-07-30 10:21:46 (141 KB/s) - ‘physionet.org/files/ptb-xl/1.0.3/records500/16000/index.html’ saved [234253]

--2026-07-30 10:21:46--  https://physionet.org/files/ptb-xl/1.0.3/records500/17000/
Reusing existing connection to physionet.org:443.
HTTP request sent, awaiting response... 200 OK
Length: unspecified [text/html]
Saving to: ‘physionet.org/files/ptb-xl/1.0.3/records500/17000/index.html’

     0K .......... .......... .......... .......... ..........  145K
    50K .......... .......... .......... .......... ..........  120K
   100K .......... .......... .......... .......... ..........  135K
   150K .......... .......... .......... .......... ..........  151K
   200K .......... .......... ........                         90.2K=1.8s

Last-modified header missing -- time-stamps turned off.
2026-07-30 10:21:48 (128 KB/s) - ‘physionet.org/files/ptb-xl/1.0.3/records500/17000/index.html’ saved [234253]

--2026-07-30 10:21:48--  https://physionet.org/files/ptb-xl/1.0.3/records500/18000/
Reusing existing connection to physionet.org:443.
HTTP request sent, awaiting response... 200 OK
Length: unspecified [text/html]
Saving to: ‘physionet.org/files/ptb-xl/1.0.3/records500/18000/index.html’

     0K .......... .......... .......... .......... ..........  116K
    50K .......... .......... .......... .......... ..........  142K
   100K .......... .......... .......... .......... ..........  148K
   150K .......... .......... .......... .......... ..........  154K
   200K .......... .......... ........                          226K=1.6s

Last-modified header missing -- time-stamps turned off.
2026-07-30 10:21:50 (145 KB/s) - ‘physionet.org/files/ptb-xl/1.0.3/records500/18000/index.html’ saved [234019]

--2026-07-30 10:21:50--  https://physionet.org/files/ptb-xl/1.0.3/records500/19000/
Reusing existing connection to physionet.org:443.
HTTP request sent, awaiting response... 200 OK
Length: unspecified [text/html]
Saving to: ‘physionet.org/files/ptb-xl/1.0.3/records500/19000/index.html’

     0K .......... .......... .......... .......... ..........  144K
    50K .......... .......... .......... .......... ..........  120K
   100K .......... .......... .......... .......... ..........  135K
   150K .......... .......... .......... .......... ..........  151K
   200K .......... .......... ........                          199K=1.6s

Last-modified header missing -- time-stamps turned off.
2026-07-30 10:21:52 (142 KB/s) - ‘physionet.org/files/ptb-xl/1.0.3/records500/19000/index.html’ saved [234253]

--2026-07-30 10:21:52--  https://physionet.org/files/ptb-xl/1.0.3/records500/20000/
Reusing existing connection to physionet.org:443.
HTTP request sent, awaiting response... 200 OK
Length: unspecified [text/html]
Saving to: ‘physionet.org/files/ptb-xl/1.0.3/records500/20000/index.html’

     0K .......... .......... .......... .......... ..........  144K
    50K .......... .......... .......... .......... ..........  120K
   100K .......... .......... .......... .......... ..........  135K
   150K .......... .......... .......... .......... ..........  151K
   200K .......... .......... ........                          182K=1.6s

Last-modified header missing -- time-stamps turned off.
2026-07-30 10:21:54 (141 KB/s) - ‘physionet.org/files/ptb-xl/1.0.3/records500/20000/index.html’ saved [234253]

--2026-07-30 10:21:54--  https://physionet.org/files/ptb-xl/1.0.3/records500/21000/
Reusing existing connection to physionet.org:443.
HTTP request sent, awaiting response... 200 OK
Length: unspecified [text/html]
Saving to: ‘physionet.org/files/ptb-xl/1.0.3/records500/21000/index.html’

     0K .......... .......... .......... .......... ..........  144K
    50K .......... .......... .......... .......... ..........  120K
   100K .......... .......... .......... .......... ..........  135K
   150K .......... .......... .......... .......... .           189K=1.4s

Last-modified header missing -- time-stamps turned off.
2026-07-30 10:21:55 (142 KB/s) - ‘physionet.org/files/ptb-xl/1.0.3/records500/21000/index.html’ saved [196345]

--2026-07-30 10:21:55--  https://physionet.org/files/ptb-xl/1.0.3/records100/00000/00001_lr.dat
Reusing existing connection to physionet.org:443.
HTTP request sent, awaiting response... 200 OK
Length: 24000 (23K) [application/octet-stream]
Saving to: ‘physionet.org/files/ptb-xl/1.0.3/records100/00000/00001_lr.dat’

     0K .......... .......... ...                             100% 89.1K=0.3s

2026-07-30 10:21:56 (89.1 KB/s) - ‘physionet.org/files/ptb-xl/1.0.3/records100/00000/00001_lr.dat’ saved [24000/24000]

--2026-07-30 10:21:56--  https://physionet.org/files/ptb-xl/1.0.3/records100/00000/00001_lr.hea
Reusing existing connection to physionet.org:443.
HTTP request sent, awaiting response... 200 OK
Length: 596 [text/plain]
Saving to: ‘physionet.org/files/ptb-xl/1.0.3/records100/00000/00001_lr.hea’

     0K                                                       100% 1.15G=0s

2026-07-30 10:21:56 (1.15 GB/s) - ‘physionet.org/files/ptb-xl/1.0.3/records100/00000/00001_lr.hea’ saved [596/596]

--2026-07-30 10:21:56--  https://physionet.org/files/ptb-xl/1.0.3/records100/00000/00002_lr.dat
Reusing existing connection to physionet.org:443.
HTTP request sent, awaiting response... 200 OK
Length: 24000 (23K) [application/octet-stream]
Saving to: ‘physionet.org/files/ptb-xl/1.0.3/records100/00000/00002_lr.dat’

     0K .......... .......... ...                             100%  187K=0.1s

2026-07-30 10:21:57 (187 KB/s) - ‘physionet.org/files/ptb-xl/1.0.3/records100/00000/00002_lr.dat’ saved [24000/24000]

--2026-07-30 10:21:57--  https://physionet.org/files/ptb-xl/1.0.3/records100/00000/00002_lr.hea
Reusing existing connection to physionet.org:443.
HTTP request sent, awaiting response... 200 OK
Length: 599 [text/plain]
Saving to: ‘physionet.org/files/ptb-xl/1.0.3/records100/00000/00002_lr.hea’

     0K                                                       100%  983M=0s

2026-07-30 10:21:57 (983 MB/s) - ‘physionet.org/files/ptb-xl/1.0.3/records100/00000/00002_lr.hea’ saved [599/599]

--2026-07-30 10:21:57--  https://physionet.org/files/ptb-xl/1.0.3/records100/00000/00003_lr.dat
Reusing existing connection to physionet.org:443.
HTTP request sent, awaiting response... 200 OK
Length: 24000 (23K) [application/octet-stream]
Saving to: ‘physionet.org/files/ptb-xl/1.0.3/records100/00000/00003_lr.dat’

     0K .......... .......... ...                             100% 86.0K=0.3s

2026-07-30 10:21:57 (86.0 KB/s) - ‘physionet.org/files/ptb-xl/1.0.3/records100/00000/00003_lr.dat’ saved [24000/24000]

--2026-07-30 10:21:57--  https://physionet.org/files/ptb-xl/1.0.3/records100/00000/00003_lr.hea
Reusing existing connection to physionet.org:443.
HTTP request sent, awaiting response... 200 OK
Length: 601 [text/plain]
Saving to: ‘physionet.org/files/ptb-xl/1.0.3/records100/00000/00003_lr.hea’

     0K                                                       100% 1.92G=0s

2026-07-30 10:21:58 (1.92 GB/s) - ‘physionet.org/files/ptb-xl/1.0.3/records100/00000/00003_lr.hea’ saved [601/601]

--2026-07-30 10:21:58--  https://physionet.org/files/ptb-xl/1.0.3/records100/00000/00004_lr.dat
Reusing existing connection to physionet.org:443.
HTTP request sent, awaiting response... 200 OK
Length: 24000 (23K) [application/octet-stream]
Saving to: ‘physionet.org/files/ptb-xl/1.0.3/records100/00000/00004_lr.dat’

     0K .......... .......... ...                             100%  212K=0.1s

2026-07-30 10:21:58 (212 KB/s) - ‘physionet.org/files/ptb-xl/1.0.3/records100/00000/00004_lr.dat’ saved [24000/24000]

--2026-07-30 10:21:58--  https://physionet.org/files/ptb-xl/1.0.3/records100/00000/00004_lr.hea
Reusing existing connection to physionet.org:443.
HTTP request sent, awaiting response... 200 OK
Length: 611 [text/plain]
Saving to: ‘physionet.org/files/ptb-xl/1.0.3/records100/00000/00004_lr.hea’

     0K                                                       100%  843M=0s

2026-07-30 10:21:58 (843 MB/s) - ‘physionet.org/files/ptb-xl/1.0.3/records100/00000/00004_lr.hea’ saved [611/611]

--2026-07-30 10:21:58--  https://physionet.org/files/ptb-xl/1.0.3/records100/00000/00005_lr.dat
Reusing existing connection to physionet.org:443.
HTTP request sent, awaiting response... 200 OK
Length: 24000 (23K) [application/octet-stream]
Saving to: ‘physionet.org/files/ptb-xl/1.0.3/records100/00000/00005_lr.dat’

     0K .......... .......... ...                             100%  185K=0.1s

2026-07-30 10:21:59 (185 KB/s) - ‘physionet.org/files/ptb-xl/1.0.3/records100/00000/00005_lr.dat’ saved [24000/24000]

--2026-07-30 10:21:59--  https://physionet.org/files/ptb-xl/1.0.3/records100/00000/00005_lr.hea
Reusing existing connection to physionet.org:443.
HTTP request sent, awaiting response... 200 OK
Length: 605 [text/plain]
Saving to: ‘physionet.org/files/ptb-xl/1.0.3/records100/00000/00005_lr.hea’

     0K                                                       100%  800M=0s

2026-07-30 10:21:59 (800 MB/s) - ‘physionet.org/files/ptb-xl/1.0.3/records100/00000/00005_lr.hea’ saved [605/605]

--2026-07-30 10:21:59--  https://physionet.org/files/ptb-xl/1.0.3/records100/00000/00006_lr.dat
Reusing existing connection to physionet.org:443.
HTTP request sent, awaiting response... 200 OK
Length: 24000 (23K) [application/octet-stream]
Saving to: ‘physionet.org/files/ptb-xl/1.0.3/records100/00000/00006_lr.dat’

     0K .......... .......... ...                             100%  178K=0.1s

2026-07-30 10:21:59 (178 KB/s) - ‘physionet.org/files/ptb-xl/1.0.3/records100/00000/00006_lr.dat’ saved [24000/24000]

--2026-07-30 10:21:59--  https://physionet.org/files/ptb-xl/1.0.3/records100/00000/00006_lr.hea
Reusing existing connection to physionet.org:443.
HTTP request sent, awaiting response... 200 OK
Length: 607 [text/plain]
Saving to: ‘physionet.org/files/ptb-xl/1.0.3/records100/00000/00006_lr.hea’

     0K                                                       100% 2.09G=0s

2026-07-30 10:22:00 (2.09 GB/s) - ‘physionet.org/files/ptb-xl/1.0.3/records100/00000/00006_lr.hea’ saved [607/607]

--2026-07-30 10:22:00--  https://physionet.org/files/ptb-xl/1.0.3/records100/00000/00007_lr.dat
Reusing existing connection to physionet.org:443.
HTTP request sent, awaiting response... 200 OK
Length: 24000 (23K) [application/octet-stream]
Saving to: ‘physionet.org/files/ptb-xl/1.0.3/records100/00000/00007_lr.dat’

     0K .......... .......... ...                             100%  183K=0.1s

2026-07-30 10:22:00 (183 KB/s) - ‘physionet.org/files/ptb-xl/1.0.3/records100/00000/00007_lr.dat’ saved [24000/24000]

--2026-07-30 10:22:00--  https://physionet.org/files/ptb-xl/1.0.3/records100/00000/00007_lr.hea
Reusing existing connection to physionet.org:443.
HTTP request sent, awaiting response... 200 OK
Length: 600 [text/plain]
Saving to: ‘physionet.org/files/ptb-xl/1.0.3/records100/00000/00007_lr.hea’

     0K                                                       100% 1022M=0s

2026-07-30 10:22:00 (1022 MB/s) - ‘physionet.org/files/ptb-xl/1.0.3/records100/00000/00007_lr.hea’ saved [600/600]

--2026-07-30 10:22:00--  https://physionet.org/files/ptb-xl/1.0.3/records100/00000/00008_lr.dat
Reusing existing connection to physionet.org:443.
HTTP request sent, awaiting response... 200 OK
Length: 24000 (23K) [application/octet-stream]
Saving to: ‘physionet.org/files/ptb-xl/1.0.3/records100/00000/00008_lr.dat’

     0K .......... .......... ...                             100%  188K=0.1s

2026-07-30 10:22:01 (188 KB/s) - ‘physionet.org/files/ptb-xl/1.0.3/records100/00000/00008_lr.dat’ saved [24000/24000]

--2026-07-30 10:22:01--  https://physionet.org/files/ptb-xl/1.0.3/records100/00000/00008_lr.hea
Reusing existing connection to physionet.org:443.
HTTP request sent, awaiting response... 200 OK
Length: 594 [text/plain]
Saving to: ‘physionet.org/files/ptb-xl/1.0.3/records100/00000/00008_lr.hea’

     0K                                                       100% 1.06G=0s

2026-07-30 10:22:01 (1.06 GB/s) - ‘physionet.org/files/ptb-xl/1.0.3/records100/00000/00008_lr.hea’ saved [594/594]

--2026-07-30 10:22:01--  https://physionet.org/files/ptb-xl/1.0.3/records100/00000/00009_lr.dat
Reusing existing connection to physionet.org:443.
HTTP request sent, awaiting response... 200 OK
Length: 24000 (23K) [application/octet-stream]
Saving to: ‘physionet.org/files/ptb-xl/1.0.3/records100/00000/00009_lr.dat’

     0K .......... .......... ...                             100%  183K=0.1s

2026-07-30 10:22:01 (183 KB/s) - ‘physionet.org/files/ptb-xl/1.0.3/records100/00000/00009_lr.dat’ saved [24000/24000]

--2026-07-30 10:22:01--  https://physionet.org/files/ptb-xl/1.0.3/records100/00000/00009_lr.hea
Reusing existing connection to physionet.org:443.
HTTP request sent, awaiting response... 200 OK
Length: 613 [text/plain]
Saving to: ‘physionet.org/files/ptb-xl/1.0.3/records100/00000/00009_lr.hea’

     0K                                                       100% 1.24G=0s

2026-07-30 10:22:01 (1.24 GB/s) - ‘physionet.org/files/ptb-xl/1.0.3/records100/00000/00009_lr.hea’ saved [613/613]

--2026-07-30 10:22:01--  https://physionet.org/files/ptb-xl/1.0.3/records100/00000/00010_lr.dat
Reusing existing connection to physionet.org:443.
HTTP request sent, awaiting response... 200 OK
Length: 24000 (23K) [application/octet-stream]
Saving to: ‘physionet.org/files/ptb-xl/1.0.3/records100/00000/00010_lr.dat’

     0K .......... .......... ...                             100%  197K=0.1s

2026-07-30 10:22:02 (197 KB/s) - ‘physionet.org/files/ptb-xl/1.0.3/records100/00000/00010_lr.dat’ saved [24000/24000]

--2026-07-30 10:22:02--  https://physionet.org/files/ptb-xl/1.0.3/records100/00000/00010_lr.hea
Reusing existing connection to physionet.org:443.
HTTP request sent, awaiting response... 200 OK
Length: 609 [text/plain]
Saving to: ‘physionet.org/files/ptb-xl/1.0.3/records100/00000/00010_lr.hea’

     0K                                                       100% 1.11G=0s

2026-07-30 10:22:02 (1.11 GB/s) - ‘physionet.org/files/ptb-xl/1.0.3/records100/00000/00010_lr.hea’ saved [609/609]

--2026-07-30 10:22:02--  https://physionet.org/files/ptb-xl/1.0.3/records100/00000/00011_lr.dat
Reusing existing connection to physionet.org:443.
HTTP request sent, awaiting response... 200 OK
Length: 24000 (23K) [application/octet-stream]
Saving to: ‘physionet.org/files/ptb-xl/1.0.3/records100/00000/00011_lr.dat’

     0K .......... .......... ...                             100%  214K=0.1s

2026-07-30 10:22:02 (214 KB/s) - ‘physionet.org/files/ptb-xl/1.0.3/records100/00000/00011_lr.dat’ saved [24000/24000]

--2026-07-30 10:22:02--  https://physionet.org/files/ptb-xl/1.0.3/records100/00000/00011_lr.hea
Reusing existing connection to physionet.org:443.
HTTP request sent, awaiting response... 200 OK
Length: 604 [text/plain]
Saving to: ‘physionet.org/files/ptb-xl/1.0.3/records100/00000/00011_lr.hea’

     0K                                                       100% 1.15G=0s

2026-07-30 10:22:03 (1.15 GB/s) - ‘physionet.org/files/ptb-xl/1.0.3/records100/00000/00011_lr.hea’ saved [604/604]

--2026-07-30 10:22:03--  https://physionet.org/files/ptb-xl/1.0.3/records100/00000/00012_lr.dat
Reusing existing connection to physionet.org:443.
HTTP request sent, awaiting response... 200 OK
Length: 24000 (23K) [application/octet-stream]
Saving to: ‘physionet.org/files/ptb-xl/1.0.3/records100/00000/00012_lr.dat’

     0K .......... .......... ...                             100%  209K=0.1s

2026-07-30 10:22:03 (209 KB/s) - ‘physionet.org/files/ptb-xl/1.0.3/records100/00000/00012_lr.dat’ saved [24000/24000]

--2026-07-30 10:22:03--  https://physionet.org/files/ptb-xl/1.0.3/records100/00000/00012_lr.hea
Reusing existing connection to physionet.org:443.
HTTP request sent, awaiting response... 200 OK
Length: 602 [text/plain]
Saving to: ‘physionet.org/files/ptb-xl/1.0.3/records100/00000/00012_lr.hea’

     0K                                                       100% 1.22G=0s

2026-07-30 10:22:03 (1.22 GB/s) - ‘physionet.org/files/ptb-xl/1.0.3/records100/00000/00012_lr.hea’ saved [602/602]

--2026-07-30 10:22:03--  https://physionet.org/files/ptb-xl/1.0.3/records100/00000/00013_lr.dat
Reusing existing connection to physionet.org:443.
HTTP request sent, awaiting response... 200 OK
Length: 24000 (23K) [application/octet-stream]
Saving to: ‘physionet.org/files/ptb-xl/1.0.3/records100/00000/00013_lr.dat’

     0K .......... .......... ...                             100% 84.5K=0.3s

2026-07-30 10:22:04 (84.5 KB/s) - ‘physionet.org/files/ptb-xl/1.0.3/records100/00000/00013_lr.dat’ saved [24000/24000]

--2026-07-30 10:22:04--  https://physionet.org/files/ptb-xl/1.0.3/records100/00000/00013_lr.hea
Reusing existing connection to physionet.org:443.
HTTP request sent, awaiting response... 200 OK
Length: 608 [text/plain]
Saving to: ‘physionet.org/files/ptb-xl/1.0.3/records100/00000/00013_lr.hea’

     0K                                                       100%  562M=0s

2026-07-30 10:22:04 (562 MB/s) - ‘physionet.org/files/ptb-xl/1.0.3/records100/00000/00013_lr.hea’ saved [608/608]

--2026-07-30 10:22:04--  https://physionet.org/files/ptb-xl/1.0.3/records100/00000/00014_lr.dat
Reusing existing connection to physionet.org:443.
HTTP request sent, awaiting response... 200 OK
Length: 24000 (23K) [application/octet-stream]
Saving to: ‘physionet.org/files/ptb-xl/1.0.3/records100/00000/00014_lr.dat’

     0K .......... .......... ...                             100%  166K=0.1s

2026-07-30 10:22:05 (166 KB/s) - ‘physionet.org/files/ptb-xl/1.0.3/records100/00000/00014_lr.dat’ saved [24000/24000]

--2026-07-30 10:22:05--  https://physionet.org/files/ptb-xl/1.0.3/records100/00000/00014_lr.hea
Reusing existing connection to physionet.org:443.
HTTP request sent, awaiting response... 200 OK
Length: 607 [text/plain]
Saving to: ‘physionet.org/files/ptb-xl/1.0.3/records100/00000/00014_lr.hea’

     0K                                                       100%  803M=0s

2026-07-30 10:22:05 (803 MB/s) - ‘physionet.org/files/ptb-xl/1.0.3/records100/00000/00014_lr.hea’ saved [607/607]

--2026-07-30 10:22:05--  https://physionet.org/files/ptb-xl/1.0.3/records100/00000/00015_lr.dat
Reusing existing connection to physionet.org:443.
HTTP request sent, awaiting response... 200 OK
Length: 24000 (23K) [application/octet-stream]
Saving to: ‘physionet.org/files/ptb-xl/1.0.3/records100/00000/00015_lr.dat’

     0K .......... .......... ...                             100%  182K=0.1s

2026-07-30 10:22:05 (182 KB/s) - ‘physionet.org/files/ptb-xl/1.0.3/records100/00000/00015_lr.dat’ saved [24000/24000]

--2026-07-30 10:22:05--  https://physionet.org/files/ptb-xl/1.0.3/records100/00000/00015_lr.hea
Reusing existing connection to physionet.org:443.
HTTP request sent, awaiting response... 200 OK
Length: 600 [text/plain]
Saving to: ‘physionet.org/files/ptb-xl/1.0.3/records100/00000/00015_lr.hea’

     0K                                                       100% 1.14G=0s

2026-07-30 10:22:05 (1.14 GB/s) - ‘physionet.org/files/ptb-xl/1.0.3/records100/00000/00015_lr.hea’ saved [600/600]

--2026-07-30 10:22:05--  https://physionet.org/files/ptb-xl/1.0.3/records100/00000/00016_lr.dat
Reusing existing connection to physionet.org:443.
HTTP request sent, awaiting response... 200 OK
Length: 24000 (23K) [application/octet-stream]
Saving to: ‘physionet.org/files/ptb-xl/1.0.3/records100/00000/00016_lr.dat’

     0K .......... .......... ...                             100%  215K=0.1s

2026-07-30 10:22:06 (215 KB/s) - ‘physionet.org/files/ptb-xl/1.0.3/records100/00000/00016_lr.dat’ saved [24000/24000]

--2026-07-30 10:22:06--  https://physionet.org/files/ptb-xl/1.0.3/records100/00000/00016_lr.hea
Reusing existing connection to physionet.org:443.
HTTP request sent, awaiting response... 200 OK
Length: 599 [text/plain]
Saving to: ‘physionet.org/files/ptb-xl/1.0.3/records100/00000/00016_lr.hea’

     0K                                                       100% 1.01G=0s

2026-07-30 10:22:06 (1.01 GB/s) - ‘physionet.org/files/ptb-xl/1.0.3/records100/00000/00016_lr.hea’ saved [599/599]

--2026-07-30 10:22:06--  https://physionet.org/files/ptb-xl/1.0.3/records100/00000/00017_lr.dat
Reusing existing connection to physionet.org:443.
HTTP request sent, awaiting response... 200 OK
Length: 24000 (23K) [application/octet-stream]
Saving to: ‘physionet.org/files/ptb-xl/1.0.3/records100/00000/00017_lr.dat’

     0K .......... .......... ...                             100% 86.7K=0.3s

2026-07-30 10:22:07 (86.7 KB/s) - ‘physionet.org/files/ptb-xl/1.0.3/records100/00000/00017_lr.dat’ saved [24000/24000]

--2026-07-30 10:22:07--  https://physionet.org/files/ptb-xl/1.0.3/records100/00000/00017_lr.hea
Reusing existing connection to physionet.org:443.
HTTP request sent, awaiting response... 200 OK
Length: 609 [text/plain]
Saving to: ‘physionet.org/files/ptb-xl/1.0.3/records100/00000/00017_lr.hea’

     0K                                                       100% 1.11G=0s

2026-07-30 10:22:07 (1.11 GB/s) - ‘physionet.org/files/ptb-xl/1.0.3/records100/00000/00017_lr.hea’ saved [609/609]

--2026-07-30 10:22:07--  https://physionet.org/files/ptb-xl/1.0.3/records100/00000/00018_lr.dat
Reusing existing connection to physionet.org:443.
HTTP request sent, awaiting response... 200 OK
Length: 24000 (23K) [application/octet-stream]
Saving to: ‘physionet.org/files/ptb-xl/1.0.3/records100/00000/00018_lr.dat’

     0K .......... .......... ...                             100%  729K=0.03s

2026-07-30 10:22:07 (729 KB/s) - ‘physionet.org/files/ptb-xl/1.0.3/records100/00000/00018_lr.dat’ saved [24000/24000]

--2026-07-30 10:22:07--  https://physionet.org/files/ptb-xl/1.0.3/records100/00000/00018_lr.hea
Reusing existing connection to physionet.org:443.
HTTP request sent, awaiting response... 200 OK
Length: 597 [text/plain]
Saving to: ‘physionet.org/files/ptb-xl/1.0.3/records100/00000/00018_lr.hea’

     0K                                                       100% 1.18G=0s

2026-07-30 10:22:07 (1.18 GB/s) - ‘physionet.org/files/ptb-xl/1.0.3/records100/00000/00018_lr.hea’ saved [597/597]

--2026-07-30 10:22:07--  https://physionet.org/files/ptb-xl/1.0.3/records100/00000/00019_lr.dat
Reusing existing connection to physionet.org:443.
HTTP request sent, awaiting response... 200 OK
Length: 24000 (23K) [application/octet-stream]
Saving to: ‘physionet.org/files/ptb-xl/1.0.3/records100/00000/00019_lr.dat’

     0K .......... .......... ...                             100%  166K=0.1s

2026-07-30 10:22:08 (166 KB/s) - ‘physionet.org/files/ptb-xl/1.0.3/records100/00000/00019_lr.dat’ saved [24000/24000]

--2026-07-30 10:22:08--  https://physionet.org/files/ptb-xl/1.0.3/records100/00000/00019_lr.hea
Reusing existing connection to physionet.org:443.
HTTP request sent, awaiting response... 200 OK
Length: 610 [text/plain]
Saving to: ‘physionet.org/files/ptb-xl/1.0.3/records100/00000/00019_lr.hea’

     0K                                                       100% 1.09G=0s

2026-07-30 10:22:08 (1.09 GB/s) - ‘physionet.org/files/ptb-xl/1.0.3/records100/00000/00019_lr.hea’ saved [610/610]

--2026-07-30 10:22:08--  https://physionet.org/files/ptb-xl/1.0.3/records100/00000/00020_lr.dat
Reusing existing connection to physionet.org:443.
HTTP request sent, awaiting response... 200 OK
Length: 24000 (23K) [application/octet-stream]
Saving to: ‘physionet.org/files/ptb-xl/1.0.3/records100/00000/00020_lr.dat’

     0K .......... .......... ...                             100%  183K=0.1s

2026-07-30 10:22:09 (183 KB/s) - ‘physionet.org/files/ptb-xl/1.0.3/records100/00000/00020_lr.dat’ saved [24000/24000]

--2026-07-30 10:22:09--  https://physionet.org/files/ptb-xl/1.0.3/records100/00000/00020_lr.hea
Reusing existing connection to physionet.org:443.
HTTP request sent, awaiting response... 200 OK
Length: 594 [text/plain]
Saving to: ‘physionet.org/files/ptb-xl/1.0.3/records100/00000/00020_lr.hea’

     0K                                                       100% 1.26G=0s

2026-07-30 10:22:09 (1.26 GB/s) - ‘physionet.org/files/ptb-xl/1.0.3/records100/00000/00020_lr.hea’ saved [594/594]

--2026-07-30 10:22:09--  https://physionet.org/files/ptb-xl/1.0.3/records100/00000/00021_lr.dat
Reusing existing connection to physionet.org:443.
HTTP request sent, awaiting response... 200 OK
Length: 24000 (23K) [application/octet-stream]
Saving to: ‘physionet.org/files/ptb-xl/1.0.3/records100/00000/00021_lr.dat’

     0K .......... .......... ...                             100%  186K=0.1s

2026-07-30 10:22:09 (186 KB/s) - ‘physionet.org/files/ptb-xl/1.0.3/records100/00000/00021_lr.dat’ saved [24000/24000]

--2026-07-30 10:22:09--  https://physionet.org/files/ptb-xl/1.0.3/records100/00000/00021_lr.hea
Reusing existing connection to physionet.org:443.
HTTP request sent, awaiting response... 200 OK
Length: 605 [text/plain]
Saving to: ‘physionet.org/files/ptb-xl/1.0.3/records100/00000/00021_lr.hea’

     0K                                                       100% 1.13G=0s

2026-07-30 10:22:09 (1.13 GB/s) - ‘physionet.org/files/ptb-xl/1.0.3/records100/00000/00021_lr.hea’ saved [605/605]

--2026-07-30 10:22:09--  https://physionet.org/files/ptb-xl/1.0.3/records100/00000/00022_lr.dat
Reusing existing connection to physionet.org:443.
HTTP request sent, awaiting response... 200 OK
Length: 24000 (23K) [application/octet-stream]
Saving to: ‘physionet.org/files/ptb-xl/1.0.3/records100/00000/00022_lr.dat’

     0K .......... .......... ...                             100%  181K=0.1s

2026-07-30 10:22:10 (181 KB/s) - ‘physionet.org/files/ptb-xl/1.0.3/records100/00000/00022_lr.dat’ saved [24000/24000]

--2026-07-30 10:22:10--  https://physionet.org/files/ptb-xl/1.0.3/records100/00000/00022_lr.hea
Reusing existing connection to physionet.org:443.
HTTP request sent, awaiting response... 200 OK
Length: 594 [text/plain]
Saving to: ‘physionet.org/files/ptb-xl/1.0.3/records100/00000/00022_lr.hea’

     0K                                                       100% 2.04G=0s

2026-07-30 10:22:10 (2.04 GB/s) - ‘physionet.org/files/ptb-xl/1.0.3/records100/00000/00022_lr.hea’ saved [594/594]

--2026-07-30 10:22:10--  https://physionet.org/files/ptb-xl/1.0.3/records100/00000/00023_lr.dat
Reusing existing connection to physionet.org:443.
HTTP request sent, awaiting response... 200 OK
Length: 24000 (23K) [application/octet-stream]
Saving to: ‘physionet.org/files/ptb-xl/1.0.3/records100/00000/00023_lr.dat’

     0K .......... .......... ...                             100%  184K=0.1s

2026-07-30 10:22:10 (184 KB/s) - ‘physionet.org/files/ptb-xl/1.0.3/records100/00000/00023_lr.dat’ saved [24000/24000]

--2026-07-30 10:22:10--  https://physionet.org/files/ptb-xl/1.0.3/records100/00000/00023_lr.hea
Reusing existing connection to physionet.org:443.
HTTP request sent, awaiting response... 200 OK
Length: 613 [text/plain]
Saving to: ‘physionet.org/files/ptb-xl/1.0.3/records100/00000/00023_lr.hea’

     0K                                                       100% 1.97G=0s

2026-07-30 10:22:11 (1.97 GB/s) - ‘physionet.org/files/ptb-xl/1.0.3/records100/00000/00023_lr.hea’ saved [613/613]

--2026-07-30 10:22:11--  https://physionet.org/files/ptb-xl/1.0.3/records100/00000/00024_lr.dat
Reusing existing connection to physionet.org:443.
HTTP request sent, awaiting response... 200 OK
Length: 24000 (23K) [application/octet-stream]
Saving to: ‘physionet.org/files/ptb-xl/1.0.3/records100/00000/00024_lr.dat’

     0K .......... .......... ...                             100%  183K=0.1s

2026-07-30 10:22:11 (183 KB/s) - ‘physionet.org/files/ptb-xl/1.0.3/records100/00000/00024_lr.dat’ saved [24000/24000]

--2026-07-30 10:22:11--  https://physionet.org/files/ptb-xl/1.0.3/records100/00000/00024_lr.hea
Reusing existing connection to physionet.org:443.
HTTP request sent, awaiting response... 200 OK
Length: 596 [text/plain]
Saving to: ‘physionet.org/files/ptb-xl/1.0.3/records100/00000/00024_lr.hea’

     0K                                                       100% 1.73G=0s

2026-07-30 10:22:11 (1.73 GB/s) - ‘physionet.org/files/ptb-xl/1.0.3/records100/00000/00024_lr.hea’ saved [596/596]

--2026-07-30 10:22:11--  https://physionet.org/files/ptb-xl/1.0.3/records100/00000/00025_lr.dat
Reusing existing connection to physionet.org:443.
HTTP request sent, awaiting response... 200 OK
Length: 24000 (23K) [application/octet-stream]
Saving to: ‘physionet.org/files/ptb-xl/1.0.3/records100/00000/00025_lr.dat’

     0K .......... .......... ...                             100%  185K=0.1s

2026-07-30 10:22:12 (185 KB/s) - ‘physionet.org/files/ptb-xl/1.0.3/records100/00000/00025_lr.dat’ saved [24000/24000]

--2026-07-30 10:22:12--  https://physionet.org/files/ptb-xl/1.0.3/records100/00000/00025_lr.hea
Reusing existing connection to physionet.org:443.
HTTP request sent, awaiting response... 200 OK
Length: 601 [text/plain]
Saving to: ‘physionet.org/files/ptb-xl/1.0.3/records100/00000/00025_lr.hea’

     0K                                                       100% 1.02G=0s

2026-07-30 10:22:12 (1.02 GB/s) - ‘physionet.org/files/ptb-xl/1.0.3/records100/00000/00025_lr.hea’ saved [601/601]

--2026-07-30 10:22:12--  https://physionet.org/files/ptb-xl/1.0.3/records100/00000/00026_lr.dat
Reusing existing connection to physionet.org:443.
HTTP request sent, awaiting response... 200 OK
Length: 24000 (23K) [application/octet-stream]
Saving to: ‘physionet.org/files/ptb-xl/1.0.3/records100/00000/00026_lr.dat’

     0K .......... .......... ...                             100%  208K=0.1s

2026-07-30 10:22:12 (208 KB/s) - ‘physionet.org/files/ptb-xl/1.0.3/records100/00000/00026_lr.dat’ saved [24000/24000]

--2026-07-30 10:22:12--  https://physionet.org/files/ptb-xl/1.0.3/records100/00000/00026_lr.hea
Reusing existing connection to physionet.org:443.
HTTP request sent, awaiting response... 200 OK
Length: 613 [text/plain]
Saving to: ‘physionet.org/files/ptb-xl/1.0.3/records100/00000/00026_lr.hea’

     0K                                                       100% 2.20G=0s

2026-07-30 10:22:13 (2.20 GB/s) - ‘physionet.org/files/ptb-xl/1.0.3/records100/00000/00026_lr.hea’ saved [613/613]

--2026-07-30 10:22:13--  https://physionet.org/files/ptb-xl/1.0.3/records100/00000/00027_lr.dat
Reusing existing connection to physionet.org:443.
HTTP request sent, awaiting response... 200 OK
Length: 24000 (23K) [application/octet-stream]
Saving to: ‘physionet.org/files/ptb-xl/1.0.3/records100/00000/00027_lr.dat’

     0K .......... .......... ...                             100% 84.5K=0.3s

2026-07-30 10:22:13 (84.5 KB/s) - ‘physionet.org/files/ptb-xl/1.0.3/records100/00000/00027_lr.dat’ saved [24000/24000]

--2026-07-30 10:22:13--  https://physionet.org/files/ptb-xl/1.0.3/records100/00000/00027_lr.hea
Reusing existing connection to physionet.org:443.
HTTP request sent, awaiting response... 200 OK
Length: 598 [text/plain]
Saving to: ‘physionet.org/files/ptb-xl/1.0.3/records100/00000/00027_lr.hea’

     0K                                                       100%  695M=0s

2026-07-30 10:22:13 (695 MB/s) - ‘physionet.org/files/ptb-xl/1.0.3/records100/00000/00027_lr.hea’ saved [598/598]

--2026-07-30 10:22:13--  https://physionet.org/files/ptb-xl/1.0.3/records100/00000/00028_lr.dat
Reusing existing connection to physionet.org:443.
HTTP request sent, awaiting response... 200 OK
Length: 24000 (23K) [application/octet-stream]
Saving to: ‘physionet.org/files/ptb-xl/1.0.3/records100/00000/00028_lr.dat’

     0K .......... .......... ...                             100%  772K=0.03s

2026-07-30 10:22:14 (772 KB/s) - ‘physionet.org/files/ptb-xl/1.0.3/records100/00000/00028_lr.dat’ saved [24000/24000]

--2026-07-30 10:22:14--  https://physionet.org/files/ptb-xl/1.0.3/records100/00000/00028_lr.hea
Reusing existing connection to physionet.org:443.
HTTP request sent, awaiting response... 200 OK
Length: 599 [text/plain]
Saving to: ‘physionet.org/files/ptb-xl/1.0.3/records100/00000/00028_lr.hea’

     0K                                                       100% 1.14G=0s

2026-07-30 10:22:14 (1.14 GB/s) - ‘physionet.org/files/ptb-xl/1.0.3/records100/00000/00028_lr.hea’ saved [599/599]

--2026-07-30 10:22:14--  https://physionet.org/files/ptb-xl/1.0.3/records100/00000/00029_lr.dat
Reusing existing connection to physionet.org:443.
HTTP request sent, awaiting response... 200 OK
Length: 24000 (23K) [application/octet-stream]
Saving to: ‘physionet.org/files/ptb-xl/1.0.3/records100/00000/00029_lr.dat’

     0K .......... .......... ...                             100%  183K=0.1s

2026-07-30 10:22:14 (183 KB/s) - ‘physionet.org/files/ptb-xl/1.0.3/records100/00000/00029_lr.dat’ saved [24000/24000]

--2026-07-30 10:22:14--  https://physionet.org/files/ptb-xl/1.0.3/records100/00000/00029_lr.hea
Reusing existing connection to physionet.org:443.
HTTP request sent, awaiting response... 200 OK
Length: 602 [text/plain]
Saving to: ‘physionet.org/files/ptb-xl/1.0.3/records100/00000/00029_lr.hea’

     0K                                                       100% 1.19G=0s

2026-07-30 10:22:15 (1.19 GB/s) - ‘physionet.org/files/ptb-xl/1.0.3/records100/00000/00029_lr.hea’ saved [602/602]

--2026-07-30 10:22:15--  https://physionet.org/files/ptb-xl/1.0.3/records100/00000/00030_lr.dat
Reusing existing connection to physionet.org:443.
HTTP request sent, awaiting response... 200 OK
Length: 24000 (23K) [application/octet-stream]
Saving to: ‘physionet.org/files/ptb-xl/1.0.3/records100/00000/00030_lr.dat’

     0K .......... .......... ...                             100%  182K=0.1s

2026-07-30 10:22:15 (182 KB/s) - ‘physionet.org/files/ptb-xl/1.0.3/records100/00000/00030_lr.dat’ saved [24000/24000]

--2026-07-30 10:22:15--  https://physionet.org/files/ptb-xl/1.0.3/records100/00000/00030_lr.hea
Reusing existing connection to physionet.org:443.
HTTP request sent, awaiting response... 200 OK
Length: 604 [text/plain]
Saving to: ‘physionet.org/files/ptb-xl/1.0.3/records100/00000/00030_lr.hea’

     0K                                                       100% 1.22G=0s

2026-07-30 10:22:15 (1.22 GB/s) - ‘physionet.org/files/ptb-xl/1.0.3/records100/00000/00030_lr.hea’ saved [604/604]

--2026-07-30 10:22:15--  https://physionet.org/files/ptb-xl/1.0.3/records100/00000/00031_lr.dat
Reusing existing connection to physionet.org:443.
HTTP request sent, awaiting response... 200 OK
Length: 24000 (23K) [application/octet-stream]
Saving to: ‘physionet.org/files/ptb-xl/1.0.3/records100/00000/00031_lr.dat’

     0K .......... .......... ...                             100%  205K=0.1s

2026-07-30 10:22:16 (205 KB/s) - ‘physionet.org/files/ptb-xl/1.0.3/records100/00000/00031_lr.dat’ saved [24000/24000]

--2026-07-30 10:22:16--  https://physionet.org/files/ptb-xl/1.0.3/records100/00000/00031_lr.hea
Reusing existing connection to physionet.org:443.
HTTP request sent, awaiting response... 200 OK
Length: 596 [text/plain]
Saving to: ‘physionet.org/files/ptb-xl/1.0.3/records100/00000/00031_lr.hea’

     0K                                                       100% 1.05G=0s

2026-07-30 10:22:16 (1.05 GB/s) - ‘physionet.org/files/ptb-xl/1.0.3/records100/00000/00031_lr.hea’ saved [596/596]

--2026-07-30 10:22:16--  https://physionet.org/files/ptb-xl/1.0.3/records100/00000/00032_lr.dat
Reusing existing connection to physionet.org:443.
HTTP request sent, awaiting response... 200 OK
Length: 24000 (23K) [application/octet-stream]
Saving to: ‘physionet.org/files/ptb-xl/1.0.3/records100/00000/00032_lr.dat’

     0K .......... .......... ...                             100%  210K=0.1s

2026-07-30 10:22:16 (210 KB/s) - ‘physionet.org/files/ptb-xl/1.0.3/records100/00000/00032_lr.dat’ saved [24000/24000]

--2026-07-30 10:22:16--  https://physionet.org/files/ptb-xl/1.0.3/records100/00000/00032_lr.hea
Reusing existing connection to physionet.org:443.
HTTP request sent, awaiting response... 200 OK
Length: 611 [text/plain]
Saving to: ‘physionet.org/files/ptb-xl/1.0.3/records100/00000/00032_lr.hea’

     0K                                                       100% 1.50G=0s

2026-07-30 10:22:17 (1.50 GB/s) - ‘physionet.org/files/ptb-xl/1.0.3/records100/00000/00032_lr.hea’ saved [611/611]

--2026-07-30 10:22:17--  https://physionet.org/files/ptb-xl/1.0.3/records100/00000/00033_lr.dat
Reusing existing connection to physionet.org:443.
HTTP request sent, awaiting response... 200 OK
Length: 24000 (23K) [application/octet-stream]
Saving to: ‘physionet.org/files/ptb-xl/1.0.3/records100/00000/00033_lr.dat’

     0K .......... .......... ...                             100%  205K=0.1s

2026-07-30 10:22:17 (205 KB/s) - ‘physionet.org/files/ptb-xl/1.0.3/records100/00000/00033_lr.dat’ saved [24000/24000]

--2026-07-30 10:22:17--  https://physionet.org/files/ptb-xl/1.0.3/records100/00000/00033_lr.hea
Reusing existing connection to physionet.org:443.
HTTP request sent, awaiting response... 200 OK
Length: 609 [text/plain]
Saving to: ‘physionet.org/files/ptb-xl/1.0.3/records100/00000/00033_lr.hea’

     0K                                                       100% 1.23G=0s

2026-07-30 10:22:17 (1.23 GB/s) - ‘physionet.org/files/ptb-xl/1.0.3/records100/00000/00033_lr.hea’ saved [609/609]

--2026-07-30 10:22:17--  https://physionet.org/files/ptb-xl/1.0.3/records100/00000/00034_lr.dat
Reusing existing connection to physionet.org:443.
HTTP request sent, awaiting response... 200 OK
Length: 24000 (23K) [application/octet-stream]
Saving to: ‘physionet.org/files/ptb-xl/1.0.3/records100/00000/00034_lr.dat’

     0K .......... .......... ...                             100%  205K=0.1s

2026-07-30 10:22:18 (205 KB/s) - ‘physionet.org/files/ptb-xl/1.0.3/records100/00000/00034_lr.dat’ saved [24000/24000]

--2026-07-30 10:22:18--  https://physionet.org/files/ptb-xl/1.0.3/records100/00000/00034_lr.hea
Reusing existing connection to physionet.org:443.
HTTP request sent, awaiting response... 200 OK
Length: 604 [text/plain]
Saving to: ‘physionet.org/files/ptb-xl/1.0.3/records100/00000/00034_lr.hea’

     0K                                                       100% 1.20G=0s

2026-07-30 10:22:18 (1.20 GB/s) - ‘physionet.org/files/ptb-xl/1.0.3/records100/00000/00034_lr.hea’ saved [604/604]

--2026-07-30 10:22:18--  https://physionet.org/files/ptb-xl/1.0.3/records100/00000/00035_lr.dat
Reusing existing connection to physionet.org:443.
HTTP request sent, awaiting response... 200 OK
Length: 24000 (23K) [application/octet-stream]
Saving to: ‘physionet.org/files/ptb-xl/1.0.3/records100/00000/00035_lr.dat’

     0K .......... .......... ...                             100%  206K=0.1s

2026-07-30 10:22:18 (206 KB/s) - ‘physionet.org/files/ptb-xl/1.0.3/records100/00000/00035_lr.dat’ saved [24000/24000]

--2026-07-30 10:22:18--  https://physionet.org/files/ptb-xl/1.0.3/records100/00000/00035_lr.hea
Reusing existing connection to physionet.org:443.
HTTP request sent, awaiting response... 200 OK
Length: 598 [text/plain]
Saving to: ‘physionet.org/files/ptb-xl/1.0.3/records100/00000/00035_lr.hea’

     0K                                                       100% 1.18G=0s

2026-07-30 10:22:18 (1.18 GB/s) - ‘physionet.org/files/ptb-xl/1.0.3/records100/00000/00035_lr.hea’ saved [598/598]

--2026-07-30 10:22:18--  https://physionet.org/files/ptb-xl/1.0.3/records100/00000/00036_lr.dat
Reusing existing connection to physionet.org:443.
HTTP request sent, awaiting response... 200 OK
Length: 24000 (23K) [application/octet-stream]
Saving to: ‘physionet.org/files/ptb-xl/1.0.3/records100/00000/00036_lr.dat’

     0K .......... .......... ...                             100%  200K=0.1s

2026-07-30 10:22:19 (200 KB/s) - ‘physionet.org/files/ptb-xl/1.0.3/records100/00000/00036_lr.dat’ saved [24000/24000]

--2026-07-30 10:22:19--  https://physionet.org/files/ptb-xl/1.0.3/records100/00000/00036_lr.hea
Reusing existing connection to physionet.org:443.
HTTP request sent, awaiting response... 200 OK
Length: 607 [text/plain]
Saving to: ‘physionet.org/files/ptb-xl/1.0.3/records100/00000/00036_lr.hea’

     0K                                                       100%  771M=0s

2026-07-30 10:22:19 (771 MB/s) - ‘physionet.org/files/ptb-xl/1.0.3/records100/00000/00036_lr.hea’ saved [607/607]

--2026-07-30 10:22:19--  https://physionet.org/files/ptb-xl/1.0.3/records100/00000/00037_lr.dat
Reusing existing connection to physionet.org:443.
HTTP request sent, awaiting response... 200 OK
Length: 24000 (23K) [application/octet-stream]
Saving to: ‘physionet.org/files/ptb-xl/1.0.3/records100/00000/00037_lr.dat’

     0K .......... .......... ...                             100%  205K=0.1s

2026-07-30 10:22:19 (205 KB/s) - ‘physionet.org/files/ptb-xl/1.0.3/records100/00000/00037_lr.dat’ saved [24000/24000]

--2026-07-30 10:22:19--  https://physionet.org/files/ptb-xl/1.0.3/records100/00000/00037_lr.hea
Reusing existing connection to physionet.org:443.
HTTP request sent, awaiting response... 200 OK
Length: 601 [text/plain]
Saving to: ‘physionet.org/files/ptb-xl/1.0.3/records100/00000/00037_lr.hea’

     0K                                                       100% 1.12G=0s

2026-07-30 10:22:20 (1.12 GB/s) - ‘physionet.org/files/ptb-xl/1.0.3/records100/00000/00037_lr.hea’ saved [601/601]

--2026-07-30 10:22:20--  https://physionet.org/files/ptb-xl/1.0.3/records100/00000/00038_lr.dat
Reusing existing connection to physionet.org:443.
HTTP request sent, awaiting response... 200 OK
Length: 24000 (23K) [application/octet-stream]
Saving to: ‘physionet.org/files/ptb-xl/1.0.3/records100/00000/00038_lr.dat’

     0K .......... .......... ...                             100%  204K=0.1s

2026-07-30 10:22:20 (204 KB/s) - ‘physionet.org/files/ptb-xl/1.0.3/records100/00000/00038_lr.dat’ saved [24000/24000]

--2026-07-30 10:22:20--  https://physionet.org/files/ptb-xl/1.0.3/records100/00000/00038_lr.hea
Reusing existing connection to physionet.org:443.
HTTP request sent, awaiting response... 200 OK
Length: 606 [text/plain]
Saving to: ‘physionet.org/files/ptb-xl/1.0.3/records100/00000/00038_lr.hea’

     0K                                                       100%  813M=0s

2026-07-30 10:22:20 (813 MB/s) - ‘physionet.org/files/ptb-xl/1.0.3/records100/00000/00038_lr.hea’ saved [606/606]

--2026-07-30 10:22:20--  https://physionet.org/files/ptb-xl/1.0.3/records100/00000/00039_lr.dat
Reusing existing connection to physionet.org:443.
HTTP request sent, awaiting response... 200 OK
Length: 24000 (23K) [application/octet-stream]
Saving to: ‘physionet.org/files/ptb-xl/1.0.3/records100/00000/00039_lr.dat’

     0K .......... .......... ...                             100%  202K=0.1s

2026-07-30 10:22:21 (202 KB/s) - ‘physionet.org/files/ptb-xl/1.0.3/records100/00000/00039_lr.dat’ saved [24000/24000]

--2026-07-30 10:22:21--  https://physionet.org/files/ptb-xl/1.0.3/records100/00000/00039_lr.hea
Reusing existing connection to physionet.org:443.
HTTP request sent, awaiting response... 200 OK
Length: 599 [text/plain]
Saving to: ‘physionet.org/files/ptb-xl/1.0.3/records100/00000/00039_lr.hea’

     0K                                                       100% 2.23G=0s

2026-07-30 10:22:21 (2.23 GB/s) - ‘physionet.org/files/ptb-xl/1.0.3/records100/00000/00039_lr.hea’ saved [599/599]

--2026-07-30 10:22:21--  https://physionet.org/files/ptb-xl/1.0.3/records100/00000/00040_lr.dat
Reusing existing connection to physionet.org:443.
HTTP request sent, awaiting response... 200 OK
Length: 24000 (23K) [application/octet-stream]
Saving to: ‘physionet.org/files/ptb-xl/1.0.3/records100/00000/00040_lr.dat’

     0K .......... .......... ...                             100% 83.2K=0.3s

2026-07-30 10:22:21 (83.2 KB/s) - ‘physionet.org/files/ptb-xl/1.0.3/records100/00000/00040_lr.dat’ saved [24000/24000]

--2026-07-30 10:22:21--  https://physionet.org/files/ptb-xl/1.0.3/records100/00000/00040_lr.hea
Reusing existing connection to physionet.org:443.
HTTP request sent, awaiting response... 200 OK
Length: 603 [text/plain]
Saving to: ‘physionet.org/files/ptb-xl/1.0.3/records100/00000/00040_lr.hea’

     0K                                                       100% 1.17G=0s

2026-07-30 10:22:22 (1.17 GB/s) - ‘physionet.org/files/ptb-xl/1.0.3/records100/00000/00040_lr.hea’ saved [603/603]

--2026-07-30 10:22:22--  https://physionet.org/files/ptb-xl/1.0.3/records100/00000/00041_lr.dat
Reusing existing connection to physionet.org:443.
HTTP request sent, awaiting response... 200 OK
Length: 24000 (23K) [application/octet-stream]
Saving to: ‘physionet.org/files/ptb-xl/1.0.3/records100/00000/00041_lr.dat’

     0K .......... .......... ...                             100%  166K=0.1s

2026-07-30 10:22:22 (166 KB/s) - ‘physionet.org/files/ptb-xl/1.0.3/records100/00000/00041_lr.dat’ saved [24000/24000]

--2026-07-30 10:22:22--  https://physionet.org/files/ptb-xl/1.0.3/records100/00000/00041_lr.hea
Reusing existing connection to physionet.org:443.
HTTP request sent, awaiting response... 200 OK
Length: 599 [text/plain]
Saving to: ‘physionet.org/files/ptb-xl/1.0.3/records100/00000/00041_lr.hea’

     0K                                                       100% 1.07G=0s

2026-07-30 10:22:22 (1.07 GB/s) - ‘physionet.org/files/ptb-xl/1.0.3/records100/00000/00041_lr.hea’ saved [599/599]

--2026-07-30 10:22:22--  https://physionet.org/files/ptb-xl/1.0.3/records100/00000/00042_lr.dat
Reusing existing connection to physionet.org:443.
HTTP request sent, awaiting response... 200 OK
Length: 24000 (23K) [application/octet-stream]
Saving to: ‘physionet.org/files/ptb-xl/1.0.3/records100/00000/00042_lr.dat’

     0K .......... .......... ...                             100%  183K=0.1s

2026-07-30 10:22:23 (183 KB/s) - ‘physionet.org/files/ptb-xl/1.0.3/records100/00000/00042_lr.dat’ saved [24000/24000]

--2026-07-30 10:22:23--  https://physionet.org/files/ptb-xl/1.0.3/records100/00000/00042_lr.hea
Reusing existing connection to physionet.org:443.
HTTP request sent, awaiting response... 200 OK
Length: 599 [text/plain]
Saving to: ‘physionet.org/files/ptb-xl/1.0.3/records100/00000/00042_lr.hea’

     0K                                                       100% 1002M=0s

2026-07-30 10:22:23 (1002 MB/s) - ‘physionet.org/files/ptb-xl/1.0.3/records100/00000/00042_lr.hea’ saved [599/599]

--2026-07-30 10:22:23--  https://physionet.org/files/ptb-xl/1.0.3/records100/00000/00043_lr.dat
Reusing existing connection to physionet.org:443.
HTTP request sent, awaiting response... 200 OK
Length: 24000 (23K) [application/octet-stream]
Saving to: ‘physionet.org/files/ptb-xl/1.0.3/records100/00000/00043_lr.dat’

     0K .......... .......... ...                             100%  209K=0.1s

2026-07-30 10:22:23 (209 KB/s) - ‘physionet.org/files/ptb-xl/1.0.3/records100/00000/00043_lr.dat’ saved [24000/24000]

--2026-07-30 10:22:23--  https://physionet.org/files/ptb-xl/1.0.3/records100/00000/00043_lr.hea
Reusing existing connection to physionet.org:443.
HTTP request sent, awaiting response... 200 OK
Length: 605 [text/plain]
Saving to: ‘physionet.org/files/ptb-xl/1.0.3/records100/00000/00043_lr.hea’

     0K                                                       100%  768M=0s

2026-07-30 10:22:24 (768 MB/s) - ‘physionet.org/files/ptb-xl/1.0.3/records100/00000/00043_lr.hea’ saved [605/605]

--2026-07-30 10:22:24--  https://physionet.org/files/ptb-xl/1.0.3/records100/00000/00044_lr.dat
Reusing existing connection to physionet.org:443.
HTTP request sent, awaiting response... 200 OK
Length: 24000 (23K) [application/octet-stream]
Saving to: ‘physionet.org/files/ptb-xl/1.0.3/records100/00000/00044_lr.dat’

     0K .......... .......... ...                             100%  207K=0.1s

2026-07-30 10:22:24 (207 KB/s) - ‘physionet.org/files/ptb-xl/1.0.3/records100/00000/00044_lr.dat’ saved [24000/24000]

--2026-07-30 10:22:24--  https://physionet.org/files/ptb-xl/1.0.3/records100/00000/00044_lr.hea
Reusing existing connection to physionet.org:443.
HTTP request sent, awaiting response... 200 OK
Length: 598 [text/plain]
Saving to: ‘physionet.org/files/ptb-xl/1.0.3/records100/00000/00044_lr.hea’

     0K                                                       100% 2.13G=0s

2026-07-30 10:22:24 (2.13 GB/s) - ‘physionet.org/files/ptb-xl/1.0.3/records100/00000/00044_lr.hea’ saved [598/598]

--2026-07-30 10:22:24--  https://physionet.org/files/ptb-xl/1.0.3/records100/00000/00045_lr.dat
Reusing existing connection to physionet.org:443.
HTTP request sent, awaiting response... 200 OK
Length: 24000 (23K) [application/octet-stream]
Saving to: ‘physionet.org/files/ptb-xl/1.0.3/records100/00000/00045_lr.dat’

     0K .......... .......... ...                             100% 82.2K=0.3s

2026-07-30 10:22:25 (82.2 KB/s) - ‘physionet.org/files/ptb-xl/1.0.3/records100/00000/00045_lr.dat’ saved [24000/24000]

--2026-07-30 10:22:25--  https://physionet.org/files/ptb-xl/1.0.3/records100/00000/00045_lr.hea
Reusing existing connection to physionet.org:443.
HTTP request sent, awaiting response... 200 OK
Length: 607 [text/plain]
Saving to: ‘physionet.org/files/ptb-xl/1.0.3/records100/00000/00045_lr.hea’

     0K                                                       100% 2.09G=0s

2026-07-30 10:22:25 (2.09 GB/s) - ‘physionet.org/files/ptb-xl/1.0.3/records100/00000/00045_lr.hea’ saved [607/607]

--2026-07-30 10:22:25--  https://physionet.org/files/ptb-xl/1.0.3/records100/00000/00046_lr.dat
Reusing existing connection to physionet.org:443.
HTTP request sent, awaiting response... 200 OK
Length: 24000 (23K) [application/octet-stream]
Saving to: ‘physionet.org/files/ptb-xl/1.0.3/records100/00000/00046_lr.dat’

     0K .......... .......... ...                             100%  163K=0.1s

2026-07-30 10:22:26 (163 KB/s) - ‘physionet.org/files/ptb-xl/1.0.3/records100/00000/00046_lr.dat’ saved [24000/24000]

--2026-07-30 10:22:26--  https://physionet.org/files/ptb-xl/1.0.3/records100/00000/00046_lr.hea
Reusing existing connection to physionet.org:443.
HTTP request sent, awaiting response... 200 OK
Length: 609 [text/plain]
Saving to: ‘physionet.org/files/ptb-xl/1.0.3/records100/00000/00046_lr.hea’

     0K                                                       100%  806M=0s

2026-07-30 10:22:26 (806 MB/s) - ‘physionet.org/files/ptb-xl/1.0.3/records100/00000/00046_lr.hea’ saved [609/609]

--2026-07-30 10:22:26--  https://physionet.org/files/ptb-xl/1.0.3/records100/00000/00047_lr.dat
Reusing existing connection to physionet.org:443.
HTTP request sent, awaiting response... 200 OK
Length: 24000 (23K) [application/octet-stream]
Saving to: ‘physionet.org/files/ptb-xl/1.0.3/records100/00000/00047_lr.dat’

     0K .......... .......... ...                             100%  177K=0.1s

2026-07-30 10:22:26 (177 KB/s) - ‘physionet.org/files/ptb-xl/1.0.3/records100/00000/00047_lr.dat’ saved [24000/24000]

--2026-07-30 10:22:26--  https://physionet.org/files/ptb-xl/1.0.3/records100/00000/00047_lr.hea
Reusing existing connection to physionet.org:443.
HTTP request sent, awaiting response... 200 OK
Length: 600 [text/plain]
Saving to: ‘physionet.org/files/ptb-xl/1.0.3/records100/00000/00047_lr.hea’

     0K                                                       100%  985M=0s

2026-07-30 10:22:26 (985 MB/s) - ‘physionet.org/files/ptb-xl/1.0.3/records100/00000/00047_lr.hea’ saved [600/600]

--2026-07-30 10:22:26--  https://physionet.org/files/ptb-xl/1.0.3/records100/00000/00048_lr.dat
Reusing existing connection to physionet.org:443.
HTTP request sent, awaiting response... 200 OK
Length: 24000 (23K) [application/octet-stream]
Saving to: ‘physionet.org/files/ptb-xl/1.0.3/records100/00000/00048_lr.dat’

     0K .......... .......... ...                             100%  208K=0.1s

2026-07-30 10:22:27 (208 KB/s) - ‘physionet.org/files/ptb-xl/1.0.3/records100/00000/00048_lr.dat’ saved [24000/24000]

--2026-07-30 10:22:27--  https://physionet.org/files/ptb-xl/1.0.3/records100/00000/00048_lr.hea
Reusing existing connection to physionet.org:443.
HTTP request sent, awaiting response... 200 OK
Length: 599 [text/plain]
Saving to: ‘physionet.org/files/ptb-xl/1.0.3/records100/00000/00048_lr.hea’

     0K                                                       100%  722M=0s

2026-07-30 10:22:27 (722 MB/s) - ‘physionet.org/files/ptb-xl/1.0.3/records100/00000/00048_lr.hea’ saved [599/599]

--2026-07-30 10:22:27--  https://physionet.org/files/ptb-xl/1.0.3/records100/00000/00049_lr.dat
Reusing existing connection to physionet.org:443.
HTTP request sent, awaiting response... 200 OK
Length: 24000 (23K) [application/octet-stream]
Saving to: ‘physionet.org/files/ptb-xl/1.0.3/records100/00000/00049_lr.dat’

     0K .......... .......... ...                             100%  206K=0.1s

2026-07-30 10:22:27 (206 KB/s) - ‘physionet.org/files/ptb-xl/1.0.3/records100/00000/00049_lr.dat’ saved [24000/24000]

--2026-07-30 10:22:27--  https://physionet.org/files/ptb-xl/1.0.3/records100/00000/00049_lr.hea
Reusing existing connection to physionet.org:443.
HTTP request sent, awaiting response... 200 OK
Length: 605 [text/plain]
Saving to: ‘physionet.org/files/ptb-xl/1.0.3/records100/00000/00049_lr.hea’

     0K                                                       100%  944M=0s

2026-07-30 10:22:28 (944 MB/s) - ‘physionet.org/files/ptb-xl/1.0.3/records100/00000/00049_lr.hea’ saved [605/605]

--2026-07-30 10:22:28--  https://physionet.org/files/ptb-xl/1.0.3/records100/00000/00050_lr.dat
Reusing existing connection to physionet.org:443.
HTTP request sent, awaiting response... 200 OK
Length: 24000 (23K) [application/octet-stream]
Saving to: ‘physionet.org/files/ptb-xl/1.0.3/records100/00000/00050_lr.dat’

     0K .......... .......... ...                             100% 89.7K=0.3s

2026-07-30 10:22:28 (89.7 KB/s) - ‘physionet.org/files/ptb-xl/1.0.3/records100/00000/00050_lr.dat’ saved [24000/24000]

--2026-07-30 10:22:28--  https://physionet.org/files/ptb-xl/1.0.3/records100/00000/00050_lr.hea
Reusing existing connection to physionet.org:443.
HTTP request sent, awaiting response... 200 OK
Length: 612 [text/plain]
Saving to: ‘physionet.org/files/ptb-xl/1.0.3/records100/00000/00050_lr.hea’

     0K                                                       100% 1.08G=0s

2026-07-30 10:22:28 (1.08 GB/s) - ‘physionet.org/files/ptb-xl/1.0.3/records100/00000/00050_lr.hea’ saved [612/612]

--2026-07-30 10:22:28--  https://physionet.org/files/ptb-xl/1.0.3/records100/00000/00051_lr.dat
Reusing existing connection to physionet.org:443.
HTTP request sent, awaiting response... 200 OK
Length: 24000 (23K) [application/octet-stream]
Saving to: ‘physionet.org/files/ptb-xl/1.0.3/records100/00000/00051_lr.dat’

     0K .......... .......... ...                             100%  164K=0.1s

2026-07-30 10:22:29 (164 KB/s) - ‘physionet.org/files/ptb-xl/1.0.3/records100/00000/00051_lr.dat’ saved [24000/24000]

--2026-07-30 10:22:29--  https://physionet.org/files/ptb-xl/1.0.3/records100/00000/00051_lr.hea
Reusing existing connection to physionet.org:443.
HTTP request sent, awaiting response... 200 OK
Length: 604 [text/plain]
Saving to: ‘physionet.org/files/ptb-xl/1.0.3/records100/00000/00051_lr.hea’

     0K                                                       100%  975M=0s

2026-07-30 10:22:29 (975 MB/s) - ‘physionet.org/files/ptb-xl/1.0.3/records100/00000/00051_lr.hea’ saved [604/604]

--2026-07-30 10:22:29--  https://physionet.org/files/ptb-xl/1.0.3/records100/00000/00052_lr.dat
Reusing existing connection to physionet.org:443.
HTTP request sent, awaiting response... 200 OK
Length: 24000 (23K) [application/octet-stream]
Saving to: ‘physionet.org/files/ptb-xl/1.0.3/records100/00000/00052_lr.dat’

     0K .......... .......... ...                             100%  186K=0.1s

2026-07-30 10:22:29 (186 KB/s) - ‘physionet.org/files/ptb-xl/1.0.3/records100/00000/00052_lr.dat’ saved [24000/24000]

--2026-07-30 10:22:29--  https://physionet.org/files/ptb-xl/1.0.3/records100/00000/00052_lr.hea
Reusing existing connection to physionet.org:443.
HTTP request sent, awaiting response... 200 OK
Length: 601 [text/plain]
Saving to: ‘physionet.org/files/ptb-xl/1.0.3/records100/00000/00052_lr.hea’

     0K                                                       100%  494M=0s

2026-07-30 10:22:30 (494 MB/s) - ‘physionet.org/files/ptb-xl/1.0.3/records100/00000/00052_lr.hea’ saved [601/601]

--2026-07-30 10:22:30--  https://physionet.org/files/ptb-xl/1.0.3/records100/00000/00053_lr.dat
Reusing existing connection to physionet.org:443.
HTTP request sent, awaiting response... 200 OK
Length: 24000 (23K) [application/octet-stream]
Saving to: ‘physionet.org/files/ptb-xl/1.0.3/records100/00000/00053_lr.dat’

     0K .......... .......... ...                             100%  214K=0.1s

2026-07-30 10:22:30 (214 KB/s) - ‘physionet.org/files/ptb-xl/1.0.3/records100/00000/00053_lr.dat’ saved [24000/24000]

--2026-07-30 10:22:30--  https://physionet.org/files/ptb-xl/1.0.3/records100/00000/00053_lr.hea
Reusing existing connection to physionet.org:443.
HTTP request sent, awaiting response... 200 OK
Length: 599 [text/plain]
Saving to: ‘physionet.org/files/ptb-xl/1.0.3/records100/00000/00053_lr.hea’

     0K                                                       100% 2.15G=0s

2026-07-30 10:22:30 (2.15 GB/s) - ‘physionet.org/files/ptb-xl/1.0.3/records100/00000/00053_lr.hea’ saved [599/599]

--2026-07-30 10:22:30--  https://physionet.org/files/ptb-xl/1.0.3/records100/00000/00054_lr.dat
Reusing existing connection to physionet.org:443.
HTTP request sent, awaiting response... 200 OK
Length: 24000 (23K) [application/octet-stream]
Saving to: ‘physionet.org/files/ptb-xl/1.0.3/records100/00000/00054_lr.dat’

     0K .......... .......... ...                             100%  207K=0.1s

2026-07-30 10:22:31 (207 KB/s) - ‘physionet.org/files/ptb-xl/1.0.3/records100/00000/00054_lr.dat’ saved [24000/24000]

--2026-07-30 10:22:31--  https://physionet.org/files/ptb-xl/1.0.3/records100/00000/00054_lr.hea
Reusing existing connection to physionet.org:443.
HTTP request sent, awaiting response... 200 OK
Length: 595 [text/plain]
Saving to: ‘physionet.org/files/ptb-xl/1.0.3/records100/00000/00054_lr.hea’

     0K                                                       100% 2.41G=0s

2026-07-30 10:22:31 (2.41 GB/s) - ‘physionet.org/files/ptb-xl/1.0.3/records100/00000/00054_lr.hea’ saved [595/595]

--2026-07-30 10:22:31--  https://physionet.org/files/ptb-xl/1.0.3/records100/00000/00055_lr.dat
Reusing existing connection to physionet.org:443.
HTTP request sent, awaiting response... 200 OK
Length: 24000 (23K) [application/octet-stream]
Saving to: ‘physionet.org/files/ptb-xl/1.0.3/records100/00000/00055_lr.dat’

     0K .......... .......... ...                             100% 83.5K=0.3s

2026-07-30 10:22:32 (83.5 KB/s) - ‘physionet.org/files/ptb-xl/1.0.3/records100/00000/00055_lr.dat’ saved [24000/24000]

--2026-07-30 10:22:32--  https://physionet.org/files/ptb-xl/1.0.3/records100/00000/00055_lr.hea
Reusing existing connection to physionet.org:443.
HTTP request sent, awaiting response... 200 OK
Length: 605 [text/plain]
Saving to: ‘physionet.org/files/ptb-xl/1.0.3/records100/00000/00055_lr.hea’

     0K                                                       100% 1.17G=0s

2026-07-30 10:22:32 (1.17 GB/s) - ‘physionet.org/files/ptb-xl/1.0.3/records100/00000/00055_lr.hea’ saved [605/605]

--2026-07-30 10:22:32--  https://physionet.org/files/ptb-xl/1.0.3/records100/00000/00056_lr.dat
Reusing existing connection to physionet.org:443.
HTTP request sent, awaiting response... 200 OK
Length: 24000 (23K) [application/octet-stream]
Saving to: ‘physionet.org/files/ptb-xl/1.0.3/records100/00000/00056_lr.dat’

     0K .......... .......... ...                             100%  163K=0.1s

2026-07-30 10:22:32 (163 KB/s) - ‘physionet.org/files/ptb-xl/1.0.3/records100/00000/00056_lr.dat’ saved [24000/24000]

--2026-07-30 10:22:32--  https://physionet.org/files/ptb-xl/1.0.3/records100/00000/00056_lr.hea
Reusing existing connection to physionet.org:443.
HTTP request sent, awaiting response... 200 OK
Length: 600 [text/plain]
Saving to: ‘physionet.org/files/ptb-xl/1.0.3/records100/00000/00056_lr.hea’

     0K                                                       100% 1.21G=0s

2026-07-30 10:22:32 (1.21 GB/s) - ‘physionet.org/files/ptb-xl/1.0.3/records100/00000/00056_lr.hea’ saved [600/600]

--2026-07-30 10:22:32--  https://physionet.org/files/ptb-xl/1.0.3/records100/00000/00057_lr.dat
Reusing existing connection to physionet.org:443.
HTTP request sent, awaiting response... 200 OK
Length: 24000 (23K) [application/octet-stream]
Saving to: ‘physionet.org/files/ptb-xl/1.0.3/records100/00000/00057_lr.dat’

     0K .......... .......... ...                             100%  185K=0.1s

2026-07-30 10:22:33 (185 KB/s) - ‘physionet.org/files/ptb-xl/1.0.3/records100/00000/00057_lr.dat’ saved [24000/24000]

--2026-07-30 10:22:33--  https://physionet.org/files/ptb-xl/1.0.3/records100/00000/00057_lr.hea
Reusing existing connection to physionet.org:443.
HTTP request sent, awaiting response... 200 OK
Length: 601 [text/plain]
Saving to: ‘physionet.org/files/ptb-xl/1.0.3/records100/00000/00057_lr.hea’

     0K                                                       100% 2.24G=0s

2026-07-30 10:22:33 (2.24 GB/s) - ‘physionet.org/files/ptb-xl/1.0.3/records100/00000/00057_lr.hea’ saved [601/601]

--2026-07-30 10:22:33--  https://physionet.org/files/ptb-xl/1.0.3/records100/00000/00058_lr.dat
Reusing existing connection to physionet.org:443.
HTTP request sent, awaiting response... 200 OK
Length: 24000 (23K) [application/octet-stream]
Saving to: ‘physionet.org/files/ptb-xl/1.0.3/records100/00000/00058_lr.dat’

     0K .......... .......... ...                             100%  204K=0.1s

2026-07-30 10:22:33 (204 KB/s) - ‘physionet.org/files/ptb-xl/1.0.3/records100/00000/00058_lr.dat’ saved [24000/24000]

--2026-07-30 10:22:33--  https://physionet.org/files/ptb-xl/1.0.3/records100/00000/00058_lr.hea
Reusing existing connection to physionet.org:443.
HTTP request sent, awaiting response... 200 OK
Length: 610 [text/plain]
Saving to: ‘physionet.org/files/ptb-xl/1.0.3/records100/00000/00058_lr.hea’

     0K                                                       100% 1019M=0s

2026-07-30 10:22:34 (1019 MB/s) - ‘physionet.org/files/ptb-xl/1.0.3/records100/00000/00058_lr.hea’ saved [610/610]

--2026-07-30 10:22:34--  https://physionet.org/files/ptb-xl/1.0.3/records100/00000/00059_lr.dat
Reusing existing connection to physionet.org:443.
HTTP request sent, awaiting response... 200 OK
Length: 24000 (23K) [application/octet-stream]
Saving to: ‘physionet.org/files/ptb-xl/1.0.3/records100/00000/00059_lr.dat’

     0K .......... .......... ...                             100%  203K=0.1s

2026-07-30 10:22:34 (203 KB/s) - ‘physionet.org/files/ptb-xl/1.0.3/records100/00000/00059_lr.dat’ saved [24000/24000]

--2026-07-30 10:22:34--  https://physionet.org/files/ptb-xl/1.0.3/records100/00000/00059_lr.hea
Reusing existing connection to physionet.org:443.
HTTP request sent, awaiting response... 200 OK
Length: 600 [text/plain]
Saving to: ‘physionet.org/files/ptb-xl/1.0.3/records100/00000/00059_lr.hea’

     0K                                                       100% 1004M=0s

2026-07-30 10:22:34 (1004 MB/s) - ‘physionet.org/files/ptb-xl/1.0.3/records100/00000/00059_lr.hea’ saved [600/600]

--2026-07-30 10:22:34--  https://physionet.org/files/ptb-xl/1.0.3/records100/00000/00060_lr.dat
Reusing existing connection to physionet.org:443.
HTTP request sent, awaiting response... 200 OK
Length: 24000 (23K) [application/octet-stream]
Saving to: ‘physionet.org/files/ptb-xl/1.0.3/records100/00000/00060_lr.dat’

     0K .......... .......... ...                             100% 83.7K=0.3s

2026-07-30 10:22:35 (83.7 KB/s) - ‘physionet.org/files/ptb-xl/1.0.3/records100/00000/00060_lr.dat’ saved [24000/24000]

--2026-07-30 10:22:35--  https://physionet.org/files/ptb-xl/1.0.3/records100/00000/00060_lr.hea
Reusing existing connection to physionet.org:443.
HTTP request sent, awaiting response... 200 OK
Length: 604 [text/plain]
Saving to: ‘physionet.org/files/ptb-xl/1.0.3/records100/00000/00060_lr.hea’

     0K                                                       100% 1.10G=0s

2026-07-30 10:22:35 (1.10 GB/s) - ‘physionet.org/files/ptb-xl/1.0.3/records100/00000/00060_lr.hea’ saved [604/604]

--2026-07-30 10:22:35--  https://physionet.org/files/ptb-xl/1.0.3/records100/00000/00061_lr.dat
Reusing existing connection to physionet.org:443.
HTTP request sent, awaiting response... 200 OK
Length: 24000 (23K) [application/octet-stream]
Saving to: ‘physionet.org/files/ptb-xl/1.0.3/records100/00000/00061_lr.dat’

     0K .......... .......... ...                             100%  164K=0.1s

2026-07-30 10:22:35 (164 KB/s) - ‘physionet.org/files/ptb-xl/1.0.3/records100/00000/00061_lr.dat’ saved [24000/24000]

--2026-07-30 10:22:35--  https://physionet.org/files/ptb-xl/1.0.3/records100/00000/00061_lr.hea
Reusing existing connection to physionet.org:443.
HTTP request sent, awaiting response... 200 OK
Length: 603 [text/plain]
Saving to: ‘physionet.org/files/ptb-xl/1.0.3/records100/00000/00061_lr.hea’

     0K                                                       100% 2.15G=0s

2026-07-30 10:22:36 (2.15 GB/s) - ‘physionet.org/files/ptb-xl/1.0.3/records100/00000/00061_lr.hea’ saved [603/603]

--2026-07-30 10:22:36--  https://physionet.org/files/ptb-xl/1.0.3/records100/00000/00062_lr.dat
Reusing existing connection to physionet.org:443.
HTTP request sent, awaiting response... 200 OK
Length: 24000 (23K) [application/octet-stream]
Saving to: ‘physionet.org/files/ptb-xl/1.0.3/records100/00000/00062_lr.dat’

     0K .......... .......... ...                             100%  187K=0.1s

2026-07-30 10:22:36 (187 KB/s) - ‘physionet.org/files/ptb-xl/1.0.3/records100/00000/00062_lr.dat’ saved [24000/24000]

--2026-07-30 10:22:36--  https://physionet.org/files/ptb-xl/1.0.3/records100/00000/00062_lr.hea
Reusing existing connection to physionet.org:443.
HTTP request sent, awaiting response... 200 OK
Length: 602 [text/plain]
Saving to: ‘physionet.org/files/ptb-xl/1.0.3/records100/00000/00062_lr.hea’

     0K                                                       100%  785M=0s

2026-07-30 10:22:36 (785 MB/s) - ‘physionet.org/files/ptb-xl/1.0.3/records100/00000/00062_lr.hea’ saved [602/602]

--2026-07-30 10:22:36--  https://physionet.org/files/ptb-xl/1.0.3/records100/00000/00063_lr.dat
Reusing existing connection to physionet.org:443.
HTTP request sent, awaiting response... 200 OK
Length: 24000 (23K) [application/octet-stream]
Saving to: ‘physionet.org/files/ptb-xl/1.0.3/records100/00000/00063_lr.dat’

     0K .......... .......... ...                             100%  206K=0.1s

2026-07-30 10:22:37 (206 KB/s) - ‘physionet.org/files/ptb-xl/1.0.3/records100/00000/00063_lr.dat’ saved [24000/24000]

--2026-07-30 10:22:37--  https://physionet.org/files/ptb-xl/1.0.3/records100/00000/00063_lr.hea
Reusing existing connection to physionet.org:443.
HTTP request sent, awaiting response... 200 OK
Length: 602 [text/plain]
Saving to: ‘physionet.org/files/ptb-xl/1.0.3/records100/00000/00063_lr.hea’

     0K                                                       100% 1.02G=0s

2026-07-30 10:22:37 (1.02 GB/s) - ‘physionet.org/files/ptb-xl/1.0.3/records100/00000/00063_lr.hea’ saved [602/602]

--2026-07-30 10:22:37--  https://physionet.org/files/ptb-xl/1.0.3/records100/00000/00064_lr.dat
Reusing existing connection to physionet.org:443.
HTTP request sent, awaiting response... 200 OK
Length: 24000 (23K) [application/octet-stream]
Saving to: ‘physionet.org/files/ptb-xl/1.0.3/records100/00000/00064_lr.dat’

     0K .......... .......... ...                             100% 85.4K=0.3s

2026-07-30 10:22:38 (85.4 KB/s) - ‘physionet.org/files/ptb-xl/1.0.3/records100/00000/00064_lr.dat’ saved [24000/24000]

--2026-07-30 10:22:38--  https://physionet.org/files/ptb-xl/1.0.3/records100/00000/00064_lr.hea
Reusing existing connection to physionet.org:443.
HTTP request sent, awaiting response... 200 OK
Length: 609 [text/plain]
Saving to: ‘physionet.org/files/ptb-xl/1.0.3/records100/00000/00064_lr.hea’

     0K                                                       100% 1.11G=0s

2026-07-30 10:22:38 (1.11 GB/s) - ‘physionet.org/files/ptb-xl/1.0.3/records100/00000/00064_lr.hea’ saved [609/609]

--2026-07-30 10:22:38--  https://physionet.org/files/ptb-xl/1.0.3/records100/00000/00065_lr.dat
Reusing existing connection to physionet.org:443.
HTTP request sent, awaiting response... 200 OK
Length: 24000 (23K) [application/octet-stream]
Saving to: ‘physionet.org/files/ptb-xl/1.0.3/records100/00000/00065_lr.dat’

     0K .......... .......... ...                             100%  626K=0.04s

2026-07-30 10:22:38 (626 KB/s) - ‘physionet.org/files/ptb-xl/1.0.3/records100/00000/00065_lr.dat’ saved [24000/24000]

--2026-07-30 10:22:38--  https://physionet.org/files/ptb-xl/1.0.3/records100/00000/00065_lr.hea
Reusing existing connection to physionet.org:443.
HTTP request sent, awaiting response... 200 OK
Length: 609 [text/plain]
Saving to: ‘physionet.org/files/ptb-xl/1.0.3/records100/00000/00065_lr.hea’

     0K                                                       100%  806M=0s

2026-07-30 10:22:38 (806 MB/s) - ‘physionet.org/files/ptb-xl/1.0.3/records100/00000/00065_lr.hea’ saved [609/609]

--2026-07-30 10:22:38--  https://physionet.org/files/ptb-xl/1.0.3/records100/00000/00066_lr.dat
Reusing existing connection to physionet.org:443.
HTTP request sent, awaiting response... 200 OK
Length: 24000 (23K) [application/octet-stream]
Saving to: ‘physionet.org/files/ptb-xl/1.0.3/records100/00000/00066_lr.dat’

     0K .......... .......... ...                             100%  163K=0.1s

2026-07-30 10:22:39 (163 KB/s) - ‘physionet.org/files/ptb-xl/1.0.3/records100/00000/00066_lr.dat’ saved [24000/24000]

--2026-07-30 10:22:39--  https://physionet.org/files/ptb-xl/1.0.3/records100/00000/00066_lr.hea
Reusing existing connection to physionet.org:443.
HTTP request sent, awaiting response... 200 OK
Length: 611 [text/plain]
Saving to: ‘physionet.org/files/ptb-xl/1.0.3/records100/00000/00066_lr.hea’

     0K                                                       100% 1.18G=0s

2026-07-30 10:22:39 (1.18 GB/s) - ‘physionet.org/files/ptb-xl/1.0.3/records100/00000/00066_lr.hea’ saved [611/611]

--2026-07-30 10:22:39--  https://physionet.org/files/ptb-xl/1.0.3/records100/00000/00067_lr.dat
Reusing existing connection to physionet.org:443.
HTTP request sent, awaiting response... 200 OK
Length: 24000 (23K) [application/octet-stream]
Saving to: ‘physionet.org/files/ptb-xl/1.0.3/records100/00000/00067_lr.dat’

     0K .......... .......... ...                             100%  182K=0.1s

2026-07-30 10:22:39 (182 KB/s) - ‘physionet.org/files/ptb-xl/1.0.3/records100/00000/00067_lr.dat’ saved [24000/24000]

--2026-07-30 10:22:39--  https://physionet.org/files/ptb-xl/1.0.3/records100/00000/00067_lr.hea
Reusing existing connection to physionet.org:443.
HTTP request sent, awaiting response... 200 OK
Length: 603 [text/plain]
Saving to: ‘physionet.org/files/ptb-xl/1.0.3/records100/00000/00067_lr.hea’

     0K                                                       100%  413M=0s

2026-07-30 10:22:40 (413 MB/s) - ‘physionet.org/files/ptb-xl/1.0.3/records100/00000/00067_lr.hea’ saved [603/603]

--2026-07-30 10:22:40--  https://physionet.org/files/ptb-xl/1.0.3/records100/00000/00068_lr.dat
Reusing existing connection to physionet.org:443.
HTTP request sent, awaiting response... 200 OK
Length: 24000 (23K) [application/octet-stream]
Saving to: ‘physionet.org/files/ptb-xl/1.0.3/records100/00000/00068_lr.dat’

     0K .......... .......... ...                             100%  184K=0.1s

2026-07-30 10:22:40 (184 KB/s) - ‘physionet.org/files/ptb-xl/1.0.3/records100/00000/00068_lr.dat’ saved [24000/24000]

--2026-07-30 10:22:40--  https://physionet.org/files/ptb-xl/1.0.3/records100/00000/00068_lr.hea
Reusing existing connection to physionet.org:443.
HTTP request sent, awaiting response... 200 OK
Length: 616 [text/plain]
Saving to: ‘physionet.org/files/ptb-xl/1.0.3/records100/00000/00068_lr.hea’

     0K                                                       100%  569M=0s

2026-07-30 10:22:40 (569 MB/s) - ‘physionet.org/files/ptb-xl/1.0.3/records100/00000/00068_lr.hea’ saved [616/616]

--2026-07-30 10:22:40--  https://physionet.org/files/ptb-xl/1.0.3/records100/00000/00069_lr.dat
Reusing existing connection to physionet.org:443.
HTTP request sent, awaiting response... 200 OK
Length: 24000 (23K) [application/octet-stream]
Saving to: ‘physionet.org/files/ptb-xl/1.0.3/records100/00000/00069_lr.dat’

     0K .......... .......... ...                             100%  182K=0.1s

2026-07-30 10:22:41 (182 KB/s) - ‘physionet.org/files/ptb-xl/1.0.3/records100/00000/00069_lr.dat’ saved [24000/24000]

--2026-07-30 10:22:41--  https://physionet.org/files/ptb-xl/1.0.3/records100/00000/00069_lr.hea
Reusing existing connection to physionet.org:443.
HTTP request sent, awaiting response... 200 OK
Length: 611 [text/plain]
Saving to: ‘physionet.org/files/ptb-xl/1.0.3/records100/00000/00069_lr.hea’

     0K                                                       100%  786M=0s

2026-07-30 10:22:41 (786 MB/s) - ‘physionet.org/files/ptb-xl/1.0.3/records100/00000/00069_lr.hea’ saved [611/611]

--2026-07-30 10:22:41--  https://physionet.org/files/ptb-xl/1.0.3/records100/00000/00070_lr.dat
Reusing existing connection to physionet.org:443.
HTTP request sent, awaiting response... 200 OK
Length: 24000 (23K) [application/octet-stream]
Saving to: ‘physionet.org/files/ptb-xl/1.0.3/records100/00000/00070_lr.dat’

     0K .......... .......... ...                             100%  182K=0.1s

2026-07-30 10:22:41 (182 KB/s) - ‘physionet.org/files/ptb-xl/1.0.3/records100/00000/00070_lr.dat’ saved [24000/24000]

--2026-07-30 10:22:41--  https://physionet.org/files/ptb-xl/1.0.3/records100/00000/00070_lr.hea
Reusing existing connection to physionet.org:443.
HTTP request sent, awaiting response... 200 OK
Length: 603 [text/plain]
Saving to: ‘physionet.org/files/ptb-xl/1.0.3/records100/00000/00070_lr.hea’

     0K                                                       100%  910M=0s

2026-07-30 10:22:42 (910 MB/s) - ‘physionet.org/files/ptb-xl/1.0.3/records100/00000/00070_lr.hea’ saved [603/603]

--2026-07-30 10:22:42--  https://physionet.org/files/ptb-xl/1.0.3/records100/00000/00071_lr.dat
Reusing existing connection to physionet.org:443.
HTTP request sent, awaiting response... 200 OK
Length: 24000 (23K) [application/octet-stream]
Saving to: ‘physionet.org/files/ptb-xl/1.0.3/records100/00000/00071_lr.dat’

     0K .......... .......... ...                             100%  174M=0s

2026-07-30 10:22:42 (174 MB/s) - ‘physionet.org/files/ptb-xl/1.0.3/records100/00000/00071_lr.dat’ saved [24000/24000]

--2026-07-30 10:22:42--  https://physionet.org/files/ptb-xl/1.0.3/records100/00000/00071_lr.hea
Reusing existing connection to physionet.org:443.
HTTP request sent, awaiting response... 200 OK
Length: 595 [text/plain]
Saving to: ‘physionet.org/files/ptb-xl/1.0.3/records100/00000/00071_lr.hea’

     0K                                                       100%  450M=0s

2026-07-30 10:22:42 (450 MB/s) - ‘physionet.org/files/ptb-xl/1.0.3/records100/00000/00071_lr.hea’ saved [595/595]

--2026-07-30 10:22:42--  https://physionet.org/files/ptb-xl/1.0.3/records100/00000/00072_lr.dat
Reusing existing connection to physionet.org:443.
HTTP request sent, awaiting response... 200 OK
Length: 24000 (23K) [application/octet-stream]
Saving to: ‘physionet.org/files/ptb-xl/1.0.3/records100/00000/00072_lr.dat’

     0K .......... .......... ...                             100%  438K=0.05s

2026-07-30 10:22:43 (438 KB/s) - ‘physionet.org/files/ptb-xl/1.0.3/records100/00000/00072_lr.dat’ saved [24000/24000]

--2026-07-30 10:22:43--  https://physionet.org/files/ptb-xl/1.0.3/records100/00000/00072_lr.hea
Reusing existing connection to physionet.org:443.
HTTP request sent, awaiting response... 200 OK
Length: 604 [text/plain]
Saving to: ‘physionet.org/files/ptb-xl/1.0.3/records100/00000/00072_lr.hea’

     0K                                                       100% 1.19G=0s

2026-07-30 10:22:43 (1.19 GB/s) - ‘physionet.org/files/ptb-xl/1.0.3/records100/00000/00072_lr.hea’ saved [604/604]

--2026-07-30 10:22:43--  https://physionet.org/files/ptb-xl/1.0.3/records100/00000/00073_lr.dat
Reusing existing connection to physionet.org:443.
HTTP request sent, awaiting response... 200 OK
Length: 24000 (23K) [application/octet-stream]
Saving to: ‘physionet.org/files/ptb-xl/1.0.3/records100/00000/00073_lr.dat’

     0K .......... .......... ...                             100%  146K=0.2s

2026-07-30 10:22:44 (146 KB/s) - ‘physionet.org/files/ptb-xl/1.0.3/records100/00000/00073_lr.dat’ saved [24000/24000]

--2026-07-30 10:22:44--  https://physionet.org/files/ptb-xl/1.0.3/records100/00000/00073_lr.hea
Reusing existing connection to physionet.org:443.
HTTP request sent, awaiting response... 200 OK
Length: 608 [text/plain]
Saving to: ‘physionet.org/files/ptb-xl/1.0.3/records100/00000/00073_lr.hea’

     0K                                                       100% 1.23G=0s

2026-07-30 10:22:44 (1.23 GB/s) - ‘physionet.org/files/ptb-xl/1.0.3/records100/00000/00073_lr.hea’ saved [608/608]

--2026-07-30 10:22:44--  https://physionet.org/files/ptb-xl/1.0.3/records100/00000/00074_lr.dat
Reusing existing connection to physionet.org:443.
HTTP request sent, awaiting response... 200 OK
Length: 24000 (23K) [application/octet-stream]
Saving to: ‘physionet.org/files/ptb-xl/1.0.3/records100/00000/00074_lr.dat’

     0K .......... .......... ...                             100%  111M=0s

2026-07-30 10:22:45 (111 MB/s) - ‘physionet.org/files/ptb-xl/1.0.3/records100/00000/00074_lr.dat’ saved [24000/24000]

--2026-07-30 10:22:45--  https://physionet.org/files/ptb-xl/1.0.3/records100/00000/00074_lr.hea
Reusing existing connection to physionet.org:443.
HTTP request sent, awaiting response... 200 OK
Length: 602 [text/plain]
Saving to: ‘physionet.org/files/ptb-xl/1.0.3/records100/00000/00074_lr.hea’

     0K                                                       100%  114M=0s

2026-07-30 10:22:45 (114 MB/s) - ‘physionet.org/files/ptb-xl/1.0.3/records100/00000/00074_lr.hea’ saved [602/602]

--2026-07-30 10:22:45--  https://physionet.org/files/ptb-xl/1.0.3/records100/00000/00075_lr.dat
Reusing existing connection to physionet.org:443.
HTTP request sent, awaiting response... 200 OK
Length: 24000 (23K) [application/octet-stream]
Saving to: ‘physionet.org/files/ptb-xl/1.0.3/records100/00000/00075_lr.dat’

     0K .......... .......... ...                             100%  120K=0.2s

2026-07-30 10:22:46 (120 KB/s) - ‘physionet.org/files/ptb-xl/1.0.3/records100/00000/00075_lr.dat’ saved [24000/24000]

--2026-07-30 10:22:46--  https://physionet.org/files/ptb-xl/1.0.3/records100/00000/00075_lr.hea
Reusing existing connection to physionet.org:443.
HTTP request sent, awaiting response... 200 OK
Length: 596 [text/plain]
Saving to: ‘physionet.org/files/ptb-xl/1.0.3/records100/00000/00075_lr.hea’

     0K                                                       100% 1.20G=0s

2026-07-30 10:22:46 (1.20 GB/s) - ‘physionet.org/files/ptb-xl/1.0.3/records100/00000/00075_lr.hea’ saved [596/596]

--2026-07-30 10:22:46--  https://physionet.org/files/ptb-xl/1.0.3/records100/00000/00076_lr.dat
Reusing existing connection to physionet.org:443.
HTTP request sent, awaiting response... 200 OK
Length: 24000 (23K) [application/octet-stream]
Saving to: ‘physionet.org/files/ptb-xl/1.0.3/records100/00000/00076_lr.dat’

     0K .......... .......... ...                             100%  129K=0.2s

2026-07-30 10:22:47 (129 KB/s) - ‘physionet.org/files/ptb-xl/1.0.3/records100/00000/00076_lr.dat’ saved [24000/24000]

--2026-07-30 10:22:47--  https://physionet.org/files/ptb-xl/1.0.3/records100/00000/00076_lr.hea
Reusing existing connection to physionet.org:443.
HTTP request sent, awaiting response... 200 OK
Length: 598 [text/plain]
Saving to: ‘physionet.org/files/ptb-xl/1.0.3/records100/00000/00076_lr.hea’

     0K                                                       100% 1.14G=0s

2026-07-30 10:22:47 (1.14 GB/s) - ‘physionet.org/files/ptb-xl/1.0.3/records100/00000/00076_lr.hea’ saved [598/598]

--2026-07-30 10:22:47--  https://physionet.org/files/ptb-xl/1.0.3/records100/00000/00077_lr.dat
Reusing existing connection to physionet.org:443.
HTTP request sent, awaiting response... 200 OK
Length: 24000 (23K) [application/octet-stream]
Saving to: ‘physionet.org/files/ptb-xl/1.0.3/records100/00000/00077_lr.dat’

     0K .......... .......... ...                             100% 93.2K=0.3s

2026-07-30 10:22:48 (93.2 KB/s) - ‘physionet.org/files/ptb-xl/1.0.3/records100/00000/00077_lr.dat’ saved [24000/24000]

--2026-07-30 10:22:48--  https://physionet.org/files/ptb-xl/1.0.3/records100/00000/00077_lr.hea
Reusing existing connection to physionet.org:443.
HTTP request sent, awaiting response... 200 OK
Length: 600 [text/plain]
Saving to: ‘physionet.org/files/ptb-xl/1.0.3/records100/00000/00077_lr.hea’

     0K                                                       100%  985M=0s

2026-07-30 10:22:48 (985 MB/s) - ‘physionet.org/files/ptb-xl/1.0.3/records100/00000/00077_lr.hea’ saved [600/600]

--2026-07-30 10:22:48--  https://physionet.org/files/ptb-xl/1.0.3/records100/00000/00078_lr.dat
Reusing existing connection to physionet.org:443.
HTTP request sent, awaiting response... 200 OK
Length: 24000 (23K) [application/octet-stream]
Saving to: ‘physionet.org/files/ptb-xl/1.0.3/records100/00000/00078_lr.dat’

     0K .......... .......... ...                             100%  124K=0.2s

2026-07-30 10:22:49 (124 KB/s) - ‘physionet.org/files/ptb-xl/1.0.3/records100/00000/00078_lr.dat’ saved [24000/24000]

--2026-07-30 10:22:49--  https://physionet.org/files/ptb-xl/1.0.3/records100/00000/00078_lr.hea
Reusing existing connection to physionet.org:443.
HTTP request sent, awaiting response... 200 OK
Length: 598 [text/plain]
Saving to: ‘physionet.org/files/ptb-xl/1.0.3/records100/00000/00078_lr.hea’

     0K                                                       100% 1.13G=0s

2026-07-30 10:22:49 (1.13 GB/s) - ‘physionet.org/files/ptb-xl/1.0.3/records100/00000/00078_lr.hea’ saved [598/598]

--2026-07-30 10:22:49--  https://physionet.org/files/ptb-xl/1.0.3/records100/00000/00079_lr.dat
Reusing existing connection to physionet.org:443.
HTTP request sent, awaiting response... 200 OK
Length: 24000 (23K) [application/octet-stream]
Saving to: ‘physionet.org/files/ptb-xl/1.0.3/records100/00000/00079_lr.dat’

     0K .......... .......... ...                             100%  136K=0.2s

2026-07-30 10:22:50 (136 KB/s) - ‘physionet.org/files/ptb-xl/1.0.3/records100/00000/00079_lr.dat’ saved [24000/24000]

--2026-07-30 10:22:50--  https://physionet.org/files/ptb-xl/1.0.3/records100/00000/00079_lr.hea
Reusing existing connection to physionet.org:443.
HTTP request sent, awaiting response... 200 OK
Length: 606 [text/plain]
Saving to: ‘physionet.org/files/ptb-xl/1.0.3/records100/00000/00079_lr.hea’

     0K                                                       100% 2.01G=0s

2026-07-30 10:22:50 (2.01 GB/s) - ‘physionet.org/files/ptb-xl/1.0.3/records100/00000/00079_lr.hea’ saved [606/606]

--2026-07-30 10:22:50--  https://physionet.org/files/ptb-xl/1.0.3/records100/00000/00080_lr.dat
Reusing existing connection to physionet.org:443.
HTTP request sent, awaiting response... 200 OK
Length: 24000 (23K) [application/octet-stream]
Saving to: ‘physionet.org/files/ptb-xl/1.0.3/records100/00000/00080_lr.dat’

     0K .......... .......... ...                             100% 95.0K=0.2s

2026-07-30 10:22:51 (95.0 KB/s) - ‘physionet.org/files/ptb-xl/1.0.3/records100/00000/00080_lr.dat’ saved [24000/24000]

--2026-07-30 10:22:51--  https://physionet.org/files/ptb-xl/1.0.3/records100/00000/00080_lr.hea
Reusing existing connection to physionet.org:443.
HTTP request sent, awaiting response... 200 OK
Length: 608 [text/plain]
Saving to: ‘physionet.org/files/ptb-xl/1.0.3/records100/00000/00080_lr.hea’

     0K                                                       100% 2.17G=0s

2026-07-30 10:22:51 (2.17 GB/s) - ‘physionet.org/files/ptb-xl/1.0.3/records100/00000/00080_lr.hea’ saved [608/608]

--2026-07-30 10:22:51--  https://physionet.org/files/ptb-xl/1.0.3/records100/00000/00081_lr.dat
Reusing existing connection to physionet.org:443.
HTTP request sent, awaiting response... 200 OK
Length: 24000 (23K) [application/octet-stream]
Saving to: ‘physionet.org/files/ptb-xl/1.0.3/records100/00000/00081_lr.dat’

     0K .......... .......... ...                             100%  124K=0.2s

2026-07-30 10:22:52 (124 KB/s) - ‘physionet.org/files/ptb-xl/1.0.3/records100/00000/00081_lr.dat’ saved [24000/24000]

--2026-07-30 10:22:52--  https://physionet.org/files/ptb-xl/1.0.3/records100/00000/00081_lr.hea
Reusing existing connection to physionet.org:443.
HTTP request sent, awaiting response... 200 OK
Length: 602 [text/plain]
Saving to: ‘physionet.org/files/ptb-xl/1.0.3/records100/00000/00081_lr.hea’

     0K                                                       100% 2.24G=0s

2026-07-30 10:22:52 (2.24 GB/s) - ‘physionet.org/files/ptb-xl/1.0.3/records100/00000/00081_lr.hea’ saved [602/602]

--2026-07-30 10:22:52--  https://physionet.org/files/ptb-xl/1.0.3/records100/00000/00082_lr.dat
Reusing existing connection to physionet.org:443.
HTTP request sent, awaiting response... 200 OK
Length: 24000 (23K) [application/octet-stream]
Saving to: ‘physionet.org/files/ptb-xl/1.0.3/records100/00000/00082_lr.dat’

     0K .......... .......... ...                             100%  136K=0.2s

2026-07-30 10:22:52 (136 KB/s) - ‘physionet.org/files/ptb-xl/1.0.3/records100/00000/00082_lr.dat’ saved [24000/24000]

--2026-07-30 10:22:52--  https://physionet.org/files/ptb-xl/1.0.3/records100/00000/00082_lr.hea
Reusing existing connection to physionet.org:443.
HTTP request sent, awaiting response... 200 OK
Length: 609 [text/plain]
Saving to: ‘physionet.org/files/ptb-xl/1.0.3/records100/00000/00082_lr.hea’

     0K                                                       100% 1.96G=0s

2026-07-30 10:22:53 (1.96 GB/s) - ‘physionet.org/files/ptb-xl/1.0.3/records100/00000/00082_lr.hea’ saved [609/609]

--2026-07-30 10:22:53--  https://physionet.org/files/ptb-xl/1.0.3/records100/00000/00083_lr.dat
Reusing existing connection to physionet.org:443.
HTTP request sent, awaiting response... 200 OK
Length: 24000 (23K) [application/octet-stream]
Saving to: ‘physionet.org/files/ptb-xl/1.0.3/records100/00000/00083_lr.dat’

     0K .......... .......... ...                             100%  135K=0.2s

2026-07-30 10:22:53 (135 KB/s) - ‘physionet.org/files/ptb-xl/1.0.3/records100/00000/00083_lr.dat’ saved [24000/24000]

--2026-07-30 10:22:53--  https://physionet.org/files/ptb-xl/1.0.3/records100/00000/00083_lr.hea
Reusing existing connection to physionet.org:443.
HTTP request sent, awaiting response... 200 OK
Length: 613 [text/plain]
Saving to: ‘physionet.org/files/ptb-xl/1.0.3/records100/00000/00083_lr.hea’

     0K                                                       100% 2.20G=0s

2026-07-30 10:22:54 (2.20 GB/s) - ‘physionet.org/files/ptb-xl/1.0.3/records100/00000/00083_lr.hea’ saved [613/613]

--2026-07-30 10:22:54--  https://physionet.org/files/ptb-xl/1.0.3/records100/00000/00084_lr.dat
Reusing existing connection to physionet.org:443.
HTTP request sent, awaiting response... 200 OK
Length: 24000 (23K) [application/octet-stream]
Saving to: ‘physionet.org/files/ptb-xl/1.0.3/records100/00000/00084_lr.dat’

     0K .......... .......... ...                             100%  135K=0.2s

2026-07-30 10:22:54 (135 KB/s) - ‘physionet.org/files/ptb-xl/1.0.3/records100/00000/00084_lr.dat’ saved [24000/24000]

--2026-07-30 10:22:54--  https://physionet.org/files/ptb-xl/1.0.3/records100/00000/00084_lr.hea
Reusing existing connection to physionet.org:443.
HTTP request sent, awaiting response... 200 OK
Length: 598 [text/plain]
Saving to: ‘physionet.org/files/ptb-xl/1.0.3/records100/00000/00084_lr.hea’

     0K                                                       100%  825M=0s

2026-07-30 10:22:54 (825 MB/s) - ‘physionet.org/files/ptb-xl/1.0.3/records100/00000/00084_lr.hea’ saved [598/598]

--2026-07-30 10:22:54--  https://physionet.org/files/ptb-xl/1.0.3/records100/00000/00085_lr.dat
Reusing existing connection to physionet.org:443.
HTTP request sent, awaiting response... 200 OK
Length: 24000 (23K) [application/octet-stream]
Saving to: ‘physionet.org/files/ptb-xl/1.0.3/records100/00000/00085_lr.dat’

     0K .......... .......... ...                             100%  517K=0.05s

2026-07-30 10:22:55 (517 KB/s) - ‘physionet.org/files/ptb-xl/1.0.3/records100/00000/00085_lr.dat’ saved [24000/24000]

--2026-07-30 10:22:55--  https://physionet.org/files/ptb-xl/1.0.3/records100/00000/00085_lr.hea
Reusing existing connection to physionet.org:443.
HTTP request sent, awaiting response... 200 OK
Length: 603 [text/plain]
Saving to: ‘physionet.org/files/ptb-xl/1.0.3/records100/00000/00085_lr.hea’

     0K                                                       100% 1.19G=0s

2026-07-30 10:22:55 (1.19 GB/s) - ‘physionet.org/files/ptb-xl/1.0.3/records100/00000/00085_lr.hea’ saved [603/603]

--2026-07-30 10:22:55--  https://physionet.org/files/ptb-xl/1.0.3/records100/00000/00086_lr.dat
Reusing existing connection to physionet.org:443.
HTTP request sent, awaiting response... 200 OK
Length: 24000 (23K) [application/octet-stream]
Saving to: ‘physionet.org/files/ptb-xl/1.0.3/records100/00000/00086_lr.dat’

     0K .......... .......... ...                             100%  518K=0.05s

2026-07-30 10:22:56 (518 KB/s) - ‘physionet.org/files/ptb-xl/1.0.3/records100/00000/00086_lr.dat’ saved [24000/24000]

--2026-07-30 10:22:56--  https://physionet.org/files/ptb-xl/1.0.3/records100/00000/00086_lr.hea
Reusing existing connection to physionet.org:443.
HTTP request sent, awaiting response... 200 OK
Length: 604 [text/plain]
Saving to: ‘physionet.org/files/ptb-xl/1.0.3/records100/00000/00086_lr.hea’

     0K                                                       100% 1.08G=0s

2026-07-30 10:22:56 (1.08 GB/s) - ‘physionet.org/files/ptb-xl/1.0.3/records100/00000/00086_lr.hea’ saved [604/604]

--2026-07-30 10:22:56--  https://physionet.org/files/ptb-xl/1.0.3/records100/00000/00087_lr.dat
Reusing existing connection to physionet.org:443.
HTTP request sent, awaiting response... 200 OK
Length: 24000 (23K) [application/octet-stream]
Saving to: ‘physionet.org/files/ptb-xl/1.0.3/records100/00000/00087_lr.dat’

     0K .......... .......... ...                             100%  115M=0s

2026-07-30 10:22:56 (115 MB/s) - ‘physionet.org/files/ptb-xl/1.0.3/records100/00000/00087_lr.dat’ saved [24000/24000]

--2026-07-30 10:22:56--  https://physionet.org/files/ptb-xl/1.0.3/records100/00000/00087_lr.hea
Reusing existing connection to physionet.org:443.
HTTP request sent, awaiting response... 200 OK
Length: 615 [text/plain]
Saving to: ‘physionet.org/files/ptb-xl/1.0.3/records100/00000/00087_lr.hea’

     0K                                                       100% 1.08G=0s

2026-07-30 10:22:57 (1.08 GB/s) - ‘physionet.org/files/ptb-xl/1.0.3/records100/00000/00087_lr.hea’ saved [615/615]

--2026-07-30 10:22:57--  https://physionet.org/files/ptb-xl/1.0.3/records100/00000/00088_lr.dat
Reusing existing connection to physionet.org:443.
HTTP request sent, awaiting response... 200 OK
Length: 24000 (23K) [application/octet-stream]
Saving to: ‘physionet.org/files/ptb-xl/1.0.3/records100/00000/00088_lr.dat’

     0K .......... .......... ...                             100%  175M=0s

2026-07-30 10:22:57 (175 MB/s) - ‘physionet.org/files/ptb-xl/1.0.3/records100/00000/00088_lr.dat’ saved [24000/24000]

--2026-07-30 10:22:57--  https://physionet.org/files/ptb-xl/1.0.3/records100/00000/00088_lr.hea
Reusing existing connection to physionet.org:443.
HTTP request sent, awaiting response... 200 OK
Length: 606 [text/plain]
Saving to: ‘physionet.org/files/ptb-xl/1.0.3/records100/00000/00088_lr.hea’

     0K                                                       100% 2.35G=0s

2026-07-30 10:22:57 (2.35 GB/s) - ‘physionet.org/files/ptb-xl/1.0.3/records100/00000/00088_lr.hea’ saved [606/606]

--2026-07-30 10:22:57--  https://physionet.org/files/ptb-xl/1.0.3/records100/00000/00089_lr.dat
Reusing existing connection to physionet.org:443.
HTTP request sent, awaiting response... 200 OK
Length: 24000 (23K) [application/octet-stream]
Saving to: ‘physionet.org/files/ptb-xl/1.0.3/records100/00000/00089_lr.dat’

     0K .......... .......... ...                             100%  149K=0.2s

2026-07-30 10:22:58 (149 KB/s) - ‘physionet.org/files/ptb-xl/1.0.3/records100/00000/00089_lr.dat’ saved [24000/24000]

--2026-07-30 10:22:58--  https://physionet.org/files/ptb-xl/1.0.3/records100/00000/00089_lr.hea
Reusing existing connection to physionet.org:443.
HTTP request sent, awaiting response... 200 OK
Length: 597 [text/plain]
Saving to: ‘physionet.org/files/ptb-xl/1.0.3/records100/00000/00089_lr.hea’

     0K                                                       100% 1.09G=0s

2026-07-30 10:22:58 (1.09 GB/s) - ‘physionet.org/files/ptb-xl/1.0.3/records100/00000/00089_lr.hea’ saved [597/597]

--2026-07-30 10:22:58--  https://physionet.org/files/ptb-xl/1.0.3/records100/00000/00090_lr.dat
Reusing existing connection to physionet.org:443.
HTTP request sent, awaiting response... 200 OK
Length: 24000 (23K) [application/octet-stream]
Saving to: ‘physionet.org/files/ptb-xl/1.0.3/records100/00000/00090_lr.dat’

     0K .......... .......... ...                             100%  134K=0.2s

2026-07-30 10:22:59 (134 KB/s) - ‘physionet.org/files/ptb-xl/1.0.3/records100/00000/00090_lr.dat’ saved [24000/24000]

--2026-07-30 10:22:59--  https://physionet.org/files/ptb-xl/1.0.3/records100/00000/00090_lr.hea
Reusing existing connection to physionet.org:443.
HTTP request sent, awaiting response... 